# Tienda3D -- pieza del Hero, decimada de un .obj original de ~30MB/450K tris
# via grid-clustering (numpy, sandbox sin acceso a herramientas de compresion como
# gltfpack -- no habia red disponible). Sin normales/UV (no habia textura, el
# material lo aplica three.js en runtime, ver hero-object-scene.tsx).
v -0.2935 0.2709 0.0159
v -0.2953 0.2705 0.0249
v -0.2952 0.2683 0.0362
v -0.2960 0.2689 0.0482
v -0.2955 0.2695 0.0602
v -0.2938 0.2714 0.0684
v -0.2934 0.2853 0.0027
v -0.2966 0.2812 0.0115
v -0.2993 0.2806 0.0233
v -0.3003 0.2813 0.0359
v -0.3006 0.2813 0.0482
v -0.2988 0.2806 0.0612
v -0.2953 0.2816 0.0711
v -0.2960 0.2945 0.0019
v -0.3005 0.2944 0.0113
v -0.3028 0.2937 0.0236
v -0.3034 0.2941 0.0365
v -0.3032 0.2930 0.0480
v -0.3005 0.2930 0.0610
v -0.2954 0.2937 0.0724
v -0.2977 0.3073 -0.0005
v -0.3027 0.3066 0.0112
v -0.3044 0.3060 0.0243
v -0.3049 0.3057 0.0359
v -0.3043 0.3061 0.0477
v -0.3007 0.3060 0.0610
v -0.2956 0.3057 0.0716
v -0.2937 0.3211 -0.0085
v -0.2987 0.3192 -0.0014
v -0.3035 0.3187 0.0109
v -0.3045 0.3177 0.0241
v -0.3040 0.3187 0.0366
v -0.3024 0.3185 0.0485
v -0.2984 0.3182 0.0604
v -0.2944 0.3169 0.0695
v -0.2944 0.3318 -0.0086
v -0.2987 0.3317 -0.0017
v -0.3026 0.3311 0.0109
v -0.3030 0.3311 0.0235
v -0.3017 0.3301 0.0361
v -0.2986 0.3307 0.0482
v -0.2953 0.3292 0.0584
v -0.2943 0.3440 -0.0085
v -0.2979 0.3438 -0.0014
v -0.3007 0.3437 0.0116
v -0.3003 0.3430 0.0240
v -0.2978 0.3430 0.0361
v -0.2949 0.3416 0.0474
v -0.2930 0.3525 -0.0086
v -0.2958 0.3556 -0.0008
v -0.2976 0.3562 0.0105
v -0.2959 0.3570 0.0229
v -0.2945 0.3532 0.0339
v -0.2941 0.3731 -0.0122
v -0.2950 0.3717 -0.0013
v -0.2943 0.3687 0.0093
v -0.2939 0.3642 0.0194
v -0.2954 0.3819 -0.0116
v -0.2984 0.3813 -0.0014
v -0.2986 0.3805 0.0115
v -0.2974 0.3820 0.0233
v -0.2956 0.3845 0.0347
v -0.2946 0.3915 -0.0102
v -0.2964 0.3941 -0.0016
v -0.2983 0.3942 0.0111
v -0.2975 0.3945 0.0237
v -0.2950 0.3935 0.0352
v -0.2936 0.4037 0.0006
v -0.2941 0.4055 0.0107
v -0.2936 0.4055 0.0216
v -0.2928 0.4020 0.0306
v -0.2816 0.2482 0.0256
v -0.2824 0.2483 0.0355
v -0.2816 0.2480 0.0475
v -0.2820 0.2495 0.0577
v -0.2837 0.2576 0.0132
v -0.2869 0.2561 0.0238
v -0.2883 0.2560 0.0362
v -0.2884 0.2559 0.0486
v -0.2876 0.2570 0.0611
v -0.2845 0.2577 0.0728
v -0.2814 0.2601 0.0829
v -0.2843 0.2721 0.0026
v -0.2883 0.2679 0.0096
v -0.2920 0.2645 0.0225
v -0.2920 0.2639 0.0616
v -0.2896 0.2672 0.0736
v -0.2840 0.2692 0.0855
v -0.2873 0.2817 -0.0000
v -0.2925 0.2785 0.0058
v -0.2918 0.2801 0.0775
v -0.2870 0.2812 0.0857
v -0.2817 0.2816 0.0936
v -0.2820 0.2993 -0.0083
v -0.2878 0.2938 -0.0040
v -0.2922 0.2939 0.0778
v -0.2875 0.2938 0.0855
v -0.2818 0.2951 0.0938
v -0.2859 0.3073 -0.0099
v -0.2915 0.3044 -0.0062
v -0.2920 0.3072 0.0773
v -0.2858 0.3052 0.0863
v -0.2876 0.3182 -0.0120
v -0.2902 0.3191 0.0752
v -0.2842 0.3170 0.0845
v -0.2875 0.3307 -0.0141
v -0.2911 0.3327 0.0635
v -0.2861 0.3309 0.0728
v -0.2821 0.3277 0.0813
v -0.2870 0.3432 -0.0153
v -0.2914 0.3471 0.0499
v -0.2874 0.3435 0.0611
v -0.2827 0.3413 0.0700
v -0.2818 0.3614 -0.0248
v -0.2867 0.3577 -0.0145
v -0.2922 0.3615 -0.0058
v -0.2908 0.3584 0.0375
v -0.2873 0.3559 0.0486
v -0.2830 0.3536 0.0593
v -0.2857 0.3686 -0.0255
v -0.2898 0.3674 -0.0144
v -0.2915 0.3680 -0.0021
v -0.2920 0.3712 0.0115
v -0.2899 0.3712 0.0235
v -0.2854 0.3702 0.0360
v -0.2827 0.3661 0.0461
v -0.2863 0.3819 -0.0263
v -0.2922 0.3820 -0.0182
v -0.2912 0.3762 0.0262
v -0.2888 0.3782 0.0374
v -0.2869 0.3815 0.0483
v -0.2826 0.3829 0.0581
v -0.2844 0.3942 -0.0250
v -0.2901 0.3960 -0.0149
v -0.2923 0.3996 -0.0065
v -0.2920 0.3980 0.0402
v -0.2885 0.3949 0.0487
v -0.2829 0.3931 0.0584
v -0.2832 0.4054 -0.0242
v -0.2882 0.4070 -0.0142
v -0.2915 0.4089 -0.0032
v -0.2924 0.4120 0.0092
v -0.2923 0.4083 0.0268
v -0.2900 0.4069 0.0365
v -0.2848 0.4064 0.0483
v -0.2808 0.4078 0.0557
v -0.2817 0.4167 -0.0224
v -0.2849 0.4186 -0.0134
v -0.2881 0.4186 -0.0012
v -0.2890 0.4198 0.0111
v -0.2886 0.4186 0.0230
v -0.2856 0.4186 0.0360
v -0.2824 0.4166 0.0469
v -0.2822 0.4287 -0.0128
v -0.2837 0.4316 -0.0015
v -0.2843 0.4319 0.0113
v -0.2833 0.4306 0.0233
v -0.2820 0.4282 0.0334
v -0.2810 0.4387 0.0031
v -0.2813 0.4386 0.0114
v -0.2693 0.2367 0.0248
v -0.2693 0.2366 0.0375
v -0.2678 0.2367 0.0453
v -0.2727 0.2460 0.0133
v -0.2750 0.2423 0.0230
v -0.2756 0.2416 0.0355
v -0.2747 0.2425 0.0496
v -0.2745 0.2444 0.0617
v -0.2735 0.2466 0.0728
v -0.2698 0.2477 0.0833
v -0.2721 0.2608 0.0047
v -0.2754 0.2556 0.0080
v -0.2795 0.2521 0.0748
v -0.2751 0.2544 0.0866
v -0.2708 0.2583 0.0967
v -0.2745 0.2686 0.0021
v -0.2791 0.2642 0.0897
v -0.2737 0.2686 0.0988
v -0.2681 0.2720 0.1051
v -0.2744 0.2813 -0.0016
v -0.2756 0.2812 0.1004
v -0.2690 0.2819 0.1064
v -0.2779 0.2995 -0.0085
v -0.2738 0.2929 -0.0046
v -0.2751 0.2934 0.1005
v -0.2687 0.2937 0.1053
v -0.2747 0.3070 -0.0113
v -0.2798 0.3109 0.0921
v -0.2748 0.3053 0.0981
v -0.2752 0.3183 -0.0154
v -0.2773 0.3191 0.0909
v -0.2726 0.3172 0.0953
v -0.2697 0.3373 -0.0205
v -0.2754 0.3301 -0.0184
v -0.2792 0.3362 0.0771
v -0.2744 0.3307 0.0865
v -0.2697 0.3254 0.0935
v -0.2739 0.3440 -0.0211
v -0.2800 0.3448 -0.0197
v -0.2764 0.3442 0.0755
v -0.2714 0.3412 0.0820
v -0.2716 0.3588 -0.0349
v -0.2745 0.3556 -0.0253
v -0.2799 0.3553 -0.0199
v -0.2777 0.3582 0.0626
v -0.2734 0.3544 0.0711
v -0.2743 0.3697 -0.0361
v -0.2796 0.3635 -0.0312
v -0.2777 0.3717 0.0494
v -0.2720 0.3693 0.0599
v -0.2684 0.3661 0.0684
v -0.2745 0.3817 -0.0359
v -0.2793 0.3865 -0.0312
v -0.2791 0.3760 0.0512
v -0.2769 0.3796 0.0621
v -0.2719 0.3817 0.0705
v -0.2736 0.3944 -0.0365
v -0.2794 0.3945 -0.0312
v -0.2772 0.3958 0.0639
v -0.2721 0.3931 0.0702
v -0.2728 0.4065 -0.0361
v -0.2788 0.4074 -0.0294
v -0.2759 0.4065 0.0615
v -0.2698 0.4069 0.0687
v -0.2715 0.4184 -0.0359
v -0.2778 0.4197 -0.0276
v -0.2779 0.4213 0.0499
v -0.2730 0.4178 0.0595
v -0.2698 0.4280 -0.0343
v -0.2741 0.4311 -0.0265
v -0.2788 0.4340 -0.0152
v -0.2799 0.4368 0.0255
v -0.2785 0.4331 0.0366
v -0.2737 0.4315 0.0481
v -0.2698 0.4276 0.0566
v -0.2693 0.4413 -0.0231
v -0.2727 0.4437 -0.0136
v -0.2762 0.4443 -0.0009
v -0.2769 0.4451 0.0118
v -0.2762 0.4440 0.0230
v -0.2722 0.4437 0.0358
v -0.2694 0.4408 0.0455
v -0.2694 0.4512 -0.0099
v -0.2703 0.4526 -0.0011
v -0.2710 0.4526 0.0109
v -0.2696 0.4523 0.0224
v -0.2678 0.7481 -0.0010
v -0.2678 0.7481 0.0092
v -0.2680 0.7564 -0.0132
v -0.2680 0.7561 -0.0013
v -0.2680 0.7555 0.0117
v -0.2680 0.7573 0.0225
v -0.2677 0.7609 0.0316
v -0.2679 0.7695 -0.0209
v -0.2681 0.7688 -0.0138
v -0.2681 0.7683 -0.0010
v -0.2680 0.7686 0.0112
v -0.2680 0.7681 0.0231
v -0.2681 0.7683 0.0316
v -0.2681 0.7806 -0.0137
v -0.2683 0.7812 -0.0012
v -0.2682 0.7819 0.0114
v -0.2680 0.7818 0.0241
v -0.2680 0.7793 0.0313
v -0.2679 0.7885 -0.0098
v -0.2681 0.7905 0.0000
v -0.2680 0.7911 0.0107
v -0.2679 0.7901 0.0202
v -0.2590 0.2363 0.0158
v -0.2610 0.2328 0.0235
v -0.2616 0.2319 0.0363
v -0.2616 0.2338 0.0481
v -0.2591 0.2356 0.0607
v -0.2560 0.2369 0.0703
v -0.2621 0.2436 0.0112
v -0.2662 0.2391 0.0613
v -0.2618 0.2403 0.0738
v -0.2612 0.2449 0.0867
v -0.2590 0.2482 0.0946
v -0.2676 0.2614 0.0050
v -0.2617 0.2567 0.0075
v -0.2617 0.2552 0.1008
v -0.2575 0.2598 0.1063
v -0.2672 0.2693 0.0040
v -0.2608 0.2687 0.0094
v -0.2558 0.2728 0.0183
v -0.2668 0.2670 0.1044
v -0.2604 0.2687 0.1079
v -0.2663 0.2816 0.0025
v -0.2604 0.2808 0.0107
v -0.2561 0.2811 0.0213
v -0.2620 0.2807 0.1089
v -0.2640 0.2941 0.0009
v -0.2588 0.2931 0.0109
v -0.2561 0.2919 0.0211
v -0.2606 0.2936 0.1075
v -0.2652 0.3086 -0.0097
v -0.2599 0.3053 -0.0031
v -0.2559 0.3011 0.0074
v -0.2619 0.3081 0.1033
v -0.2602 0.3025 0.1058
v -0.2618 0.3187 -0.0123
v -0.2560 0.3142 -0.0057
v -0.2617 0.3178 0.0982
v -0.2665 0.3370 -0.0203
v -0.2611 0.3304 -0.0169
v -0.2620 0.3341 0.0907
v -0.2607 0.3288 0.0942
v -0.2574 0.3485 -0.0343
v -0.2609 0.3458 -0.0236
v -0.2577 0.3393 -0.0193
v -0.2618 0.3430 0.0867
v -0.2619 0.3557 -0.0377
v -0.2654 0.3505 -0.0265
v -0.2629 0.3591 0.0768
v -0.2594 0.3539 0.0823
v -0.2622 0.3689 -0.0410
v -0.2659 0.3716 0.0652
v -0.2609 0.3697 0.0731
v -0.2562 0.3741 0.0810
v -0.2569 0.3862 -0.0461
v -0.2620 0.3821 -0.0416
v -0.2650 0.3811 0.0766
v -0.2581 0.3816 0.0815
v -0.2572 0.3941 -0.0465
v -0.2648 0.3942 -0.0427
v -0.2621 0.3954 0.0760
v -0.2565 0.3920 0.0809
v -0.2590 0.4064 -0.0466
v -0.2656 0.4064 -0.0425
v -0.2620 0.4068 0.0749
v -0.2555 0.4038 0.0805
v -0.2570 0.4182 -0.0463
v -0.2631 0.4204 -0.0422
v -0.2650 0.4217 0.0641
v -0.2603 0.4178 0.0701
v -0.2624 0.4315 -0.0379
v -0.2670 0.4361 -0.0308
v -0.2675 0.4359 0.0534
v -0.2621 0.4315 0.0606
v -0.2582 0.4435 -0.0354
v -0.2620 0.4468 -0.0282
v -0.2676 0.4489 -0.0185
v -0.2663 0.4484 0.0402
v -0.2622 0.4452 0.0492
v -0.2588 0.4406 0.0569
v -0.2594 0.4517 -0.0239
v -0.2623 0.4552 -0.0140
v -0.2647 0.4564 -0.0023
v -0.2647 0.4573 0.0112
v -0.2636 0.4563 0.0239
v -0.2611 0.4543 0.0352
v -0.2571 0.4520 0.0448
v -0.2560 0.4650 -0.0117
v -0.2578 0.4665 -0.0019
v -0.2583 0.4666 0.0114
v -0.2567 0.4659 0.0226
v -0.2552 0.4636 0.0307
v -0.2565 0.7231 -0.0253
v -0.2578 0.7202 -0.0131
v -0.2586 0.7189 -0.0009
v -0.2588 0.7188 0.0119
v -0.2581 0.7194 0.0231
v -0.2570 0.7220 0.0348
v -0.2553 0.7237 0.0429
v -0.2569 0.7329 -0.0365
v -0.2600 0.7314 -0.0263
v -0.2612 0.7305 -0.0136
v -0.2605 0.7315 -0.0012
v -0.2602 0.7323 0.0111
v -0.2613 0.7307 0.0237
v -0.2610 0.7315 0.0351
v -0.2577 0.7322 0.0471
v -0.2558 0.7454 -0.0476
v -0.2601 0.7439 -0.0383
v -0.2613 0.7431 -0.0260
v -0.2619 0.7430 -0.0137
v -0.2635 0.7413 -0.0020
v -0.2639 0.7414 0.0118
v -0.2618 0.7424 0.0237
v -0.2608 0.7439 0.0357
v -0.2609 0.7434 0.0483
v -0.2572 0.7445 0.0571
v -0.2581 0.7572 -0.0486
v -0.2615 0.7554 -0.0383
v -0.2629 0.7558 -0.0259
v -0.2669 0.7530 -0.0166
v -0.2671 0.7520 0.0257
v -0.2626 0.7554 0.0372
v -0.2612 0.7559 0.0478
v -0.2583 0.7566 0.0600
v -0.2585 0.7690 -0.0501
v -0.2607 0.7685 -0.0374
v -0.2635 0.7683 -0.0284
v -0.2652 0.7690 0.0387
v -0.2609 0.7694 0.0475
v -0.2594 0.7684 0.0602
v -0.2583 0.7810 -0.0499
v -0.2613 0.7819 -0.0385
v -0.2623 0.7824 -0.0272
v -0.2674 0.7853 -0.0174
v -0.2673 0.7871 0.0286
v -0.2638 0.7825 0.0374
v -0.2610 0.7822 0.0473
v -0.2595 0.7811 0.0593
v -0.2573 0.7930 -0.0482
v -0.2614 0.7937 -0.0383
v -0.2605 0.7935 -0.0256
v -0.2630 0.7953 -0.0145
v -0.2659 0.7965 -0.0021
v -0.2657 0.7971 0.0119
v -0.2639 0.7952 0.0244
v -0.2609 0.7940 0.0355
v -0.2617 0.7943 0.0480
v -0.2581 0.7925 0.0584
v -0.2589 0.8054 -0.0379
v -0.2618 0.8064 -0.0264
v -0.2609 0.8061 -0.0140
v -0.2605 0.8055 -0.0014
v -0.2604 0.8052 0.0116
v -0.2605 0.8060 0.0234
v -0.2618 0.8071 0.0359
v -0.2595 0.8059 0.0477
v -0.2561 0.8030 0.0561
v -0.2565 0.8142 -0.0347
v -0.2582 0.8181 -0.0248
v -0.2607 0.8185 -0.0136
v -0.2611 0.8193 -0.0014
v -0.2612 0.8194 0.0111
v -0.2602 0.8195 0.0240
v -0.2586 0.8178 0.0354
v -0.2563 0.8154 0.0448
v -0.2562 0.8264 -0.0119
v -0.2566 0.8277 -0.0014
v -0.2569 0.8275 0.0109
v -0.2561 0.8270 0.0207
v -0.2521 0.2363 0.0165
v -0.2486 0.2318 0.0237
v -0.2485 0.2284 0.0355
v -0.2481 0.2294 0.0490
v -0.2476 0.2324 0.0616
v -0.2477 0.2358 0.0724
v -0.2497 0.2442 0.0140
v -0.2437 0.2425 0.0187
v -0.2515 0.2381 0.0776
v -0.2483 0.2418 0.0864
v -0.2486 0.2474 0.0956
v -0.2509 0.2551 0.0133
v -0.2449 0.2583 0.0213
v -0.2474 0.2540 0.1023
v -0.2489 0.2596 0.1065
v -0.2536 0.2657 0.0161
v -0.2502 0.2681 0.0239
v -0.2467 0.2700 0.0351
v -0.2442 0.2722 0.0470
v -0.2429 0.2738 0.0563
v -0.2428 0.2738 0.1049
v -0.2481 0.2682 0.1081
v -0.2544 0.2798 0.0273
v -0.2524 0.2808 0.0361
v -0.2490 0.2813 0.0484
v -0.2456 0.2817 0.0607
v -0.2435 0.2839 0.0713
v -0.2437 0.2817 0.1042
v -0.2491 0.2811 0.1081
v -0.2550 0.2985 0.0154
v -0.2543 0.2950 0.0262
v -0.2523 0.2942 0.0364
v -0.2501 0.2936 0.0488
v -0.2477 0.2933 0.0612
v -0.2449 0.2939 0.0737
v -0.2437 0.2951 0.0854
v -0.2457 0.2940 0.0993
v -0.2512 0.2918 0.1068
v -0.2537 0.3083 0.0025
v -0.2508 0.3064 0.0117
v -0.2477 0.3054 0.0233
v -0.2471 0.3030 0.0358
v -0.2458 0.3021 0.0484
v -0.2446 0.3018 0.0603
v -0.2434 0.3034 0.0735
v -0.2438 0.3063 0.0861
v -0.2488 0.3053 0.0982
v -0.2534 0.3227 -0.0090
v -0.2491 0.3190 -0.0016
v -0.2449 0.3151 0.0097
v -0.2428 0.3128 0.0182
v -0.2441 0.3150 0.0909
v -0.2493 0.3185 0.0948
v -0.2502 0.3316 -0.0122
v -0.2450 0.3278 -0.0055
v -0.2476 0.3341 0.0916
v -0.2495 0.3278 0.0933
v -0.2477 0.3463 -0.0355
v -0.2481 0.3424 -0.0256
v -0.2475 0.3410 -0.0168
v -0.2480 0.3430 0.0893
v -0.2484 0.3561 -0.0400
v -0.2478 0.3565 0.0840
v -0.2428 0.3749 -0.0451
v -0.2480 0.3694 -0.0433
v -0.2519 0.3664 0.0783
v -0.2476 0.3692 0.0837
v -0.2482 0.3823 -0.0473
v -0.2515 0.3776 -0.0436
v -0.2483 0.3822 0.0860
v -0.2487 0.3941 -0.0498
v -0.2531 0.3955 0.0795
v -0.2481 0.3947 0.0834
v -0.2481 0.4066 -0.0512
v -0.2514 0.4112 0.0786
v -0.2476 0.4053 0.0831
v -0.2483 0.4195 -0.0498
v -0.2487 0.4196 0.0749
v -0.2478 0.4313 -0.0475
v -0.2531 0.4352 -0.0432
v -0.2518 0.4347 0.0647
v -0.2474 0.4303 0.0695
v -0.2442 0.4399 -0.0464
v -0.2490 0.4444 -0.0400
v -0.2537 0.4491 -0.0316
v -0.2517 0.4493 0.0537
v -0.2472 0.4450 0.0600
v -0.2456 0.4546 -0.0360
v -0.2516 0.4577 -0.0277
v -0.2535 0.4602 0.0382
v -0.2486 0.4550 0.0491
v -0.2436 0.4514 0.0555
v -0.2429 0.4639 -0.0335
v -0.2469 0.4679 -0.0253
v -0.2519 0.4695 -0.0146
v -0.2540 0.4722 -0.0015
v -0.2542 0.4727 0.0105
v -0.2520 0.4716 0.0245
v -0.2490 0.4683 0.0357
v -0.2443 0.4659 0.0443
v -0.2433 0.4767 -0.0225
v -0.2456 0.4799 -0.0132
v -0.2475 0.4815 -0.0018
v -0.2480 0.4812 0.0116
v -0.2456 0.4812 0.0231
v -0.2435 0.4776 0.0331
v -0.2434 0.4924 -0.0103
v -0.2448 0.4935 -0.0011
v -0.2449 0.4940 0.0108
v -0.2439 0.4916 0.0224
v -0.2455 0.7105 -0.0243
v -0.2480 0.7081 -0.0136
v -0.2482 0.7062 -0.0006
v -0.2484 0.7061 0.0110
v -0.2476 0.7070 0.0236
v -0.2468 0.7097 0.0346
v -0.2480 0.7205 -0.0374
v -0.2509 0.7164 -0.0272
v -0.2538 0.7144 -0.0148
v -0.2549 0.7131 -0.0028
v -0.2551 0.7132 0.0162
v -0.2544 0.7137 0.0246
v -0.2523 0.7155 0.0369
v -0.2484 0.7192 0.0482
v -0.2470 0.7236 0.0552
v -0.2476 0.7317 -0.0489
v -0.2519 0.7282 -0.0414
v -0.2534 0.7285 0.0526
v -0.2483 0.7316 0.0599
v -0.2455 0.7460 -0.0587
v -0.2504 0.7422 -0.0530
v -0.2506 0.7417 0.0638
v -0.2455 0.7451 0.0692
v -0.2472 0.7558 -0.0610
v -0.2535 0.7571 -0.0554
v -0.2538 0.7536 0.0656
v -0.2481 0.7561 0.0716
v -0.2481 0.7689 -0.0623
v -0.2546 0.7696 -0.0558
v -0.2485 0.7692 0.0729
v -0.2475 0.7818 -0.0622
v -0.2536 0.7835 -0.0559
v -0.2541 0.7826 0.0664
v -0.2479 0.7814 0.0726
v -0.2465 0.7930 -0.0604
v -0.2524 0.7946 -0.0539
v -0.2527 0.7956 0.0641
v -0.2463 0.7942 0.0710
v -0.2438 0.8028 -0.0584
v -0.2488 0.8068 -0.0516
v -0.2539 0.8108 -0.0424
v -0.2541 0.8112 0.0529
v -0.2497 0.8069 0.0617
v -0.2445 0.8039 0.0687
v -0.2450 0.8172 -0.0481
v -0.2499 0.8201 -0.0389
v -0.2534 0.8227 -0.0294
v -0.2534 0.8236 0.0384
v -0.2501 0.8205 0.0490
v -0.2455 0.8172 0.0592
v -0.2447 0.8285 -0.0356
v -0.2478 0.8307 -0.0256
v -0.2501 0.8325 -0.0141
v -0.2509 0.8340 -0.0013
v -0.2509 0.8340 0.0114
v -0.2499 0.8329 0.0242
v -0.2475 0.8314 0.0355
v -0.2444 0.8287 0.0474
v -0.2435 0.8388 -0.0136
v -0.2444 0.8400 -0.0010
v -0.2445 0.8398 0.0110
v -0.2434 0.8391 0.0228
v -0.2395 0.2353 0.0265
v -0.2365 0.2323 0.0364
v -0.2352 0.2312 0.0488
v -0.2352 0.2332 0.0608
v -0.2366 0.2361 0.0712
v -0.2380 0.2438 0.0244
v -0.2320 0.2431 0.0328
v -0.2335 0.2399 0.0768
v -0.2358 0.2444 0.0859
v -0.2395 0.2484 0.0942
v -0.2393 0.2542 0.0253
v -0.2346 0.2569 0.0353
v -0.2317 0.2600 0.0455
v -0.2310 0.2552 0.0904
v -0.2364 0.2570 0.0975
v -0.2403 0.2645 0.0373
v -0.2374 0.2668 0.0490
v -0.2360 0.2695 0.0612
v -0.2342 0.2705 0.0727
v -0.2330 0.2699 0.0856
v -0.2366 0.2685 0.0985
v -0.2423 0.2719 0.1053
v -0.2419 0.2758 0.0651
v -0.2404 0.2783 0.0749
v -0.2393 0.2813 0.0862
v -0.2403 0.2805 0.0977
v -0.2306 0.2983 0.0749
v -0.2395 0.2913 0.0853
v -0.2418 0.2886 0.0952
v -0.2407 0.3105 0.0282
v -0.2384 0.3093 0.0370
v -0.2366 0.3084 0.0489
v -0.2354 0.3072 0.0614
v -0.2369 0.3046 0.0729
v -0.2352 0.3060 0.0858
v -0.2312 0.3100 0.0929
v -0.2417 0.3241 0.0016
v -0.2372 0.3206 0.0122
v -0.2351 0.3165 0.0234
v -0.2325 0.3140 0.0350
v -0.2305 0.3131 0.0481
v -0.2305 0.3131 0.0566
v -0.2391 0.3138 0.0916
v -0.2355 0.3185 0.0941
v -0.2333 0.3358 -0.0242
v -0.2337 0.3355 -0.0142
v -0.2358 0.3317 -0.0013
v -0.2332 0.3269 0.0070
v -0.2360 0.3346 0.0909
v -0.2354 0.3287 0.0935
v -0.2358 0.3445 -0.0347
v -0.2366 0.3389 -0.0285
v -0.2385 0.3390 -0.0129
v -0.2321 0.3382 -0.0050
v -0.2356 0.3427 0.0865
v -0.2355 0.3567 -0.0394
v -0.2355 0.3570 0.0833
v -0.2354 0.3735 -0.0460
v -0.2355 0.3673 -0.0428
v -0.2365 0.3681 0.0882
v -0.2363 0.3814 -0.0491
v -0.2357 0.3818 0.0887
v -0.2363 0.3936 -0.0529
v -0.2360 0.3941 0.0874
v -0.2358 0.4064 -0.0548
v -0.2369 0.4067 0.0844
v -0.2358 0.4193 -0.0537
v -0.2367 0.4215 0.0777
v -0.2354 0.4149 0.0810
v -0.2351 0.4329 -0.0514
v -0.2352 0.4315 0.0733
v -0.2352 0.4419 -0.0473
v -0.2397 0.4467 -0.0432
v -0.2368 0.4449 0.0636
v -0.2344 0.4399 0.0688
v -0.2312 0.4541 -0.0457
v -0.2370 0.4567 -0.0415
v -0.2394 0.4602 0.0529
v -0.2354 0.4552 0.0581
v -0.2357 0.4685 -0.0373
v -0.2408 0.4716 -0.0305
v -0.2416 0.4736 0.0402
v -0.2361 0.4691 0.0489
v -0.2314 0.4640 0.0554
v -0.2317 0.4784 -0.0353
v -0.2366 0.4818 -0.0272
v -0.2409 0.4849 -0.0164
v -0.2418 0.4846 0.0277
v -0.2365 0.4831 0.0372
v -0.2327 0.4792 0.0442
v -0.2305 0.4965 -0.0334
v -0.2353 0.4933 -0.0261
v -0.2407 0.4946 -0.0162
v -0.2425 0.4983 -0.0066
v -0.2424 0.4986 0.0163
v -0.2411 0.4970 0.0260
v -0.2381 0.4934 0.0359
v -0.2322 0.4934 0.0450
v -0.2303 0.5006 -0.0333
v -0.2332 0.5051 -0.0256
v -0.2368 0.5058 -0.0141
v -0.2387 0.5059 -0.0020
v -0.2392 0.5056 0.0108
v -0.2375 0.5058 0.0242
v -0.2346 0.5047 0.0356
v -0.2312 0.5034 0.0437
v -0.2314 0.5139 -0.0119
v -0.2325 0.5145 -0.0003
v -0.2324 0.5149 0.0112
v -0.2317 0.5142 0.0226
v -0.2306 0.5130 0.0308
v -0.2358 0.7095 -0.0256
v -0.2356 0.7049 -0.0139
v -0.2360 0.7025 -0.0013
v -0.2359 0.7024 0.0115
v -0.2357 0.7042 0.0232
v -0.2366 0.7090 0.0364
v -0.2310 0.7124 0.0431
v -0.2328 0.7235 -0.0453
v -0.2363 0.7181 -0.0387
v -0.2378 0.7130 -0.0317
v -0.2360 0.7173 0.0496
v -0.2377 0.7237 0.0567
v -0.2363 0.7303 -0.0508
v -0.2352 0.7309 0.0626
v -0.2359 0.7448 -0.0595
v -0.2372 0.7388 -0.0565
v -0.2360 0.7379 0.0672
v -0.2364 0.7444 0.0702
v -0.2365 0.7561 -0.0632
v -0.2369 0.7557 0.0741
v -0.2357 0.7687 -0.0653
v -0.2357 0.7684 0.0761
v -0.2364 0.7823 -0.0651
v -0.2362 0.7813 0.0759
v -0.2357 0.7940 -0.0628
v -0.2364 0.7938 0.0734
v -0.2366 0.8039 -0.0591
v -0.2370 0.8098 -0.0561
v -0.2358 0.8108 0.0667
v -0.2359 0.8050 0.0695
v -0.2361 0.8200 -0.0501
v -0.2357 0.8193 0.0611
v -0.2351 0.8269 -0.0462
v -0.2363 0.8309 -0.0389
v -0.2369 0.8361 -0.0293
v -0.2375 0.8363 0.0398
v -0.2361 0.8312 0.0487
v -0.2366 0.8262 0.0551
v -0.2359 0.8392 -0.0235
v -0.2363 0.8423 -0.0136
v -0.2360 0.8444 -0.0005
v -0.2362 0.8442 0.0121
v -0.2362 0.8419 0.0242
v -0.2358 0.8390 0.0339
v -0.2300 0.2364 0.0409
v -0.2285 0.2360 0.0490
v -0.2284 0.2365 0.0595
v -0.2286 0.2446 0.0391
v -0.2255 0.2433 0.0484
v -0.2243 0.2432 0.0605
v -0.2258 0.2451 0.0729
v -0.2283 0.2477 0.0819
v -0.2285 0.2522 0.0413
v -0.2268 0.2552 0.0497
v -0.2248 0.2566 0.0610
v -0.2247 0.2570 0.0734
v -0.2276 0.2573 0.0844
v -0.2291 0.2643 0.0636
v -0.2281 0.2644 0.0729
v -0.2289 0.2642 0.0829
v -0.2199 0.2849 0.0748
v -0.2200 0.2848 0.0838
v -0.2212 0.2963 0.0644
v -0.2256 0.2925 0.0724
v -0.2251 0.2924 0.0864
v -0.2202 0.2953 0.0939
v -0.2236 0.3060 0.0600
v -0.2297 0.3008 0.0677
v -0.2280 0.3023 0.0909
v -0.2233 0.3064 0.0957
v -0.2284 0.3244 0.0162
v -0.2253 0.3228 0.0244
v -0.2235 0.3201 0.0371
v -0.2234 0.3195 0.0478
v -0.2224 0.3176 0.0567
v -0.2235 0.3182 0.0962
v -0.2233 0.3339 -0.0238
v -0.2233 0.3311 -0.0138
v -0.2236 0.3329 -0.0011
v -0.2229 0.3309 0.0104
v -0.2202 0.3275 0.0220
v -0.2182 0.3254 0.0327
v -0.2181 0.3261 0.0512
v -0.2187 0.3292 0.0607
v -0.2190 0.3349 0.0721
v -0.2223 0.3334 0.0875
v -0.2243 0.3271 0.0939
v -0.2258 0.3463 -0.0338
v -0.2224 0.3413 -0.0301
v -0.2287 0.3378 -0.0029
v -0.2181 0.3388 0.0670
v -0.2214 0.3431 0.0746
v -0.2267 0.3418 0.0821
v -0.2235 0.3561 -0.0369
v -0.2181 0.3501 -0.0321
v -0.2263 0.3508 0.0784
v -0.2235 0.3564 0.0846
v -0.2247 0.3738 -0.0457
v -0.2235 0.3669 -0.0419
v -0.2230 0.3699 0.0891
v -0.2231 0.3811 -0.0487
v -0.2227 0.3823 0.0878
v -0.2239 0.3943 -0.0535
v -0.2237 0.3935 0.0889
v -0.2240 0.4065 -0.0560
v -0.2241 0.4058 0.0850
v -0.2234 0.4184 -0.0552
v -0.2235 0.4226 0.0788
v -0.2232 0.4163 0.0812
v -0.2231 0.4315 -0.0530
v -0.2225 0.4330 0.0739
v -0.2234 0.4438 -0.0502
v -0.2252 0.4460 0.0660
v -0.2232 0.4404 0.0687
v -0.2227 0.4565 -0.0487
v -0.2231 0.4568 0.0622
v -0.2212 0.4678 -0.0469
v -0.2271 0.4692 -0.0433
v -0.2261 0.4725 0.0534
v -0.2232 0.4677 0.0572
v -0.2182 0.4759 -0.0457
v -0.2236 0.4819 -0.0393
v -0.2300 0.4860 -0.0310
v -0.2240 0.4819 0.0487
v -0.2192 0.4753 0.0554
v -0.2234 0.4939 -0.0363
v -0.2277 0.4896 -0.0313
v -0.2234 0.4923 0.0495
v -0.2191 0.4986 0.0553
v -0.2232 0.5053 -0.0376
v -0.2287 0.5099 -0.0302
v -0.2291 0.5103 0.0406
v -0.2250 0.5058 0.0500
v -0.2186 0.5039 0.0558
v -0.2206 0.5155 -0.0351
v -0.2230 0.5184 -0.0267
v -0.2258 0.5198 -0.0148
v -0.2266 0.5214 -0.0018
v -0.2263 0.5221 0.0109
v -0.2263 0.5205 0.0230
v -0.2240 0.5188 0.0359
v -0.2207 0.5157 0.0481
v -0.2181 0.5255 -0.0226
v -0.2195 0.5271 -0.0126
v -0.2202 0.5285 -0.0010
v -0.2196 0.5297 0.0106
v -0.2200 0.5277 0.0229
v -0.2188 0.5261 0.0327
v -0.2231 0.7092 -0.0255
v -0.2228 0.7045 -0.0134
v -0.2234 0.7024 -0.0017
v -0.2229 0.7023 0.0108
v -0.2234 0.7044 0.0235
v -0.2236 0.7088 0.0357
v -0.2225 0.7239 -0.0457
v -0.2228 0.7182 -0.0391
v -0.2202 0.7130 -0.0318
v -0.2238 0.7169 0.0488
v -0.2229 0.7238 0.0565
v -0.2227 0.7306 -0.0513
v -0.2224 0.7308 0.0621
v -0.2215 0.7445 -0.0601
v -0.2234 0.7386 -0.0566
v -0.2242 0.7377 0.0668
v -0.2237 0.7435 0.0696
v -0.2227 0.7556 -0.0639
v -0.2236 0.7560 0.0739
v -0.2228 0.7684 -0.0661
v -0.2236 0.7692 0.0759
v -0.2227 0.7813 -0.0660
v -0.2237 0.7818 0.0757
v -0.2224 0.7944 -0.0635
v -0.2239 0.7938 0.0735
v -0.2219 0.8053 -0.0593
v -0.2233 0.8110 -0.0562
v -0.2229 0.8114 0.0663
v -0.2240 0.8049 0.0696
v -0.2227 0.8188 -0.0508
v -0.2236 0.8194 0.0607
v -0.2230 0.8309 -0.0385
v -0.2218 0.8362 -0.0301
v -0.2228 0.8365 0.0400
v -0.2231 0.8308 0.0491
v -0.2274 0.8261 0.0552
v -0.2225 0.8392 -0.0240
v -0.2226 0.8426 -0.0148
v -0.2232 0.8450 -0.0012
v -0.2234 0.8449 0.0111
v -0.2227 0.8427 0.0236
v -0.2222 0.8394 0.0337
v -0.2112 0.2837 0.0742
v -0.2112 0.2835 0.0848
v -0.2108 0.2945 0.0646
v -0.2091 0.2887 0.0688
v -0.2088 0.2893 0.0913
v -0.2113 0.2945 0.0949
v -0.2104 0.3061 0.0615
v -0.2101 0.3061 0.0968
v -0.2116 0.3179 0.0617
v -0.2067 0.3220 0.0712
v -0.2078 0.3215 0.0879
v -0.2123 0.3170 0.0953
v -0.2148 0.3349 -0.0224
v -0.2104 0.3307 -0.0135
v -0.2109 0.3268 -0.0014
v -0.2114 0.3270 0.0112
v -0.2113 0.3280 0.0236
v -0.2118 0.3286 0.0362
v -0.2113 0.3306 0.0483
v -0.2122 0.3335 0.0599
v -0.2124 0.3293 0.0732
v -0.2127 0.3288 0.0842
v -0.2160 0.3254 0.0925
v -0.2112 0.3438 -0.0251
v -0.2061 0.3392 -0.0183
v -0.2133 0.3383 0.0647
v -0.2114 0.3436 0.0734
v -0.2119 0.3498 0.0802
v -0.2141 0.3587 -0.0347
v -0.2092 0.3542 -0.0296
v -0.2078 0.3514 0.0792
v -0.2115 0.3571 0.0833
v -0.2112 0.3684 -0.0378
v -0.2057 0.3687 0.0799
v -0.2105 0.3698 0.0839
v -0.2135 0.3841 -0.0472
v -0.2099 0.3800 -0.0426
v -0.2114 0.3816 0.0865
v -0.2106 0.3948 -0.0497
v -0.2057 0.3893 -0.0448
v -0.2105 0.3934 0.0858
v -0.2113 0.4068 -0.0529
v -0.2109 0.4062 0.0825
v -0.2108 0.4194 -0.0543
v -0.2100 0.4202 0.0781
v -0.2145 0.4157 0.0806
v -0.2115 0.4302 -0.0524
v -0.2105 0.4314 0.0722
v -0.2112 0.4437 -0.0524
v -0.2109 0.4484 0.0669
v -0.2110 0.4417 0.0684
v -0.2107 0.4554 -0.0520
v -0.2108 0.4561 0.0648
v -0.2120 0.4681 -0.0500
v -0.2106 0.4688 0.0607
v -0.2101 0.4805 -0.0473
v -0.2154 0.4838 -0.0437
v -0.2143 0.4831 0.0534
v -0.2095 0.4807 0.0568
v -0.2079 0.4917 -0.0463
v -0.2133 0.4948 -0.0419
v -0.2142 0.4946 0.0528
v -0.2087 0.4928 0.0566
v -0.2115 0.5062 -0.0396
v -0.2087 0.5030 0.0538
v -0.2115 0.5064 0.0568
v -0.2108 0.5181 -0.0374
v -0.2160 0.5233 -0.0312
v -0.2141 0.5208 0.0506
v -0.2087 0.5164 0.0569
v -0.2075 0.5266 -0.0343
v -0.2106 0.5308 -0.0259
v -0.2135 0.5330 -0.0134
v -0.2140 0.5348 -0.0009
v -0.2142 0.5352 0.0110
v -0.2134 0.5344 0.0236
v -0.2119 0.5317 0.0363
v -0.2084 0.5286 0.0477
v -0.2067 0.5387 -0.0145
v -0.2080 0.5402 -0.0014
v -0.2087 0.5401 0.0111
v -0.2076 0.5397 0.0234
v -0.2063 0.5382 0.0325
v -0.2056 0.6858 -0.0386
v -0.2065 0.6837 -0.0263
v -0.2077 0.6831 -0.0131
v -0.2076 0.6819 -0.0016
v -0.2075 0.6820 0.0116
v -0.2071 0.6831 0.0231
v -0.2065 0.6855 0.0341
v -0.2060 0.6979 -0.0604
v -0.2072 0.6947 -0.0507
v -0.2093 0.6936 -0.0385
v -0.2113 0.6938 -0.0265
v -0.2125 0.6936 -0.0142
v -0.2129 0.6931 -0.0012
v -0.2127 0.6933 0.0112
v -0.2117 0.6937 0.0237
v -0.2097 0.6940 0.0363
v -0.2071 0.6942 0.0479
v -0.2061 0.6977 0.0570
v -0.2063 0.7096 -0.0731
v -0.2081 0.7057 -0.0635
v -0.2113 0.7057 -0.0518
v -0.2141 0.7063 -0.0395
v -0.2159 0.7057 -0.0267
v -0.2163 0.7029 -0.0141
v -0.2163 0.7013 -0.0029
v -0.2161 0.7017 0.0122
v -0.2155 0.7037 0.0246
v -0.2144 0.7066 0.0367
v -0.2116 0.7059 0.0480
v -0.2082 0.7058 0.0606
v -0.2067 0.7098 0.0706
v -0.2058 0.7215 -0.0839
v -0.2082 0.7186 -0.0755
v -0.2122 0.7186 -0.0635
v -0.2151 0.7177 -0.0515
v -0.2169 0.7152 -0.0392
v -0.2160 0.7132 0.0423
v -0.2149 0.7167 0.0499
v -0.2124 0.7185 0.0610
v -0.2086 0.7185 0.0733
v -0.2062 0.7211 0.0822
v -0.2072 0.7315 -0.0863
v -0.2112 0.7311 -0.0757
v -0.2151 0.7309 -0.0635
v -0.2168 0.7274 -0.0543
v -0.2150 0.7299 0.0623
v -0.2114 0.7311 0.0739
v -0.2072 0.7317 0.0852
v -0.2057 0.7458 -0.0954
v -0.2086 0.7433 -0.0881
v -0.2134 0.7439 -0.0758
v -0.2165 0.7425 -0.0657
v -0.2160 0.7388 0.0665
v -0.2136 0.7430 0.0726
v -0.2078 0.7438 0.0868
v -0.2058 0.7561 -0.0976
v -0.2098 0.7558 -0.0889
v -0.2151 0.7557 -0.0751
v -0.2173 0.7541 -0.0681
v -0.2137 0.7555 0.0743
v -0.2090 0.7563 0.0850
v -0.2056 0.7579 0.0928
v -0.2065 0.7689 -0.0977
v -0.2106 0.7683 -0.0890
v -0.2154 0.7694 -0.0765
v -0.2134 0.7683 0.0758
v -0.2084 0.7689 0.0862
v -0.2057 0.7650 0.0926
v -0.2063 0.7809 -0.0981
v -0.2105 0.7822 -0.0889
v -0.2156 0.7817 -0.0759
v -0.2129 0.7817 0.0759
v -0.2079 0.7809 0.0866
v -0.2052 0.7861 0.0925
v -0.2060 0.7933 -0.0969
v -0.2103 0.7940 -0.0873
v -0.2145 0.7944 -0.0761
v -0.2173 0.7946 -0.0677
v -0.2127 0.7947 0.0741
v -0.2078 0.7934 0.0855
v -0.2055 0.8038 -0.0951
v -0.2084 0.8063 -0.0876
v -0.2131 0.8064 -0.0753
v -0.2164 0.8067 -0.0648
v -0.2147 0.8105 0.0660
v -0.2122 0.8069 0.0724
v -0.2071 0.8063 0.0854
v -0.2065 0.8178 -0.0865
v -0.2100 0.8189 -0.0768
v -0.2144 0.8188 -0.0636
v -0.2168 0.8203 -0.0538
v -0.2145 0.8198 0.0622
v -0.2107 0.8190 0.0729
v -0.2068 0.8187 0.0831
v -0.2058 0.8267 -0.0829
v -0.2075 0.8313 -0.0750
v -0.2113 0.8319 -0.0630
v -0.2150 0.8306 -0.0510
v -0.2167 0.8333 -0.0399
v -0.2172 0.8368 -0.0312
v -0.2160 0.8366 0.0406
v -0.2153 0.8327 0.0493
v -0.2128 0.8309 0.0612
v -0.2085 0.8308 0.0741
v -0.2061 0.8286 0.0814
v -0.2059 0.8397 -0.0723
v -0.2077 0.8436 -0.0629
v -0.2110 0.8433 -0.0515
v -0.2137 0.8431 -0.0395
v -0.2158 0.8438 -0.0260
v -0.2166 0.8460 -0.0141
v -0.2167 0.8478 -0.0015
v -0.2167 0.8472 0.0129
v -0.2159 0.8463 0.0243
v -0.2152 0.8434 0.0357
v -0.2125 0.8441 0.0487
v -0.2100 0.8429 0.0604
v -0.2067 0.8427 0.0711
v -0.2057 0.8517 -0.0605
v -0.2071 0.8554 -0.0503
v -0.2098 0.8554 -0.0382
v -0.2116 0.8562 -0.0266
v -0.2132 0.8562 -0.0136
v -0.2139 0.8561 -0.0017
v -0.2137 0.8564 0.0111
v -0.2127 0.8565 0.0233
v -0.2110 0.8560 0.0365
v -0.2087 0.8557 0.0488
v -0.2067 0.8537 0.0595
v -0.2064 0.8647 -0.0376
v -0.2074 0.8672 -0.0255
v -0.2081 0.8688 -0.0145
v -0.2091 0.8685 -0.0019
v -0.2089 0.8689 0.0118
v -0.2080 0.8685 0.0241
v -0.2070 0.8669 0.0353
v -0.2059 0.8646 0.0460
v -0.2056 0.8753 -0.0097
v -0.2057 0.8763 0.0006
v -0.2058 0.8759 0.0100
v -0.1930 0.0244 0.0374
v -0.1928 0.0242 0.0441
v -0.1930 0.0311 0.0267
v -0.1935 0.0312 0.0361
v -0.1932 0.0320 0.0473
v -0.1933 0.2243 0.0368
v -0.1930 0.2246 0.0439
v -0.1948 0.2335 0.0274
v -0.1985 0.2315 0.0358
v -0.1972 0.2317 0.0482
v -0.1950 0.2331 0.0606
v -0.1935 0.2346 0.0688
v -0.1952 0.2430 0.0275
v -0.2002 0.2440 0.0358
v -0.1995 0.2441 0.0486
v -0.1958 0.2444 0.0605
v -0.1936 0.2414 0.0694
v -0.1951 0.2530 0.0361
v -0.1946 0.2540 0.0484
v -0.1953 0.2588 0.0619
v -0.1942 0.2560 0.0705
v -0.1961 0.2699 0.0510
v -0.1961 0.2677 0.0582
v -0.1945 0.2790 0.0492
v -0.2044 0.2862 0.0770
v -0.2042 0.2863 0.0822
v -0.2034 0.2983 0.0674
v -0.2016 0.2940 0.0739
v -0.2013 0.2940 0.0852
v -0.2035 0.2985 0.0925
v -0.2039 0.3065 0.0660
v -0.2001 0.3056 0.0732
v -0.1996 0.3061 0.0850
v -0.2033 0.3057 0.0929
v -0.2051 0.3129 0.0655
v -0.2029 0.3166 0.0735
v -0.2027 0.3160 0.0849
v -0.2047 0.3130 0.0925
v -0.2028 0.3340 -0.0102
v -0.1997 0.3313 -0.0008
v -0.1980 0.3290 0.0108
v -0.1984 0.3275 0.0233
v -0.1987 0.3287 0.0359
v -0.1984 0.3324 0.0481
v -0.2013 0.3352 0.0586
v -0.2035 0.3483 -0.0220
v -0.1994 0.3433 -0.0129
v -0.1944 0.3433 -0.0022
v -0.1933 0.3390 0.0516
v -0.1970 0.3420 0.0618
v -0.2009 0.3455 0.0696
v -0.2009 0.3574 -0.0238
v -0.1960 0.3540 -0.0147
v -0.1934 0.3501 -0.0065
v -0.1934 0.3532 0.0666
v -0.1983 0.3568 0.0733
v -0.2040 0.3604 0.0800
v -0.2028 0.3725 -0.0350
v -0.1972 0.3684 -0.0276
v -0.1936 0.3627 -0.0186
v -0.1979 0.3675 0.0766
v -0.2014 0.3733 0.0812
v -0.1986 0.3813 -0.0373
v -0.1945 0.3769 -0.0316
v -0.1942 0.3809 0.0774
v -0.2011 0.3814 0.0825
v -0.2015 0.3974 -0.0465
v -0.1972 0.3925 -0.0425
v -0.1961 0.3947 0.0772
v -0.2018 0.3932 0.0815
v -0.1988 0.4067 -0.0489
v -0.1944 0.4002 -0.0450
v -0.1981 0.4066 0.0767
v -0.2036 0.4025 0.0806
v -0.1985 0.4196 -0.0507
v -0.1934 0.4243 0.0672
v -0.1982 0.4194 0.0740
v -0.1986 0.4309 -0.0507
v -0.1951 0.4311 0.0665
v -0.2010 0.4297 0.0695
v -0.1994 0.4437 -0.0527
v -0.1978 0.4444 0.0663
v -0.2028 0.4412 0.0677
v -0.1989 0.4567 -0.0532
v -0.1984 0.4563 0.0646
v -0.1987 0.4692 -0.0521
v -0.1982 0.4691 0.0615
v -0.1991 0.4802 -0.0509
v -0.1989 0.4805 0.0605
v -0.1990 0.4932 -0.0498
v -0.1990 0.4930 0.0608
v -0.1973 0.5046 -0.0469
v -0.2016 0.5091 -0.0426
v -0.2026 0.5099 0.0543
v -0.1989 0.5056 0.0580
v -0.1991 0.5189 -0.0384
v -0.1983 0.5143 0.0548
v -0.1982 0.5189 0.0571
v -0.1982 0.5282 -0.0344
v -0.1983 0.5346 -0.0300
v -0.1996 0.5328 0.0494
v -0.1965 0.5270 0.0565
v -0.1975 0.5396 -0.0242
v -0.1995 0.5436 -0.0133
v -0.1987 0.5468 -0.0016
v -0.1996 0.5469 0.0118
v -0.1987 0.5456 0.0243
v -0.1988 0.5414 0.0358
v -0.1958 0.5380 0.0440
v -0.1935 0.5503 0.0092
v -0.1933 0.6615 -0.0229
v -0.1939 0.6605 -0.0122
v -0.1943 0.6601 -0.0015
v -0.1946 0.6605 0.0117
v -0.1939 0.6606 0.0238
v -0.1932 0.6616 0.0335
v -0.1930 0.6736 -0.0611
v -0.1945 0.6718 -0.0515
v -0.1960 0.6696 -0.0390
v -0.1978 0.6688 -0.0264
v -0.1988 0.6681 -0.0144
v -0.2004 0.6692 -0.0010
v -0.1999 0.6684 0.0112
v -0.1990 0.6686 0.0236
v -0.1973 0.6688 0.0361
v -0.1953 0.6696 0.0476
v -0.1943 0.6732 0.0586
v -0.1944 0.6840 -0.0739
v -0.1967 0.6812 -0.0632
v -0.2006 0.6817 -0.0506
v -0.2016 0.6791 -0.0400
v -0.2033 0.6779 -0.0270
v -0.2040 0.6765 -0.0143
v -0.2041 0.6752 -0.0022
v -0.2041 0.6755 0.0117
v -0.2037 0.6767 0.0245
v -0.2031 0.6795 0.0363
v -0.2011 0.6814 0.0489
v -0.1974 0.6809 0.0611
v -0.1944 0.6824 0.0723
v -0.1947 0.6951 -0.0863
v -0.1985 0.6936 -0.0760
v -0.2023 0.6932 -0.0650
v -0.2040 0.6893 -0.0531
v -0.2044 0.6908 0.0527
v -0.2026 0.6928 0.0617
v -0.1990 0.6935 0.0737
v -0.1952 0.6950 0.0852
v -0.1933 0.6982 0.0929
v -0.1945 0.7078 -0.0979
v -0.1987 0.7066 -0.0886
v -0.2029 0.7044 -0.0769
v -0.2049 0.7018 0.0666
v -0.2033 0.7046 0.0749
v -0.1999 0.7065 0.0857
v -0.1949 0.7070 0.0972
v -0.1966 0.7185 -0.1007
v -0.2026 0.7182 -0.0889
v -0.2051 0.7132 -0.0796
v -0.2050 0.7130 0.0787
v -0.2026 0.7172 0.0879
v -0.1968 0.7183 0.0998
v -0.1929 0.7224 0.1068
v -0.1943 0.7322 -0.1101
v -0.2000 0.7304 -0.1009
v -0.2043 0.7292 -0.0918
v -0.2042 0.7281 0.0903
v -0.2002 0.7309 0.0983
v -0.1942 0.7316 0.1065
v -0.1956 0.7439 -0.1124
v -0.2021 0.7426 -0.1016
v -0.2005 0.7436 0.0999
v -0.1943 0.7422 0.1066
v -0.1961 0.7557 -0.1143
v -0.2026 0.7565 -0.1039
v -0.2003 0.7561 0.1007
v -0.1942 0.7562 0.1060
v -0.1936 0.7716 -0.1202
v -0.1971 0.7684 -0.1141
v -0.2030 0.7695 -0.1046
v -0.2006 0.7681 0.1002
v -0.1945 0.7688 0.1054
v -0.1936 0.7794 -0.1201
v -0.1970 0.7819 -0.1144
v -0.2029 0.7816 -0.1046
v -0.1999 0.7809 0.1005
v -0.1934 0.7832 0.1053
v -0.1963 0.7946 -0.1138
v -0.2028 0.7938 -0.1031
v -0.2047 0.7967 0.0923
v -0.2000 0.7936 0.0995
v -0.1934 0.7942 0.1052
v -0.1957 0.8061 -0.1119
v -0.2019 0.8068 -0.1011
v -0.2042 0.8070 0.0918
v -0.1992 0.8060 0.0996
v -0.1934 0.8069 0.1052
v -0.1944 0.8161 -0.1103
v -0.1992 0.8184 -0.1012
v -0.2037 0.8205 -0.0912
v -0.2040 0.8187 0.0895
v -0.1980 0.8192 0.0994
v -0.1934 0.8162 0.1051
v -0.1958 0.8308 -0.1005
v -0.2015 0.8322 -0.0888
v -0.2044 0.8363 -0.0794
v -0.2023 0.8322 0.0882
v -0.1970 0.8310 0.0984
v -0.1939 0.8419 -0.0965
v -0.1977 0.8445 -0.0876
v -0.2027 0.8449 -0.0763
v -0.2043 0.8472 -0.0697
v -0.2038 0.8456 0.0765
v -0.2003 0.8437 0.0862
v -0.1951 0.8436 0.0967
v -0.1942 0.8542 -0.0862
v -0.1985 0.8557 -0.0761
v -0.2027 0.8565 -0.0641
v -0.2040 0.8605 -0.0549
v -0.2037 0.8588 0.0634
v -0.2010 0.8565 0.0740
v -0.1964 0.8557 0.0861
v -0.1935 0.8533 0.0943
v -0.1951 0.8662 -0.0736
v -0.1977 0.8686 -0.0639
v -0.2014 0.8693 -0.0508
v -0.2033 0.8712 -0.0390
v -0.2044 0.8735 -0.0275
v -0.2049 0.8741 0.0293
v -0.2040 0.8724 0.0389
v -0.2027 0.8703 0.0492
v -0.2003 0.8682 0.0612
v -0.1964 0.8681 0.0730
v -0.1940 0.8648 0.0833
v -0.1939 0.8781 -0.0617
v -0.1961 0.8804 -0.0506
v -0.1987 0.8811 -0.0383
v -0.2006 0.8816 -0.0269
v -0.2021 0.8818 -0.0142
v -0.2025 0.8825 -0.0016
v -0.2024 0.8827 0.0105
v -0.2021 0.8812 0.0239
v -0.2002 0.8812 0.0360
v -0.1972 0.8814 0.0491
v -0.1948 0.8796 0.0608
v -0.1933 0.8767 0.0701
v -0.1934 0.8878 -0.0457
v -0.1940 0.8896 -0.0379
v -0.1949 0.8919 -0.0264
v -0.1960 0.8927 -0.0135
v -0.1961 0.8939 -0.0018
v -0.1962 0.8937 0.0107
v -0.1960 0.8924 0.0232
v -0.1948 0.8910 0.0361
v -0.1935 0.8895 0.0456
v -0.1817 0.0122 0.0161
v -0.1831 0.0116 0.0250
v -0.1846 0.0111 0.0361
v -0.1841 0.0106 0.0487
v -0.1830 0.0109 0.0600
v -0.1809 0.0116 0.0686
v -0.1813 0.0232 -0.0231
v -0.1829 0.0205 -0.0130
v -0.1850 0.0189 -0.0015
v -0.1869 0.0177 0.0109
v -0.1898 0.0179 0.0241
v -0.1909 0.0179 0.0364
v -0.1903 0.0185 0.0492
v -0.1875 0.0188 0.0613
v -0.1833 0.0201 0.0723
v -0.1817 0.0309 -0.0249
v -0.1846 0.0313 -0.0139
v -0.1877 0.0316 -0.0012
v -0.1905 0.0312 0.0112
v -0.1922 0.0314 0.0223
v -0.1922 0.0297 0.0534
v -0.1903 0.0322 0.0616
v -0.1853 0.0319 0.0733
v -0.1809 0.0336 0.0811
v -0.1809 0.0388 -0.0222
v -0.1818 0.0417 -0.0123
v -0.1835 0.0440 -0.0018
v -0.1871 0.0435 0.0107
v -0.1899 0.0432 0.0244
v -0.1909 0.0428 0.0361
v -0.1905 0.0433 0.0482
v -0.1883 0.0431 0.0610
v -0.1840 0.0429 0.0730
v -0.1808 0.0462 0.0801
v -0.1821 0.0565 0.0007
v -0.1854 0.0564 0.0115
v -0.1876 0.0568 0.0233
v -0.1887 0.0563 0.0351
v -0.1885 0.0560 0.0487
v -0.1869 0.0569 0.0609
v -0.1837 0.0572 0.0734
v -0.1809 0.0541 0.0801
v -0.1810 0.0661 0.0030
v -0.1823 0.0691 0.0113
v -0.1842 0.0696 0.0234
v -0.1853 0.0690 0.0362
v -0.1852 0.0681 0.0483
v -0.1837 0.0689 0.0612
v -0.1824 0.0671 0.0708
v -0.1810 0.0759 0.0162
v -0.1814 0.0772 0.0237
v -0.1816 0.0779 0.0352
v -0.1812 0.0771 0.0481
v -0.1808 0.0765 0.0592
v -0.1843 0.2238 0.0282
v -0.1864 0.2209 0.0355
v -0.1856 0.2211 0.0489
v -0.1848 0.2218 0.0605
v -0.1831 0.2232 0.0697
v -0.1861 0.2313 0.0240
v -0.1918 0.2259 0.0541
v -0.1912 0.2269 0.0623
v -0.1872 0.2311 0.0739
v -0.1864 0.2440 0.0233
v -0.1920 0.2491 0.0655
v -0.1874 0.2444 0.0762
v -0.1850 0.2536 0.0272
v -0.1872 0.2586 0.0350
v -0.1897 0.2582 0.0490
v -0.1906 0.2557 0.0613
v -0.1878 0.2557 0.0740
v -0.1838 0.2571 0.0849
v -0.1844 0.2692 0.0366
v -0.1890 0.2687 0.0461
v -0.1873 0.2696 0.0610
v -0.1826 0.2671 0.0710
v -0.1832 0.2798 0.0389
v -0.1880 0.2821 0.0490
v -0.1825 0.2785 0.0598
v -0.1847 0.2928 0.0497
v -0.1812 0.2979 0.0557
v -0.1811 0.3007 0.0533
v -0.1811 0.3006 0.0554
v -0.1917 0.3353 0.0137
v -0.1910 0.3347 0.0231
v -0.1914 0.3351 0.0360
v -0.1805 0.3449 -0.0111
v -0.1845 0.3445 0.0007
v -0.1854 0.3443 0.0111
v -0.1846 0.3442 0.0230
v -0.1857 0.3439 0.0354
v -0.1885 0.3437 0.0472
v -0.1910 0.3468 0.0581
v -0.1883 0.3566 -0.0098
v -0.1862 0.3542 -0.0009
v -0.1815 0.3528 0.0093
v -0.1821 0.3504 0.0392
v -0.1846 0.3524 0.0491
v -0.1880 0.3565 0.0605
v -0.1892 0.3623 0.0681
v -0.1896 0.3726 -0.0227
v -0.1866 0.3682 -0.0132
v -0.1824 0.3664 -0.0032
v -0.1830 0.3681 0.0637
v -0.1886 0.3687 0.0706
v -0.1893 0.3863 -0.0339
v -0.1861 0.3812 -0.0265
v -0.1820 0.3775 -0.0167
v -0.1819 0.3806 0.0644
v -0.1880 0.3814 0.0713
v -0.1867 0.3944 -0.0373
v -0.1818 0.3901 -0.0298
v -0.1819 0.3941 0.0652
v -0.1879 0.3939 0.0707
v -0.1892 0.4086 -0.0462
v -0.1843 0.4056 -0.0421
v -0.1818 0.4060 0.0651
v -0.1881 0.4054 0.0701
v -0.1890 0.4175 -0.0466
v -0.1836 0.4175 -0.0420
v -0.1846 0.4202 0.0632
v -0.1890 0.4179 0.0693
v -0.1863 0.4313 -0.0478
v -0.1809 0.4274 -0.0442
v -0.1865 0.4313 0.0632
v -0.1866 0.4435 -0.0510
v -0.1854 0.4436 0.0631
v -0.1862 0.4569 -0.0524
v -0.1865 0.4561 0.0626
v -0.1860 0.4688 -0.0521
v -0.1862 0.4686 0.0616
v -0.1865 0.4812 -0.0538
v -0.1863 0.4818 0.0640
v -0.1859 0.4929 -0.0535
v -0.1866 0.4938 0.0643
v -0.1862 0.5059 -0.0506
v -0.1858 0.5061 0.0627
v -0.1844 0.5170 -0.0470
v -0.1894 0.5214 -0.0424
v -0.1913 0.5233 0.0548
v -0.1871 0.5188 0.0582
v -0.1864 0.5306 -0.0374
v -0.1897 0.5359 -0.0302
v -0.1877 0.5327 0.0507
v -0.1865 0.5273 0.0558
v -0.1817 0.5384 -0.0339
v -0.1860 0.5424 -0.0255
v -0.1883 0.5470 -0.0149
v -0.1913 0.5491 -0.0034
v -0.1909 0.5488 0.0248
v -0.1877 0.5455 0.0366
v -0.1852 0.5405 0.0451
v -0.1833 0.5522 -0.0117
v -0.1855 0.5537 -0.0015
v -0.1863 0.5544 0.0108
v -0.1852 0.5537 0.0227
v -0.1826 0.5517 0.0327
v -0.1809 0.6484 -0.0366
v -0.1820 0.6476 -0.0263
v -0.1831 0.6470 -0.0130
v -0.1828 0.6457 -0.0006
v -0.1828 0.6455 0.0106
v -0.1831 0.6467 0.0234
v -0.1821 0.6472 0.0359
v -0.1813 0.6487 0.0468
v -0.1808 0.6614 -0.0715
v -0.1827 0.6593 -0.0619
v -0.1841 0.6568 -0.0509
v -0.1870 0.6566 -0.0386
v -0.1881 0.6551 -0.0266
v -0.1891 0.6542 -0.0139
v -0.1899 0.6541 -0.0007
v -0.1899 0.6539 0.0113
v -0.1895 0.6545 0.0243
v -0.1887 0.6556 0.0361
v -0.1867 0.6565 0.0489
v -0.1836 0.6568 0.0606
v -0.1816 0.6601 0.0729
v -0.1823 0.6725 -0.0855
v -0.1849 0.6695 -0.0757
v -0.1879 0.6678 -0.0647
v -0.1902 0.6654 -0.0518
v -0.1913 0.6634 -0.0421
v -0.1913 0.6642 0.0510
v -0.1899 0.6670 0.0616
v -0.1869 0.6688 0.0731
v -0.1831 0.6702 0.0845
v -0.1812 0.6742 0.0936
v -0.1821 0.6844 -0.0984
v -0.1858 0.6811 -0.0887
v -0.1907 0.6792 -0.0764
v -0.1920 0.6759 -0.0683
v -0.1909 0.6779 0.0758
v -0.1880 0.6806 0.0862
v -0.1834 0.6821 0.0978
v -0.1809 0.6868 0.1070
v -0.1818 0.6964 -0.1097
v -0.1856 0.6939 -0.1010
v -0.1907 0.6907 -0.0901
v -0.1913 0.6910 0.0904
v -0.1887 0.6935 0.0984
v -0.1829 0.6944 0.1095
v -0.1844 0.7065 -0.1124
v -0.1892 0.7053 -0.1035
v -0.1907 0.7039 0.1030
v -0.1849 0.7066 0.1118
v -0.1821 0.7202 -0.1228
v -0.1878 0.7186 -0.1143
v -0.1910 0.7161 -0.1068
v -0.1925 0.7130 0.1049
v -0.1862 0.7185 0.1110
v -0.1837 0.7320 -0.1255
v -0.1904 0.7306 -0.1163
v -0.1819 0.7351 0.1040
v -0.1871 0.7302 0.1086
v -0.1812 0.7470 -0.1326
v -0.1860 0.7431 -0.1260
v -0.1916 0.7419 -0.1185
v -0.1828 0.7438 0.1017
v -0.1894 0.7423 0.1069
v -0.1817 0.7574 -0.1339
v -0.1875 0.7569 -0.1269
v -0.1922 0.7509 -0.1199
v -0.1842 0.7559 0.1006
v -0.1909 0.7560 0.1057
v -0.1820 0.7687 -0.1346
v -0.1887 0.7700 -0.1268
v -0.1859 0.7690 0.1009
v -0.1912 0.7662 0.1051
v -0.1823 0.7815 -0.1343
v -0.1882 0.7811 -0.1272
v -0.1861 0.7810 0.1009
v -0.1809 0.7938 -0.1347
v -0.1872 0.7941 -0.1270
v -0.1856 0.7934 0.1012
v -0.1912 0.7955 0.1051
v -0.1812 0.8029 -0.1328
v -0.1860 0.8060 -0.1262
v -0.1915 0.8069 -0.1184
v -0.1846 0.8061 0.1017
v -0.1908 0.8059 0.1054
v -0.1835 0.8182 -0.1255
v -0.1899 0.8195 -0.1162
v -0.1831 0.8175 0.1026
v -0.1889 0.8200 0.1059
v -0.1817 0.8302 -0.1227
v -0.1871 0.8318 -0.1142
v -0.1912 0.8341 -0.1067
v -0.1843 0.8285 0.1044
v -0.1868 0.8323 0.1069
v -0.1833 0.8435 -0.1129
v -0.1897 0.8443 -0.1023
v -0.1910 0.8445 0.1031
v -0.1847 0.8435 0.1086
v -0.1809 0.8524 -0.1105
v -0.1855 0.8556 -0.1009
v -0.1908 0.8588 -0.0893
v -0.1893 0.8570 0.0994
v -0.1833 0.8554 0.1085
v -0.1820 0.8662 -0.0980
v -0.1864 0.8691 -0.0882
v -0.1900 0.8707 -0.0791
v -0.1924 0.8727 0.0781
v -0.1899 0.8702 0.0868
v -0.1849 0.8681 0.0989
v -0.1813 0.8656 0.1068
v -0.1825 0.8787 -0.0860
v -0.1863 0.8809 -0.0759
v -0.1905 0.8827 -0.0649
v -0.1919 0.8862 -0.0549
v -0.1915 0.8852 0.0621
v -0.1894 0.8815 0.0738
v -0.1843 0.8812 0.0864
v -0.1815 0.8776 0.0964
v -0.1821 0.8899 -0.0734
v -0.1848 0.8934 -0.0630
v -0.1883 0.8940 -0.0511
v -0.1903 0.8960 -0.0384
v -0.1912 0.8982 -0.0269
v -0.1924 0.8986 -0.0163
v -0.1915 0.8996 0.0264
v -0.1909 0.8972 0.0377
v -0.1896 0.8950 0.0485
v -0.1869 0.8937 0.0601
v -0.1836 0.8921 0.0722
v -0.1807 0.8899 0.0826
v -0.1811 0.9014 -0.0591
v -0.1824 0.9037 -0.0501
v -0.1840 0.9057 -0.0386
v -0.1861 0.9062 -0.0261
v -0.1876 0.9062 -0.0141
v -0.1885 0.9061 -0.0020
v -0.1882 0.9066 0.0116
v -0.1877 0.9059 0.0234
v -0.1850 0.9067 0.0364
v -0.1836 0.9045 0.0481
v -0.1818 0.9018 0.0600
v -0.1811 0.9131 -0.0259
v -0.1817 0.9146 -0.0126
v -0.1819 0.9154 -0.0006
v -0.1823 0.9148 0.0119
v -0.1815 0.9146 0.0232
v -0.1810 0.9132 0.0331
v -0.1736 0.0118 0.0121
v -0.1740 0.0106 0.0237
v -0.1733 0.0095 0.0362
v -0.1744 0.0088 0.0495
v -0.1738 0.0084 0.0613
v -0.1742 0.0093 0.0727
v -0.1707 0.0105 0.0830
v -0.1700 0.0229 -0.0496
v -0.1727 0.0208 -0.0384
v -0.1751 0.0190 -0.0266
v -0.1748 0.0159 -0.0148
v -0.1742 0.0138 -0.0026
v -0.1781 0.0128 0.0073
v -0.1788 0.0164 0.0776
v -0.1737 0.0188 0.0862
v -0.1693 0.0225 0.0932
v -0.1689 0.0323 -0.0601
v -0.1727 0.0313 -0.0513
v -0.1774 0.0313 -0.0386
v -0.1797 0.0343 -0.0309
v -0.1760 0.0319 0.0874
v -0.1695 0.0315 0.0947
v -0.1688 0.0413 -0.0592
v -0.1706 0.0446 -0.0511
v -0.1742 0.0445 -0.0389
v -0.1771 0.0448 -0.0269
v -0.1789 0.0471 -0.0145
v -0.1762 0.0432 0.0860
v -0.1692 0.0443 0.0949
v -0.1684 0.0554 -0.0475
v -0.1710 0.0555 -0.0382
v -0.1740 0.0561 -0.0270
v -0.1773 0.0559 -0.0144
v -0.1792 0.0585 -0.0051
v -0.1756 0.0567 0.0870
v -0.1696 0.0568 0.0946
v -0.1679 0.0639 -0.0463
v -0.1694 0.0691 -0.0381
v -0.1720 0.0690 -0.0271
v -0.1749 0.0686 -0.0134
v -0.1778 0.0691 -0.0018
v -0.1799 0.0735 0.0068
v -0.1765 0.0704 0.0755
v -0.1718 0.0671 0.0849
v -0.1682 0.0635 0.0925
v -0.1684 0.0799 -0.0348
v -0.1700 0.0810 -0.0261
v -0.1720 0.0814 -0.0137
v -0.1743 0.0810 0.0002
v -0.1769 0.0819 0.0101
v -0.1781 0.0832 0.0228
v -0.1781 0.0840 0.0362
v -0.1778 0.0832 0.0485
v -0.1763 0.0825 0.0613
v -0.1728 0.0786 0.0716
v -0.1686 0.0758 0.0801
v -0.1684 0.0904 -0.0241
v -0.1691 0.0924 -0.0133
v -0.1696 0.0916 -0.0013
v -0.1705 0.0919 0.0105
v -0.1715 0.0926 0.0233
v -0.1718 0.0922 0.0358
v -0.1718 0.0917 0.0490
v -0.1707 0.0904 0.0592
v -0.1681 0.1331 -0.0342
v -0.1692 0.1312 -0.0262
v -0.1701 0.1307 -0.0139
v -0.1695 0.1303 -0.0010
v -0.1684 0.1325 0.0085
v -0.1684 0.1422 -0.0340
v -0.1699 0.1436 -0.0265
v -0.1713 0.1435 -0.0140
v -0.1710 0.1429 -0.0015
v -0.1690 0.1436 0.0113
v -0.1679 0.1514 -0.0339
v -0.1696 0.1571 -0.0263
v -0.1718 0.1574 -0.0141
v -0.1722 0.1570 -0.0010
v -0.1707 0.1565 0.0108
v -0.1690 0.1589 0.0222
v -0.1686 0.1687 -0.0355
v -0.1713 0.1688 -0.0265
v -0.1734 0.1685 -0.0143
v -0.1740 0.1690 -0.0019
v -0.1729 0.1682 0.0112
v -0.1706 0.1698 0.0242
v -0.1692 0.1709 0.0348
v -0.1683 0.1731 0.0437
v -0.1687 0.1811 -0.0352
v -0.1716 0.1820 -0.0263
v -0.1740 0.1809 -0.0137
v -0.1747 0.1816 -0.0005
v -0.1739 0.1814 0.0113
v -0.1724 0.1820 0.0243
v -0.1716 0.1817 0.0357
v -0.1688 0.1808 0.0454
v -0.1686 0.1912 -0.0334
v -0.1705 0.1944 -0.0256
v -0.1730 0.1942 -0.0140
v -0.1737 0.1946 -0.0011
v -0.1724 0.1955 0.0121
v -0.1708 0.1937 0.0238
v -0.1696 0.1911 0.0344
v -0.1684 0.2024 -0.0235
v -0.1691 0.2050 -0.0138
v -0.1701 0.2061 -0.0015
v -0.1696 0.2063 0.0113
v -0.1684 0.2068 0.0199
v -0.1690 0.2181 -0.0134
v -0.1706 0.2187 -0.0017
v -0.1704 0.2188 0.0109
v -0.1707 0.2203 0.0238
v -0.1741 0.2218 0.0362
v -0.1734 0.2204 0.0487
v -0.1738 0.2201 0.0616
v -0.1745 0.2228 0.0703
v -0.1692 0.2316 -0.0136
v -0.1709 0.2311 -0.0010
v -0.1707 0.2315 0.0115
v -0.1725 0.2308 0.0227
v -0.1689 0.2261 0.0319
v -0.1737 0.2312 0.0768
v -0.1691 0.2434 -0.0138
v -0.1707 0.2435 -0.0007
v -0.1707 0.2440 0.0111
v -0.1738 0.2442 0.0198
v -0.1728 0.2448 0.0784
v -0.1778 0.2423 0.0800
v -0.1689 0.2559 -0.0131
v -0.1703 0.2558 -0.0011
v -0.1702 0.2568 0.0121
v -0.1725 0.2561 0.0249
v -0.1773 0.2609 0.0311
v -0.1738 0.2511 0.0780
v -0.1744 0.2567 0.0855
v -0.1769 0.2621 0.0925
v -0.1685 0.2681 -0.0132
v -0.1697 0.2691 -0.0014
v -0.1696 0.2696 0.0108
v -0.1693 0.2682 0.0251
v -0.1767 0.2689 0.0313
v -0.1778 0.2718 0.0755
v -0.1756 0.2676 0.0868
v -0.1738 0.2695 0.0935
v -0.1683 0.2819 -0.0109
v -0.1691 0.2813 -0.0024
v -0.1690 0.2810 0.0107
v -0.1682 0.2798 0.0213
v -0.1746 0.2814 0.0341
v -0.1779 0.2836 0.0630
v -0.1744 0.2807 0.0731
v -0.1700 0.2806 0.0862
v -0.1703 0.2802 0.0939
v -0.1679 0.2925 -0.0106
v -0.1685 0.2934 -0.0006
v -0.1684 0.2930 0.0107
v -0.1679 0.2915 0.0183
v -0.1719 0.2911 0.0386
v -0.1741 0.2953 0.0473
v -0.1753 0.2941 0.0602
v -0.1697 0.2941 0.0721
v -0.1694 0.2935 0.0858
v -0.1690 0.2893 0.0928
v -0.1680 0.3030 0.0012
v -0.1679 0.3032 0.0084
v -0.1710 0.3005 0.0523
v -0.1742 0.3028 0.0607
v -0.1714 0.3030 0.0727
v -0.1697 0.3010 0.0813
v -0.1688 0.3231 -0.0367
v -0.1699 0.3220 -0.0248
v -0.1713 0.3219 -0.0140
v -0.1714 0.3211 -0.0017
v -0.1715 0.3213 0.0115
v -0.1710 0.3215 0.0225
v -0.1703 0.3221 0.0348
v -0.1690 0.3231 0.0490
v -0.1688 0.3342 -0.0589
v -0.1707 0.3318 -0.0507
v -0.1727 0.3303 -0.0389
v -0.1750 0.3306 -0.0266
v -0.1769 0.3310 -0.0134
v -0.1774 0.3299 -0.0012
v -0.1776 0.3305 0.0108
v -0.1765 0.3306 0.0236
v -0.1749 0.3302 0.0363
v -0.1734 0.3307 0.0486
v -0.1713 0.3308 0.0603
v -0.1694 0.3337 0.0718
v -0.1702 0.3448 -0.0618
v -0.1743 0.3430 -0.0516
v -0.1770 0.3427 -0.0392
v -0.1788 0.3433 -0.0265
v -0.1797 0.3418 -0.0162
v -0.1800 0.3384 0.0147
v -0.1795 0.3420 0.0240
v -0.1784 0.3435 0.0357
v -0.1768 0.3425 0.0485
v -0.1749 0.3432 0.0616
v -0.1712 0.3434 0.0740
v -0.1686 0.3470 0.0808
v -0.1705 0.3568 -0.0624
v -0.1742 0.3568 -0.0511
v -0.1758 0.3565 -0.0390
v -0.1766 0.3567 -0.0264
v -0.1772 0.3567 -0.0139
v -0.1769 0.3577 -0.0015
v -0.1772 0.3588 0.0109
v -0.1727 0.3619 0.0228
v -0.1745 0.3581 0.0375
v -0.1753 0.3570 0.0479
v -0.1732 0.3568 0.0608
v -0.1710 0.3566 0.0732
v -0.1685 0.3559 0.0812
v -0.1691 0.3648 -0.0613
v -0.1698 0.3655 -0.0513
v -0.1698 0.3647 -0.0396
v -0.1698 0.3642 -0.0266
v -0.1693 0.3642 -0.0126
v -0.1733 0.3686 0.0003
v -0.1717 0.3676 0.0115
v -0.1707 0.3676 0.0235
v -0.1713 0.3681 0.0361
v -0.1737 0.3673 0.0486
v -0.1762 0.3684 0.0589
v -0.1687 0.3632 0.0711
v -0.1788 0.3861 -0.0221
v -0.1768 0.3822 -0.0127
v -0.1725 0.3821 -0.0009
v -0.1697 0.3798 0.0097
v -0.1685 0.3769 0.0238
v -0.1690 0.3791 0.0371
v -0.1721 0.3813 0.0484
v -0.1774 0.3819 0.0586
v -0.1787 0.3989 -0.0338
v -0.1749 0.3946 -0.0253
v -0.1703 0.3925 -0.0147
v -0.1685 0.3894 -0.0033
v -0.1702 0.3932 0.0496
v -0.1759 0.3943 0.0584
v -0.1764 0.4078 -0.0362
v -0.1705 0.4073 -0.0273
v -0.1693 0.4066 0.0513
v -0.1751 0.4072 0.0586
v -0.1753 0.4189 -0.0364
v -0.1698 0.4159 -0.0290
v -0.1711 0.4173 0.0504
v -0.1768 0.4180 0.0578
v -0.1782 0.4345 -0.0458
v -0.1729 0.4298 -0.0407
v -0.1699 0.4307 0.0532
v -0.1754 0.4315 0.0573
v -0.1747 0.4445 -0.0474
v -0.1691 0.4400 -0.0432
v -0.1684 0.4404 0.0543
v -0.1738 0.4446 0.0580
v -0.1734 0.4568 -0.0490
v -0.1736 0.4571 0.0582
v -0.1742 0.4684 -0.0519
v -0.1739 0.4685 0.0617
v -0.1732 0.4807 -0.0545
v -0.1737 0.4806 0.0649
v -0.1738 0.4938 -0.0548
v -0.1739 0.4933 0.0661
v -0.1738 0.5061 -0.0533
v -0.1744 0.5068 0.0651
v -0.1734 0.5188 -0.0497
v -0.1741 0.5181 0.0624
v -0.1719 0.5277 -0.0463
v -0.1756 0.5327 -0.0418
v -0.1758 0.5360 0.0536
v -0.1744 0.5295 0.0577
v -0.1725 0.5416 -0.0364
v -0.1756 0.5476 -0.0282
v -0.1800 0.5480 0.0410
v -0.1740 0.5436 0.0485
v -0.1729 0.5527 -0.0233
v -0.1737 0.5571 -0.0139
v -0.1756 0.5600 -0.0011
v -0.1763 0.5605 0.0119
v -0.1742 0.5595 0.0239
v -0.1743 0.5546 0.0351
v -0.1702 0.5501 0.0441
v -0.1695 0.5631 -0.0012
v -0.1701 0.5634 0.0100
v -0.1677 0.5627 0.0225
v -0.1690 0.6366 -0.0378
v -0.1702 0.6356 -0.0264
v -0.1709 0.6349 -0.0136
v -0.1716 0.6348 -0.0005
v -0.1715 0.6348 0.0110
v -0.1710 0.6349 0.0237
v -0.1703 0.6353 0.0358
v -0.1695 0.6364 0.0477
v -0.1683 0.6371 0.0563
v -0.1696 0.6484 -0.0730
v -0.1714 0.6459 -0.0622
v -0.1733 0.6440 -0.0502
v -0.1753 0.6431 -0.0395
v -0.1763 0.6415 -0.0263
v -0.1774 0.6410 -0.0137
v -0.1774 0.6401 -0.0016
v -0.1772 0.6400 0.0120
v -0.1775 0.6409 0.0237
v -0.1763 0.6412 0.0365
v -0.1748 0.6420 0.0491
v -0.1735 0.6439 0.0609
v -0.1712 0.6456 0.0721
v -0.1691 0.6479 0.0817
v -0.1685 0.6612 -0.0961
v -0.1711 0.6579 -0.0869
v -0.1745 0.6555 -0.0757
v -0.1772 0.6533 -0.0640
v -0.1793 0.6513 -0.0527
v -0.1789 0.6512 0.0626
v -0.1765 0.6537 0.0747
v -0.1731 0.6563 0.0865
v -0.1699 0.6596 0.0974
v -0.1687 0.6726 -0.1082
v -0.1718 0.6692 -0.1000
v -0.1769 0.6672 -0.0890
v -0.1797 0.6646 -0.0800
v -0.1780 0.6650 0.0886
v -0.1752 0.6687 0.0987
v -0.1701 0.6708 0.1097
v -0.1720 0.6827 -0.1125
v -0.1773 0.6797 -0.1023
v -0.1785 0.6775 0.1024
v -0.1748 0.6810 0.1117
v -0.1696 0.6835 0.1210
v -0.1701 0.6946 -0.1233
v -0.1758 0.6932 -0.1154
v -0.1790 0.6881 -0.1075
v -0.1779 0.6926 0.1154
v -0.1722 0.6941 0.1205
v -0.1686 0.7110 -0.1341
v -0.1731 0.7058 -0.1263
v -0.1785 0.7033 -0.1185
v -0.1740 0.7070 0.1151
v -0.1735 0.7014 0.1185
v -0.1701 0.7193 -0.1362
v -0.1760 0.7171 -0.1287
v -0.1714 0.7212 0.1043
v -0.1736 0.7174 0.1087
v -0.1724 0.7313 -0.1382
v -0.1783 0.7289 -0.1309
v -0.1735 0.7311 0.1027
v -0.1710 0.7270 0.1058
v -0.1686 0.7443 -0.1458
v -0.1749 0.7436 -0.1389
v -0.1744 0.7433 0.1004
v -0.1695 0.7559 -0.1470
v -0.1759 0.7562 -0.1402
v -0.1744 0.7556 0.0992
v -0.1698 0.7689 -0.1480
v -0.1757 0.7679 -0.1415
v -0.1745 0.7686 0.0988
v -0.1697 0.7819 -0.1482
v -0.1758 0.7819 -0.1416
v -0.1746 0.7821 0.0987
v -0.1695 0.7940 -0.1473
v -0.1756 0.7940 -0.1407
v -0.1750 0.7948 0.0982
v -0.1686 0.8045 -0.1466
v -0.1748 0.8064 -0.1393
v -0.1743 0.8069 0.0983
v -0.1730 0.8180 -0.1383
v -0.1785 0.8207 -0.1311
v -0.1737 0.8189 0.0989
v -0.1707 0.8303 -0.1362
v -0.1769 0.8324 -0.1279
v -0.1727 0.8312 0.1003
v -0.1783 0.8363 0.1056
v -0.1686 0.8399 -0.1340
v -0.1726 0.8437 -0.1271
v -0.1784 0.8465 -0.1179
v -0.1704 0.8418 0.1026
v -0.1760 0.8454 0.1087
v -0.1700 0.8551 -0.1233
v -0.1756 0.8568 -0.1147
v -0.1786 0.8616 -0.1069
v -0.1739 0.8565 0.1121
v -0.1713 0.8674 -0.1123
v -0.1765 0.8701 -0.1028
v -0.1791 0.8744 0.1038
v -0.1736 0.8684 0.1130
v -0.1689 0.8759 -0.1088
v -0.1720 0.8803 -0.1002
v -0.1767 0.8835 -0.0901
v -0.1789 0.8863 0.0916
v -0.1765 0.8829 0.0999
v -0.1710 0.8803 0.1105
v -0.1690 0.8888 -0.0958
v -0.1722 0.8926 -0.0869
v -0.1766 0.8948 -0.0770
v -0.1790 0.8989 -0.0684
v -0.1783 0.8974 0.0768
v -0.1757 0.8946 0.0866
v -0.1714 0.8926 0.0975
v -0.1683 0.8899 0.1062
v -0.1683 0.9007 -0.0834
v -0.1714 0.9038 -0.0740
v -0.1753 0.9065 -0.0640
v -0.1777 0.9097 -0.0517
v -0.1787 0.9117 -0.0427
v -0.1786 0.9102 0.0514
v -0.1772 0.9075 0.0614
v -0.1735 0.9062 0.0732
v -0.1704 0.9041 0.0838
v -0.1686 0.9006 0.0925
v -0.1704 0.9144 -0.0614
v -0.1720 0.9170 -0.0506
v -0.1743 0.9182 -0.0386
v -0.1755 0.9196 -0.0271
v -0.1770 0.9200 -0.0146
v -0.1771 0.9213 -0.0020
v -0.1767 0.9219 0.0110
v -0.1768 0.9204 0.0242
v -0.1754 0.9194 0.0363
v -0.1734 0.9181 0.0480
v -0.1713 0.9159 0.0599
v -0.1687 0.9143 0.0700
v -0.1687 0.9254 -0.0363
v -0.1699 0.9266 -0.0246
v -0.1703 0.9279 -0.0131
v -0.1706 0.9284 -0.0011
v -0.1703 0.9286 0.0117
v -0.1706 0.9275 0.0244
v -0.1695 0.9268 0.0348
v -0.1684 0.9255 0.0443
v -0.1612 0.0124 0.0042
v -0.1613 0.0117 0.0105
v -0.1609 0.0105 0.0236
v -0.1614 0.0095 0.0353
v -0.1619 0.0086 0.0484
v -0.1612 0.0078 0.0614
v -0.1615 0.0074 0.0741
v -0.1629 0.0084 0.0860
v -0.1585 0.0100 0.0946
v -0.1569 0.0241 -0.0711
v -0.1613 0.0230 -0.0627
v -0.1616 0.0204 -0.0517
v -0.1614 0.0182 -0.0389
v -0.1619 0.0164 -0.0265
v -0.1617 0.0146 -0.0134
v -0.1616 0.0131 -0.0021
v -0.1663 0.0141 0.0920
v -0.1614 0.0195 0.0988
v -0.1589 0.0310 -0.0753
v -0.1652 0.0307 -0.0665
v -0.1620 0.0318 0.1010
v -0.1565 0.0326 0.1053
v -0.1596 0.0435 -0.0757
v -0.1655 0.0444 -0.0644
v -0.1675 0.0490 -0.0560
v -0.1618 0.0432 0.1012
v -0.1561 0.0460 0.1058
v -0.1575 0.0552 -0.0738
v -0.1627 0.0557 -0.0630
v -0.1663 0.0557 -0.0535
v -0.1623 0.0575 0.1013
v -0.1569 0.0561 0.1061
v -0.1563 0.0688 -0.0720
v -0.1606 0.0685 -0.0637
v -0.1656 0.0693 -0.0508
v -0.1674 0.0739 -0.0427
v -0.1645 0.0717 0.0892
v -0.1604 0.0675 0.0970
v -0.1555 0.0793 -0.0704
v -0.1586 0.0815 -0.0634
v -0.1633 0.0824 -0.0513
v -0.1667 0.0828 -0.0396
v -0.1647 0.0841 0.0754
v -0.1601 0.0803 0.0853
v -0.1561 0.0756 0.0942
v -0.1571 0.0925 -0.0621
v -0.1611 0.0937 -0.0513
v -0.1649 0.0935 -0.0388
v -0.1665 0.0965 -0.0272
v -0.1673 0.0981 -0.0152
v -0.1673 0.0977 -0.0008
v -0.1661 0.0979 0.0123
v -0.1659 0.0988 0.0220
v -0.1657 0.0985 0.0368
v -0.1658 0.0980 0.0486
v -0.1628 0.0956 0.0611
v -0.1597 0.0913 0.0720
v -0.1563 0.0884 0.0802
v -0.1558 0.1016 -0.0600
v -0.1580 0.1053 -0.0511
v -0.1615 0.1058 -0.0392
v -0.1637 0.1061 -0.0265
v -0.1643 0.1066 -0.0136
v -0.1635 0.1063 -0.0013
v -0.1612 0.1063 0.0106
v -0.1601 0.1037 0.0234
v -0.1593 0.1036 0.0354
v -0.1598 0.1022 0.0487
v -0.1572 0.1011 0.0585
v -0.1566 0.1176 -0.0476
v -0.1592 0.1183 -0.0389
v -0.1621 0.1183 -0.0267
v -0.1635 0.1181 -0.0136
v -0.1632 0.1182 -0.0013
v -0.1606 0.1183 0.0116
v -0.1582 0.1209 0.0221
v -0.1562 0.1236 0.0305
v -0.1566 0.1344 -0.0603
v -0.1605 0.1303 -0.0508
v -0.1651 0.1297 -0.0401
v -0.1667 0.1257 -0.0282
v -0.1665 0.1290 0.0135
v -0.1629 0.1303 0.0237
v -0.1578 0.1311 0.0337
v -0.1571 0.1415 -0.0598
v -0.1618 0.1424 -0.0513
v -0.1664 0.1439 -0.0403
v -0.1674 0.1406 0.0165
v -0.1651 0.1429 0.0237
v -0.1592 0.1430 0.0357
v -0.1559 0.1482 0.0428
v -0.1569 0.1516 -0.0578
v -0.1600 0.1570 -0.0508
v -0.1654 0.1582 -0.0392
v -0.1661 0.1533 0.0253
v -0.1630 0.1558 0.0363
v -0.1590 0.1571 0.0480
v -0.1563 0.1594 0.0617
v -0.1562 0.1598 0.0686
v -0.1560 0.1707 -0.0580
v -0.1609 0.1689 -0.0505
v -0.1661 0.1676 -0.0411
v -0.1668 0.1651 0.0370
v -0.1643 0.1676 0.0485
v -0.1579 0.1690 0.0610
v -0.1561 0.1671 0.0701
v -0.1596 0.1818 -0.0518
v -0.1657 0.1813 -0.0418
v -0.1660 0.1823 0.0512
v -0.1604 0.1815 0.0604
v -0.1591 0.1940 -0.0494
v -0.1650 0.1947 -0.0392
v -0.1676 0.1988 -0.0310
v -0.1666 0.1992 0.0259
v -0.1638 0.1965 0.0367
v -0.1599 0.1931 0.0478
v -0.1573 0.1888 0.0569
v -0.1568 0.2031 -0.0471
v -0.1605 0.2059 -0.0385
v -0.1653 0.2067 -0.0270
v -0.1673 0.2082 -0.0189
v -0.1668 0.2057 0.0263
v -0.1637 0.2065 0.0359
v -0.1585 0.2068 0.0471
v -0.1552 0.2213 -0.0455
v -0.1594 0.2189 -0.0386
v -0.1655 0.2182 -0.0260
v -0.1676 0.2172 -0.0196
v -0.1672 0.2158 0.0282
v -0.1650 0.2192 0.0359
v -0.1610 0.2204 0.0484
v -0.1634 0.2229 0.0594
v -0.1567 0.2181 0.0754
v -0.1560 0.2332 -0.0455
v -0.1600 0.2307 -0.0386
v -0.1657 0.2309 -0.0264
v -0.1657 0.2263 0.0381
v -0.1613 0.2267 0.0488
v -0.1577 0.2294 0.0610
v -0.1621 0.2321 0.0718
v -0.1561 0.2432 -0.0458
v -0.1602 0.2438 -0.0389
v -0.1658 0.2429 -0.0261
v -0.1615 0.2441 0.0743
v -0.1587 0.2491 0.0805
v -0.1559 0.2559 -0.0466
v -0.1605 0.2569 -0.0384
v -0.1656 0.2555 -0.0264
v -0.1674 0.2595 -0.0200
v -0.1665 0.2510 0.0790
v -0.1612 0.2560 0.0853
v -0.1560 0.2682 -0.0465
v -0.1608 0.2686 -0.0377
v -0.1653 0.2690 -0.0266
v -0.1674 0.2695 -0.0188
v -0.1676 0.2738 0.0265
v -0.1628 0.2662 0.0906
v -0.1593 0.2715 0.0939
v -0.1560 0.2811 -0.0465
v -0.1602 0.2816 -0.0385
v -0.1652 0.2819 -0.0255
v -0.1673 0.2819 -0.0172
v -0.1671 0.2820 0.0267
v -0.1665 0.2849 0.0314
v -0.1641 0.2858 0.0888
v -0.1610 0.2805 0.0939
v -0.1560 0.2933 -0.0464
v -0.1596 0.2938 -0.0391
v -0.1644 0.2940 -0.0264
v -0.1669 0.2947 -0.0160
v -0.1666 0.2952 0.0251
v -0.1652 0.2949 0.0358
v -0.1666 0.2997 0.0430
v -0.1655 0.2942 0.0776
v -0.1623 0.2936 0.0861
v -0.1614 0.2879 0.0927
v -0.1561 0.3062 -0.0455
v -0.1594 0.3070 -0.0382
v -0.1638 0.3060 -0.0258
v -0.1664 0.3073 -0.0136
v -0.1674 0.3079 -0.0027
v -0.1674 0.3076 0.0125
v -0.1662 0.3066 0.0239
v -0.1635 0.3054 0.0370
v -0.1617 0.3055 0.0485
v -0.1613 0.3053 0.0604
v -0.1614 0.3023 0.0727
v -0.1626 0.3004 0.0807
v -0.1580 0.3240 -0.0602
v -0.1606 0.3220 -0.0502
v -0.1609 0.3188 -0.0390
v -0.1641 0.3183 -0.0271
v -0.1660 0.3174 -0.0135
v -0.1668 0.3157 -0.0022
v -0.1668 0.3158 0.0113
v -0.1661 0.3169 0.0234
v -0.1639 0.3171 0.0363
v -0.1606 0.3181 0.0489
v -0.1613 0.3210 0.0602
v -0.1591 0.3228 0.0721
v -0.1583 0.3329 -0.0736
v -0.1623 0.3298 -0.0644
v -0.1660 0.3261 -0.0542
v -0.1646 0.3279 0.0748
v -0.1597 0.3315 0.0851
v -0.1562 0.3469 -0.0831
v -0.1600 0.3430 -0.0766
v -0.1660 0.3417 -0.0676
v -0.1633 0.3429 0.0869
v -0.1570 0.3437 0.0944
v -0.1572 0.3574 -0.0847
v -0.1629 0.3566 -0.0761
v -0.1672 0.3566 -0.0687
v -0.1649 0.3565 0.0871
v -0.1586 0.3572 0.0955
v -0.1573 0.3704 -0.0858
v -0.1621 0.3694 -0.0758
v -0.1635 0.3712 -0.0632
v -0.1606 0.3713 -0.0505
v -0.1624 0.3694 -0.0387
v -0.1646 0.3692 -0.0262
v -0.1663 0.3697 -0.0141
v -0.1673 0.3700 -0.0020
v -0.1674 0.3716 0.0137
v -0.1669 0.3702 0.0238
v -0.1656 0.3682 0.0358
v -0.1638 0.3679 0.0485
v -0.1608 0.3690 0.0617
v -0.1618 0.3690 0.0734
v -0.1613 0.3692 0.0853
v -0.1578 0.3688 0.0954
v -0.1559 0.3770 -0.0848
v -0.1573 0.3775 -0.0752
v -0.1578 0.3762 -0.0657
v -0.1563 0.3818 -0.0484
v -0.1594 0.3820 -0.0394
v -0.1627 0.3817 -0.0267
v -0.1649 0.3820 -0.0140
v -0.1662 0.3813 -0.0005
v -0.1666 0.3823 0.0119
v -0.1664 0.3811 0.0231
v -0.1651 0.3829 0.0347
v -0.1617 0.3821 0.0482
v -0.1580 0.3818 0.0608
v -0.1554 0.3821 0.0678
v -0.1559 0.3934 -0.0462
v -0.1584 0.3934 -0.0386
v -0.1615 0.3938 -0.0260
v -0.1644 0.3956 -0.0129
v -0.1657 0.3918 -0.0025
v -0.1665 0.3892 0.0098
v -0.1645 0.3893 0.0287
v -0.1641 0.3934 0.0372
v -0.1612 0.3944 0.0485
v -0.1569 0.3935 0.0606
v -0.1554 0.4002 -0.0456
v -0.1569 0.4061 -0.0385
v -0.1610 0.4058 -0.0261
v -0.1639 0.4078 -0.0141
v -0.1624 0.4069 0.0381
v -0.1615 0.4069 0.0473
v -0.1562 0.4066 0.0573
v -0.1561 0.4186 -0.0363
v -0.1605 0.4200 -0.0250
v -0.1612 0.4163 -0.0171
v -0.1609 0.4184 0.0381
v -0.1597 0.4191 0.0470
v -0.1631 0.4325 -0.0353
v -0.1585 0.4296 -0.0276
v -0.1577 0.4306 0.0405
v -0.1611 0.4316 0.0465
v -0.1609 0.4444 -0.0387
v -0.1562 0.4388 -0.0312
v -0.1602 0.4447 0.0480
v -0.1626 0.4587 -0.0465
v -0.1605 0.4528 -0.0428
v -0.1610 0.4538 0.0521
v -0.1634 0.4594 0.0562
v -0.1615 0.4682 -0.0502
v -0.1609 0.4688 0.0601
v -0.1617 0.4816 -0.0535
v -0.1614 0.4817 0.0642
v -0.1609 0.4938 -0.0546
v -0.1611 0.4942 0.0661
v -0.1616 0.5059 -0.0542
v -0.1613 0.5065 0.0660
v -0.1618 0.5183 -0.0521
v -0.1618 0.5185 0.0640
v -0.1608 0.5302 -0.0482
v -0.1666 0.5357 -0.0436
v -0.1624 0.5313 0.0594
v -0.1622 0.5434 -0.0398
v -0.1617 0.5458 0.0510
v -0.1604 0.5391 0.0559
v -0.1589 0.5517 -0.0341
v -0.1618 0.5562 -0.0268
v -0.1646 0.5610 -0.0160
v -0.1644 0.5623 0.0276
v -0.1619 0.5585 0.0369
v -0.1611 0.5528 0.0448
v -0.1590 0.5659 -0.0120
v -0.1602 0.5675 -0.0017
v -0.1601 0.5686 0.0108
v -0.1609 0.5653 0.0225
v -0.1578 0.5630 0.0308
v -0.1557 0.5787 -0.0126
v -0.1562 0.5788 -0.0011
v -0.1561 0.5783 0.0102
v -0.1555 0.5776 0.0189
v -0.1559 0.6247 -0.0347
v -0.1568 0.6241 -0.0244
v -0.1572 0.6236 -0.0121
v -0.1572 0.6234 -0.0015
v -0.1572 0.6235 0.0117
v -0.1571 0.6238 0.0246
v -0.1571 0.6245 0.0358
v -0.1560 0.6246 0.0454
v -0.1573 0.6364 -0.0739
v -0.1595 0.6341 -0.0622
v -0.1611 0.6322 -0.0505
v -0.1613 0.6300 -0.0393
v -0.1631 0.6294 -0.0267
v -0.1635 0.6286 -0.0140
v -0.1636 0.6282 -0.0007
v -0.1634 0.6281 0.0116
v -0.1638 0.6288 0.0237
v -0.1631 0.6291 0.0359
v -0.1617 0.6296 0.0487
v -0.1615 0.6317 0.0610
v -0.1601 0.6337 0.0727
v -0.1572 0.6355 0.0841
v -0.1568 0.6481 -0.0957
v -0.1594 0.6454 -0.0880
v -0.1624 0.6427 -0.0769
v -0.1650 0.6403 -0.0651
v -0.1668 0.6388 -0.0556
v -0.1655 0.6403 0.0753
v -0.1628 0.6434 0.0873
v -0.1590 0.6458 0.0976
v -0.1563 0.6494 0.1063
v -0.1579 0.6602 -0.1100
v -0.1608 0.6566 -0.1012
v -0.1650 0.6531 -0.0907
v -0.1646 0.6542 0.0997
v -0.1603 0.6576 0.1105
v -0.1568 0.6610 0.1192
v -0.1573 0.6720 -0.1218
v -0.1613 0.6685 -0.1140
v -0.1656 0.6650 -0.1045
v -0.1651 0.6671 0.1139
v -0.1598 0.6694 0.1234
v -0.1569 0.6863 -0.1326
v -0.1600 0.6814 -0.1259
v -0.1650 0.6779 -0.1177
v -0.1613 0.6813 0.1263
v -0.1562 0.6769 0.1302
v -0.1586 0.6952 -0.1362
v -0.1634 0.6924 -0.1295
v -0.1586 0.6974 0.1163
v -0.1621 0.6919 0.1218
v -0.1561 0.7104 -0.1467
v -0.1616 0.7062 -0.1392
v -0.1666 0.7027 -0.1323
v -0.1612 0.7058 0.1131
v -0.1584 0.7189 -0.1482
v -0.1639 0.7178 -0.1421
v -0.1619 0.7185 0.1088
v -0.1602 0.7315 -0.1510
v -0.1660 0.7283 -0.1441
v -0.1637 0.7322 0.1038
v -0.1592 0.7302 0.1106
v -0.1556 0.7357 0.1189
v -0.1563 0.7473 -0.1588
v -0.1621 0.7426 -0.1522
v -0.1646 0.7428 0.1016
v -0.1598 0.7442 0.1112
v -0.1562 0.7437 0.1193
v -0.1570 0.7571 -0.1597
v -0.1632 0.7554 -0.1535
v -0.1650 0.7563 0.1005
v -0.1597 0.7564 0.1121
v -0.1560 0.7553 0.1200
v -0.1580 0.7694 -0.1599
v -0.1636 0.7691 -0.1545
v -0.1643 0.7690 0.1011
v -0.1597 0.7684 0.1114
v -0.1561 0.7687 0.1188
v -0.1579 0.7814 -0.1600
v -0.1641 0.7812 -0.1541
v -0.1642 0.7822 0.1002
v -0.1586 0.7818 0.1121
v -0.1554 0.7784 0.1193
v -0.1568 0.7942 -0.1599
v -0.1638 0.7942 -0.1533
v -0.1638 0.7945 0.0996
v -0.1580 0.7939 0.1111
v -0.1561 0.8055 -0.1589
v -0.1621 0.8065 -0.1529
v -0.1621 0.8070 0.1001
v -0.1573 0.8066 0.1092
v -0.1610 0.8189 -0.1509
v -0.1665 0.8217 -0.1445
v -0.1607 0.8192 0.1009
v -0.1562 0.8167 0.1072
v -0.1583 0.8311 -0.1493
v -0.1648 0.8315 -0.1424
v -0.1610 0.8318 0.1025
v -0.1565 0.8402 -0.1469
v -0.1614 0.8434 -0.1403
v -0.1665 0.8482 -0.1320
v -0.1637 0.8429 0.1036
v -0.1596 0.8454 0.1068
v -0.1584 0.8556 -0.1368
v -0.1645 0.8572 -0.1290
v -0.1628 0.8517 0.1045
v -0.1599 0.8564 0.1090
v -0.1555 0.8632 -0.1353
v -0.1607 0.8676 -0.1261
v -0.1653 0.8715 -0.1173
v -0.1616 0.8671 0.1149
v -0.1614 0.8731 0.1183
v -0.1572 0.8774 -0.1227
v -0.1613 0.8816 -0.1138
v -0.1659 0.8848 -0.1048
v -0.1658 0.8822 0.1157
v -0.1598 0.8805 0.1201
v -0.1577 0.8900 -0.1103
v -0.1619 0.8936 -0.1010
v -0.1658 0.8971 -0.0917
v -0.1657 0.8963 0.1033
v -0.1615 0.8937 0.1122
v -0.1575 0.8905 0.1196
v -0.1571 0.9032 -0.0971
v -0.1610 0.9059 -0.0879
v -0.1650 0.9091 -0.0776
v -0.1652 0.9089 0.0870
v -0.1613 0.9056 0.0986
v -0.1572 0.9029 0.1088
v -0.1569 0.9141 -0.0836
v -0.1597 0.9172 -0.0745
v -0.1637 0.9199 -0.0641
v -0.1654 0.9236 -0.0516
v -0.1666 0.9247 0.0534
v -0.1657 0.9217 0.0628
v -0.1632 0.9189 0.0743
v -0.1591 0.9173 0.0855
v -0.1570 0.9138 0.0946
v -0.1581 0.9263 -0.0622
v -0.1601 0.9289 -0.0506
v -0.1615 0.9312 -0.0388
v -0.1634 0.9325 -0.0271
v -0.1644 0.9339 -0.0146
v -0.1655 0.9344 -0.0022
v -0.1658 0.9338 0.0117
v -0.1642 0.9336 0.0239
v -0.1625 0.9329 0.0366
v -0.1613 0.9313 0.0486
v -0.1597 0.9293 0.0602
v -0.1570 0.9272 0.0720
v -0.1553 0.9376 -0.0354
v -0.1568 0.9385 -0.0256
v -0.1589 0.9390 -0.0129
v -0.1590 0.9402 -0.0017
v -0.1590 0.9410 0.0108
v -0.1594 0.9401 0.0233
v -0.1573 0.9396 0.0359
v -0.1558 0.9378 0.0457
v -0.1488 0.0118 0.0115
v -0.1481 0.0106 0.0246
v -0.1485 0.0097 0.0357
v -0.1485 0.0088 0.0486
v -0.1490 0.0079 0.0618
v -0.1495 0.0072 0.0738
v -0.1496 0.0069 0.0858
v -0.1486 0.0088 0.0986
v -0.1445 0.0118 0.1051
v -0.1439 0.0249 -0.0828
v -0.1482 0.0238 -0.0753
v -0.1490 0.0216 -0.0639
v -0.1494 0.0198 -0.0517
v -0.1496 0.0181 -0.0392
v -0.1489 0.0165 -0.0267
v -0.1492 0.0149 -0.0138
v -0.1488 0.0133 -0.0016
v -0.1428 0.0125 0.0071
v -0.1532 0.0174 0.1036
v -0.1475 0.0202 0.1077
v -0.1476 0.0310 -0.0866
v -0.1522 0.0274 -0.0804
v -0.1542 0.0367 0.1048
v -0.1495 0.0320 0.1085
v -0.1495 0.0438 -0.0877
v -0.1549 0.0497 -0.0809
v -0.1486 0.0442 0.1094
v -0.1475 0.0561 -0.0873
v -0.1533 0.0577 -0.0793
v -0.1494 0.0566 0.1116
v -0.1462 0.0678 -0.0859
v -0.1523 0.0696 -0.0780
v -0.1521 0.0710 0.1018
v -0.1478 0.0678 0.1082
v -0.1446 0.0801 -0.0844
v -0.1507 0.0813 -0.0768
v -0.1520 0.0841 0.0895
v -0.1476 0.0803 0.0980
v -0.1429 0.0915 -0.0825
v -0.1480 0.0935 -0.0760
v -0.1537 0.0951 -0.0673
v -0.1503 0.0965 0.0752
v -0.1478 0.0914 0.0848
v -0.1438 0.0883 0.0937
v -0.1459 0.1049 -0.0731
v -0.1512 0.1065 -0.0643
v -0.1544 0.1100 -0.0561
v -0.1534 0.1099 0.0256
v -0.1500 0.1086 0.0364
v -0.1494 0.1084 0.0479
v -0.1493 0.1051 0.0607
v -0.1461 0.1019 0.0712
v -0.1442 0.1146 -0.0706
v -0.1481 0.1185 -0.0635
v -0.1537 0.1185 -0.0534
v -0.1527 0.1162 0.0252
v -0.1484 0.1194 0.0349
v -0.1444 0.1231 0.0449
v -0.1457 0.1324 -0.0719
v -0.1509 0.1298 -0.0647
v -0.1537 0.1252 -0.0570
v -0.1531 0.1290 0.0397
v -0.1474 0.1304 0.0471
v -0.1462 0.1424 -0.0725
v -0.1518 0.1434 -0.0664
v -0.1547 0.1398 0.0416
v -0.1497 0.1436 0.0492
v -0.1468 0.1454 0.0606
v -0.1467 0.1461 0.0714
v -0.1448 0.1475 0.0838
v -0.1445 0.1543 -0.0711
v -0.1508 0.1562 -0.0640
v -0.1536 0.1516 0.0494
v -0.1529 0.1540 0.0598
v -0.1515 0.1561 0.0740
v -0.1488 0.1563 0.0866
v -0.1450 0.1609 0.0932
v -0.1438 0.1728 -0.0705
v -0.1496 0.1682 -0.0640
v -0.1551 0.1645 -0.0560
v -0.1531 0.1706 0.0749
v -0.1487 0.1693 0.0855
v -0.1451 0.1675 0.0934
v -0.1433 0.1770 -0.0701
v -0.1493 0.1823 -0.0637
v -0.1514 0.1861 0.0650
v -0.1495 0.1810 0.0731
v -0.1456 0.1792 0.0822
v -0.1480 0.1938 -0.0620
v -0.1535 0.1967 -0.0553
v -0.1534 0.1958 0.0525
v -0.1482 0.1925 0.0602
v -0.1452 0.2039 -0.0597
v -0.1501 0.2068 -0.0521
v -0.1545 0.2048 0.0532
v -0.1489 0.2064 0.0609
v -0.1483 0.2081 0.0737
v -0.1454 0.2107 0.0805
v -0.1439 0.2204 -0.0580
v -0.1498 0.2181 -0.0515
v -0.1508 0.2186 0.0616
v -0.1517 0.2194 0.0723
v -0.1482 0.2194 0.0823
v -0.1446 0.2315 -0.0587
v -0.1507 0.2308 -0.0521
v -0.1528 0.2318 0.0623
v -0.1483 0.2317 0.0731
v -0.1463 0.2314 0.0821
v -0.1454 0.2443 -0.0591
v -0.1517 0.2429 -0.0518
v -0.1523 0.2403 0.0655
v -0.1501 0.2430 0.0733
v -0.1478 0.2447 0.0836
v -0.1454 0.2565 -0.0600
v -0.1514 0.2559 -0.0529
v -0.1485 0.2559 0.0874
v -0.1459 0.2695 -0.0602
v -0.1518 0.2691 -0.0530
v -0.1463 0.2675 0.0914
v -0.1508 0.2700 0.0938
v -0.1461 0.2824 -0.0605
v -0.1520 0.2815 -0.0528
v -0.1447 0.2825 0.0913
v -0.1504 0.2807 0.0944
v -0.1458 0.2939 -0.0612
v -0.1523 0.2947 -0.0523
v -0.1489 0.2939 0.0877
v -0.1459 0.3052 -0.0612
v -0.1523 0.3073 -0.0520
v -0.1524 0.3079 0.0633
v -0.1484 0.3038 0.0732
v -0.1495 0.3011 0.0810
v -0.1479 0.3211 -0.0610
v -0.1524 0.3193 -0.0520
v -0.1523 0.3181 0.0623
v -0.1477 0.3205 0.0728
v -0.1511 0.3245 0.0812
v -0.1466 0.3342 -0.0862
v -0.1496 0.3297 -0.0762
v -0.1478 0.3257 -0.0665
v -0.1484 0.3272 0.0866
v -0.1479 0.3327 0.0963
v -0.1447 0.3447 -0.0979
v -0.1504 0.3424 -0.0892
v -0.1509 0.3422 0.1004
v -0.1451 0.3441 0.1074
v -0.1465 0.3567 -0.0996
v -0.1522 0.3555 -0.0912
v -0.1526 0.3568 0.1022
v -0.1466 0.3572 0.1091
v -0.1440 0.3748 -0.1078
v -0.1476 0.3692 -0.1011
v -0.1534 0.3695 -0.0922
v -0.1548 0.3749 -0.0549
v -0.1539 0.3747 0.0739
v -0.1533 0.3706 0.1021
v -0.1471 0.3699 0.1105
v -0.1434 0.3785 -0.1089
v -0.1466 0.3819 -0.1011
v -0.1497 0.3829 -0.0880
v -0.1492 0.3824 -0.0753
v -0.1501 0.3808 -0.0635
v -0.1537 0.3814 -0.0545
v -0.1523 0.3815 0.0748
v -0.1488 0.3805 0.0857
v -0.1483 0.3809 0.0984
v -0.1453 0.3804 0.1102
v -0.1439 0.3884 -0.0972
v -0.1439 0.3883 -0.0914
v -0.1438 0.3929 -0.0704
v -0.1479 0.3942 -0.0634
v -0.1535 0.3943 -0.0522
v -0.1545 0.3987 0.0659
v -0.1522 0.3942 0.0726
v -0.1464 0.3944 0.0840
v -0.1434 0.4029 -0.0701
v -0.1469 0.4066 -0.0633
v -0.1525 0.4061 -0.0514
v -0.1543 0.4112 -0.0449
v -0.1543 0.4060 0.0637
v -0.1504 0.4065 0.0735
v -0.1449 0.4064 0.0847
v -0.1459 0.4182 -0.0629
v -0.1510 0.4187 -0.0514
v -0.1542 0.4200 -0.0421
v -0.1544 0.4243 0.0546
v -0.1532 0.4190 0.0614
v -0.1483 0.4195 0.0740
v -0.1443 0.4185 0.0827
v -0.1453 0.4309 -0.0616
v -0.1502 0.4314 -0.0502
v -0.1522 0.4327 -0.0387
v -0.1540 0.4339 -0.0294
v -0.1542 0.4324 0.0502
v -0.1512 0.4316 0.0616
v -0.1464 0.4322 0.0736
v -0.1438 0.4288 0.0807
v -0.1445 0.4436 -0.0611
v -0.1485 0.4440 -0.0502
v -0.1490 0.4440 -0.0379
v -0.1528 0.4404 -0.0309
v -0.1542 0.4439 0.0423
v -0.1530 0.4442 0.0474
v -0.1493 0.4437 0.0612
v -0.1448 0.4438 0.0729
v -0.1443 0.4553 -0.0601
v -0.1463 0.4566 -0.0507
v -0.1481 0.4556 -0.0404
v -0.1511 0.4560 0.0511
v -0.1471 0.4569 0.0608
v -0.1441 0.4555 0.0699
v -0.1436 0.4686 -0.0589
v -0.1466 0.4686 -0.0492
v -0.1452 0.4655 -0.0437
v -0.1475 0.4649 0.0538
v -0.1462 0.4688 0.0594
v -0.1429 0.4662 0.0688
v -0.1427 0.4759 -0.0580
v -0.1491 0.4804 -0.0506
v -0.1484 0.4804 0.0616
v -0.1489 0.4931 -0.0526
v -0.1486 0.4937 0.0642
v -0.1488 0.5065 -0.0533
v -0.1494 0.5055 0.0651
v -0.1494 0.5182 -0.0524
v -0.1492 0.5180 0.0638
v -0.1490 0.5313 -0.0493
v -0.1488 0.5310 0.0604
v -0.1481 0.5394 -0.0461
v -0.1497 0.5456 -0.0422
v -0.1494 0.5467 0.0525
v -0.1490 0.5400 0.0566
v -0.1473 0.5541 -0.0361
v -0.1499 0.5600 -0.0283
v -0.1503 0.5602 0.0385
v -0.1490 0.5543 0.0460
v -0.1449 0.5732 -0.0502
v -0.1474 0.5722 -0.0385
v -0.1479 0.5690 -0.0253
v -0.1507 0.5691 -0.0146
v -0.1536 0.5701 -0.0016
v -0.1540 0.5701 0.0119
v -0.1513 0.5689 0.0243
v -0.1490 0.5686 0.0347
v -0.1468 0.5705 0.0480
v -0.1447 0.5721 0.0581
v -0.1436 0.5798 -0.0589
v -0.1459 0.5819 -0.0508
v -0.1482 0.5830 -0.0389
v -0.1505 0.5833 -0.0266
v -0.1512 0.5845 -0.0149
v -0.1510 0.5854 -0.0021
v -0.1514 0.5843 0.0115
v -0.1505 0.5832 0.0245
v -0.1475 0.5832 0.0365
v -0.1463 0.5814 0.0475
v -0.1447 0.5788 0.0580
v -0.1444 0.5972 -0.0495
v -0.1467 0.5942 -0.0379
v -0.1494 0.5934 -0.0256
v -0.1516 0.5933 -0.0135
v -0.1534 0.5944 -0.0015
v -0.1531 0.5936 0.0111
v -0.1518 0.5935 0.0240
v -0.1494 0.5935 0.0365
v -0.1460 0.5935 0.0490
v -0.1436 0.5952 0.0581
v -0.1447 0.6039 -0.0480
v -0.1465 0.6060 -0.0378
v -0.1481 0.6068 -0.0265
v -0.1497 0.6067 -0.0135
v -0.1500 0.6067 -0.0007
v -0.1495 0.6065 0.0119
v -0.1489 0.6056 0.0239
v -0.1468 0.6052 0.0363
v -0.1450 0.6036 0.0479
v -0.1435 0.6016 0.0562
v -0.1437 0.6245 -0.0716
v -0.1463 0.6233 -0.0617
v -0.1477 0.6214 -0.0503
v -0.1491 0.6202 -0.0383
v -0.1497 0.6192 -0.0269
v -0.1493 0.6181 -0.0136
v -0.1489 0.6177 -0.0009
v -0.1482 0.6175 0.0110
v -0.1497 0.6189 0.0240
v -0.1493 0.6194 0.0370
v -0.1486 0.6200 0.0497
v -0.1486 0.6215 0.0614
v -0.1469 0.6225 0.0724
v -0.1446 0.6235 0.0831
v -0.1443 0.6366 -0.0961
v -0.1473 0.6347 -0.0871
v -0.1492 0.6307 -0.0765
v -0.1517 0.6283 -0.0646
v -0.1539 0.6265 -0.0522
v -0.1546 0.6264 0.0632
v -0.1526 0.6275 0.0743
v -0.1505 0.6303 0.0868
v -0.1478 0.6338 0.0983
v -0.1442 0.6362 0.1084
v -0.1450 0.6479 -0.1110
v -0.1492 0.6441 -0.1005
v -0.1513 0.6402 -0.0908
v -0.1523 0.6411 0.1013
v -0.1483 0.6438 0.1113
v -0.1459 0.6470 0.1210
v -0.1462 0.6593 -0.1221
v -0.1497 0.6556 -0.1145
v -0.1534 0.6517 -0.1059
v -0.1522 0.6526 0.1153
v -0.1500 0.6561 0.1234
v -0.1455 0.6591 0.1331
v -0.1443 0.6723 -0.1349
v -0.1495 0.6691 -0.1274
v -0.1541 0.6656 -0.1198
v -0.1536 0.6656 0.1284
v -0.1480 0.6695 0.1338
v -0.1485 0.6822 -0.1380
v -0.1535 0.6786 -0.1308
v -0.1479 0.6822 0.1255
v -0.1503 0.6765 0.1311
v -0.1458 0.6961 -0.1491
v -0.1511 0.6927 -0.1422
v -0.1550 0.6945 0.1172
v -0.1493 0.6929 0.1206
v -0.1485 0.7067 -0.1520
v -0.1543 0.7027 -0.1447
v -0.1486 0.7057 0.1153
v -0.1466 0.7074 0.1200
v -0.1453 0.7204 -0.1606
v -0.1512 0.7183 -0.1547
v -0.1523 0.7170 0.1138
v -0.1464 0.7192 0.1242
v -0.1481 0.7321 -0.1623
v -0.1537 0.7295 -0.1565
v -0.1542 0.7263 0.1165
v -0.1502 0.7304 0.1243
v -0.1443 0.7318 0.1320
v -0.1495 0.7439 -0.1641
v -0.1524 0.7434 0.1254
v -0.1455 0.7437 0.1341
v -0.1436 0.7585 -0.1713
v -0.1498 0.7555 -0.1658
v -0.1530 0.7563 0.1256
v -0.1473 0.7562 0.1341
v -0.1442 0.7706 -0.1716
v -0.1497 0.7681 -0.1671
v -0.1532 0.7688 0.1245
v -0.1470 0.7684 0.1350
v -0.1441 0.7810 -0.1716
v -0.1501 0.7817 -0.1667
v -0.1521 0.7814 0.1256
v -0.1463 0.7813 0.1358
v -0.1437 0.7923 -0.1711
v -0.1497 0.7934 -0.1662
v -0.1548 0.7986 0.1173
v -0.1518 0.7938 0.1247
v -0.1463 0.7937 0.1348
v -0.1481 0.8061 -0.1656
v -0.1542 0.8085 0.1158
v -0.1508 0.8067 0.1238
v -0.1455 0.8056 0.1341
v -0.1483 0.8185 -0.1628
v -0.1538 0.8230 -0.1566
v -0.1529 0.8199 0.1130
v -0.1478 0.8197 0.1239
v -0.1442 0.8183 0.1320
v -0.1463 0.8306 -0.1608
v -0.1518 0.8324 -0.1551
v -0.1542 0.8332 0.1035
v -0.1506 0.8317 0.1113
v -0.1453 0.8307 0.1231
v -0.1441 0.8394 -0.1592
v -0.1497 0.8440 -0.1519
v -0.1541 0.8498 -0.1446
v -0.1527 0.8398 0.1046
v -0.1483 0.8450 0.1100
v -0.1440 0.8404 0.1194
v -0.1466 0.8553 -0.1491
v -0.1520 0.8584 -0.1420
v -0.1490 0.8562 0.1130
v -0.1439 0.8636 -0.1467
v -0.1486 0.8686 -0.1386
v -0.1535 0.8720 -0.1311
v -0.1514 0.8688 0.1150
v -0.1464 0.8685 0.1204
v -0.1450 0.8780 -0.1356
v -0.1496 0.8815 -0.1279
v -0.1545 0.8854 -0.1189
v -0.1484 0.8807 0.1217
v -0.1456 0.8908 -0.1241
v -0.1506 0.8940 -0.1151
v -0.1535 0.8990 -0.1066
v -0.1543 0.8987 0.1173
v -0.1489 0.8931 0.1246
v -0.1460 0.9029 -0.1116
v -0.1501 0.9072 -0.1018
v -0.1543 0.9108 -0.0919
v -0.1535 0.9109 0.1044
v -0.1506 0.9073 0.1129
v -0.1468 0.9039 0.1212
v -0.1451 0.9154 -0.0988
v -0.1492 0.9187 -0.0889
v -0.1528 0.9220 -0.0788
v -0.1528 0.9222 0.0891
v -0.1495 0.9186 0.0999
v -0.1459 0.9154 0.1097
v -0.1446 0.9262 -0.0847
v -0.1479 0.9288 -0.0754
v -0.1497 0.9326 -0.0643
v -0.1526 0.9345 -0.0529
v -0.1541 0.9363 -0.0440
v -0.1543 0.9365 0.0524
v -0.1525 0.9354 0.0609
v -0.1498 0.9330 0.0739
v -0.1477 0.9294 0.0854
v -0.1448 0.9259 0.0962
v -0.1453 0.9378 -0.0604
v -0.1468 0.9399 -0.0501
v -0.1486 0.9418 -0.0384
v -0.1485 0.9446 -0.0268
v -0.1499 0.9458 -0.0148
v -0.1509 0.9467 -0.0023
v -0.1516 0.9472 0.0110
v -0.1515 0.9470 0.0241
v -0.1513 0.9454 0.0366
v -0.1497 0.9438 0.0486
v -0.1474 0.9413 0.0609
v -0.1443 0.9396 0.0706
v -0.1441 0.9506 -0.0118
v -0.1445 0.9517 -0.0014
v -0.1456 0.9519 0.0115
v -0.1461 0.9514 0.0231
v -0.1447 0.9509 0.0371
v -0.1439 0.9504 0.0445
v -0.1373 0.0119 0.0141
v -0.1361 0.0110 0.0241
v -0.1357 0.0099 0.0368
v -0.1361 0.0089 0.0490
v -0.1361 0.0080 0.0607
v -0.1364 0.0072 0.0729
v -0.1356 0.0067 0.0857
v -0.1366 0.0073 0.1000
v -0.1354 0.0104 0.1072
v -0.1355 0.0246 -0.0842
v -0.1367 0.0232 -0.0755
v -0.1366 0.0216 -0.0642
v -0.1363 0.0199 -0.0515
v -0.1363 0.0183 -0.0386
v -0.1367 0.0169 -0.0261
v -0.1363 0.0153 -0.0133
v -0.1359 0.0137 -0.0007
v -0.1353 0.0127 0.0079
v -0.1367 0.0187 0.1110
v -0.1345 0.0326 -0.0967
v -0.1380 0.0278 -0.0905
v -0.1366 0.0320 0.1129
v -0.1361 0.0449 -0.0985
v -0.1415 0.0443 -0.0950
v -0.1367 0.0439 0.1132
v -0.1349 0.0567 -0.0980
v -0.1407 0.0581 -0.0930
v -0.1369 0.0564 0.1150
v -0.1331 0.0671 -0.0970
v -0.1394 0.0682 -0.0922
v -0.1365 0.0689 0.1115
v -0.1314 0.0777 -0.0955
v -0.1373 0.0814 -0.0903
v -0.1373 0.0838 0.1020
v -0.1364 0.0775 0.1070
v -0.1363 0.0941 -0.0873
v -0.1376 0.0961 0.0879
v -0.1364 0.0904 0.0957
v -0.1340 0.1047 -0.0848
v -0.1395 0.1071 -0.0787
v -0.1418 0.1119 0.0409
v -0.1379 0.1117 0.0492
v -0.1371 0.1105 0.0620
v -0.1363 0.1054 0.0735
v -0.1347 0.1010 0.0821
v -0.1316 0.1130 -0.0828
v -0.1369 0.1187 -0.0766
v -0.1408 0.1155 0.0400
v -0.1360 0.1182 0.0477
v -0.1329 0.1173 0.0563
v -0.1321 0.1336 -0.0831
v -0.1377 0.1299 -0.0772
v -0.1409 0.1297 0.0534
v -0.1350 0.1306 0.0585
v -0.1322 0.1372 0.0705
v -0.1322 0.1425 -0.0833
v -0.1388 0.1428 -0.0787
v -0.1380 0.1401 0.0616
v -0.1369 0.1409 0.0733
v -0.1363 0.1445 0.0861
v -0.1337 0.1487 0.0934
v -0.1367 0.1558 -0.0768
v -0.1411 0.1508 0.0913
v -0.1367 0.1568 0.0958
v -0.1368 0.1695 -0.0746
v -0.1417 0.1646 -0.0700
v -0.1407 0.1747 0.0914
v -0.1365 0.1694 0.0968
v -0.1365 0.1813 -0.0741
v -0.1369 0.1864 0.0744
v -0.1365 0.1818 0.0861
v -0.1366 0.1757 0.0925
v -0.1350 0.1933 -0.0722
v -0.1405 0.1945 -0.0680
v -0.1411 0.1935 0.0659
v -0.1353 0.1954 0.0726
v -0.1338 0.1989 0.0821
v -0.1316 0.2027 -0.0707
v -0.1363 0.2072 -0.0644
v -0.1402 0.2024 0.0727
v -0.1367 0.2060 0.0837
v -0.1370 0.2184 -0.0632
v -0.1372 0.2187 0.0878
v -0.1316 0.2232 0.0930
v -0.1368 0.2314 -0.0652
v -0.1371 0.2313 0.0878
v -0.1315 0.2264 0.0925
v -0.1314 0.2422 -0.0703
v -0.1379 0.2439 -0.0657
v -0.1380 0.2412 0.0896
v -0.1349 0.2457 0.0936
v -0.1321 0.2571 -0.0713
v -0.1386 0.2563 -0.0663
v -0.1363 0.2562 0.0886
v -0.1356 0.2512 0.0926
v -0.1327 0.2697 -0.0720
v -0.1392 0.2683 -0.0667
v -0.1370 0.2688 0.0888
v -0.1336 0.2809 -0.0723
v -0.1399 0.2817 -0.0671
v -0.1371 0.2813 0.0879
v -0.1342 0.2940 -0.0728
v -0.1406 0.2939 -0.0670
v -0.1376 0.2938 0.0851
v -0.1342 0.3063 -0.0736
v -0.1407 0.3060 -0.0673
v -0.1419 0.3047 0.0784
v -0.1360 0.3065 0.0853
v -0.1350 0.3186 -0.0734
v -0.1409 0.3189 -0.0670
v -0.1416 0.3186 0.0783
v -0.1358 0.3192 0.0854
v -0.1347 0.3365 -0.0957
v -0.1371 0.3338 -0.0884
v -0.1365 0.3294 -0.0759
v -0.1410 0.3263 -0.0675
v -0.1418 0.3254 0.0795
v -0.1367 0.3279 0.0869
v -0.1371 0.3327 0.0992
v -0.1353 0.3362 0.1069
v -0.1342 0.3465 -0.1111
v -0.1374 0.3412 -0.1018
v -0.1371 0.3421 0.1126
v -0.1331 0.3466 0.1195
v -0.1314 0.3578 -0.1216
v -0.1360 0.3558 -0.1140
v -0.1414 0.3538 -0.1059
v -0.1404 0.3546 0.1151
v -0.1346 0.3555 0.1215
v -0.1325 0.3695 -0.1235
v -0.1385 0.3694 -0.1147
v -0.1418 0.3691 0.1166
v -0.1356 0.3687 0.1236
v -0.1337 0.3822 -0.1247
v -0.1398 0.3834 -0.1141
v -0.1422 0.3873 -0.0826
v -0.1412 0.3866 -0.0766
v -0.1417 0.3862 0.0923
v -0.1409 0.3863 0.0979
v -0.1409 0.3843 0.1142
v -0.1361 0.3820 0.1241
v -0.1313 0.3844 0.1307
v -0.1325 0.3934 -0.1252
v -0.1354 0.3940 -0.1141
v -0.1376 0.3925 -0.1019
v -0.1358 0.3914 -0.0873
v -0.1391 0.3939 -0.0769
v -0.1418 0.3942 0.0915
v -0.1363 0.3928 0.1005
v -0.1350 0.3911 0.1118
v -0.1327 0.3913 0.1241
v -0.1326 0.4067 -0.0846
v -0.1392 0.4065 -0.0760
v -0.1418 0.4066 0.0900
v -0.1357 0.4059 0.0990
v -0.1324 0.4190 -0.0842
v -0.1381 0.4185 -0.0763
v -0.1419 0.4220 -0.0695
v -0.1409 0.4186 0.0891
v -0.1347 0.4185 0.0986
v -0.1313 0.4331 -0.0843
v -0.1371 0.4307 -0.0761
v -0.1419 0.4329 -0.0678
v -0.1401 0.4315 0.0871
v -0.1341 0.4312 0.0968
v -0.1313 0.4430 -0.0832
v -0.1365 0.4435 -0.0755
v -0.1413 0.4447 -0.0674
v -0.1420 0.4479 0.0777
v -0.1385 0.4438 0.0860
v -0.1328 0.4433 0.0956
v -0.1305 0.4564 -0.0827
v -0.1349 0.4553 -0.0765
v -0.1408 0.4559 -0.0668
v -0.1411 0.4576 0.0761
v -0.1363 0.4557 0.0863
v -0.1313 0.4552 0.0946
v -0.1347 0.4685 -0.0751
v -0.1406 0.4688 -0.0656
v -0.1422 0.4738 -0.0498
v -0.1400 0.4682 0.0748
v -0.1341 0.4681 0.0861
v -0.1343 0.4810 -0.0743
v -0.1405 0.4812 -0.0632
v -0.1409 0.4808 -0.0509
v -0.1411 0.4817 0.0621
v -0.1389 0.4811 0.0730
v -0.1330 0.4806 0.0843
v -0.1338 0.4933 -0.0736
v -0.1388 0.4939 -0.0635
v -0.1388 0.4936 -0.0524
v -0.1385 0.4933 0.0633
v -0.1370 0.4941 0.0727
v -0.1319 0.4931 0.0830
v -0.1329 0.5060 -0.0730
v -0.1373 0.5071 -0.0634
v -0.1373 0.5060 -0.0527
v -0.1374 0.5058 0.0637
v -0.1349 0.5060 0.0734
v -0.1316 0.5067 0.0806
v -0.1321 0.5173 -0.0721
v -0.1364 0.5192 -0.0631
v -0.1371 0.5186 -0.0526
v -0.1365 0.5193 0.0632
v -0.1330 0.5182 0.0739
v -0.1304 0.5171 0.0801
v -0.1313 0.5294 -0.0705
v -0.1353 0.5308 -0.0627
v -0.1376 0.5305 -0.0518
v -0.1360 0.5311 0.0617
v -0.1327 0.5298 0.0709
v -0.1332 0.5437 -0.0629
v -0.1383 0.5423 -0.0508
v -0.1408 0.5462 -0.0437
v -0.1389 0.5466 0.0532
v -0.1351 0.5426 0.0599
v -0.1314 0.5419 0.0687
v -0.1323 0.5558 -0.0606
v -0.1370 0.5556 -0.0506
v -0.1405 0.5565 -0.0393
v -0.1418 0.5606 -0.0313
v -0.1405 0.5606 0.0396
v -0.1376 0.5567 0.0482
v -0.1331 0.5558 0.0596
v -0.1333 0.5734 -0.0739
v -0.1355 0.5710 -0.0625
v -0.1375 0.5680 -0.0518
v -0.1404 0.5673 -0.0388
v -0.1416 0.5653 -0.0288
v -0.1407 0.5652 0.0363
v -0.1383 0.5658 0.0490
v -0.1369 0.5671 0.0616
v -0.1359 0.5694 0.0730
v -0.1322 0.5714 0.0833
v -0.1310 0.5797 -0.0828
v -0.1341 0.5825 -0.0756
v -0.1394 0.5837 -0.0634
v -0.1411 0.5868 -0.0516
v -0.1422 0.5873 -0.0426
v -0.1410 0.5853 0.0492
v -0.1385 0.5836 0.0615
v -0.1347 0.5825 0.0725
v -0.1322 0.5789 0.0825
v -0.1324 0.5956 -0.0728
v -0.1351 0.5925 -0.0637
v -0.1396 0.5914 -0.0524
v -0.1416 0.5893 -0.0419
v -0.1418 0.5879 0.0533
v -0.1405 0.5921 0.0627
v -0.1359 0.5933 0.0738
v -0.1319 0.5947 0.0817
v -0.1324 0.6052 -0.0732
v -0.1357 0.6074 -0.0629
v -0.1379 0.6095 -0.0515
v -0.1390 0.6111 -0.0388
v -0.1401 0.6113 -0.0261
v -0.1407 0.6114 -0.0142
v -0.1409 0.6106 0.0004
v -0.1398 0.6105 0.0112
v -0.1386 0.6100 0.0237
v -0.1376 0.6094 0.0360
v -0.1366 0.6082 0.0487
v -0.1355 0.6069 0.0606
v -0.1335 0.6051 0.0718
v -0.1315 0.6017 0.0800
v -0.1335 0.6237 -0.0859
v -0.1357 0.6208 -0.0761
v -0.1361 0.6170 -0.0637
v -0.1378 0.6151 -0.0521
v -0.1400 0.6143 -0.0403
v -0.1415 0.6138 -0.0278
v -0.1421 0.6135 -0.0140
v -0.1418 0.6133 -0.0012
v -0.1420 0.6136 0.0115
v -0.1414 0.6136 0.0240
v -0.1407 0.6137 0.0360
v -0.1400 0.6142 0.0498
v -0.1396 0.6153 0.0617
v -0.1376 0.6162 0.0742
v -0.1370 0.6191 0.0865
v -0.1342 0.6218 0.0985
v -0.1326 0.6244 0.1067
v -0.1351 0.6337 -0.1012
v -0.1384 0.6288 -0.0893
v -0.1407 0.6260 -0.0806
v -0.1403 0.6284 0.1019
v -0.1368 0.6311 0.1124
v -0.1336 0.6351 0.1225
v -0.1330 0.6472 -0.1226
v -0.1363 0.6431 -0.1135
v -0.1363 0.6390 -0.1061
v -0.1417 0.6389 0.1172
v -0.1388 0.6427 0.1254
v -0.1343 0.6466 0.1344
v -0.1328 0.6606 -0.1358
v -0.1380 0.6555 -0.1265
v -0.1419 0.6511 -0.1180
v -0.1375 0.6563 0.1384
v -0.1318 0.6569 0.1432
v -0.1316 0.6728 -0.1467
v -0.1370 0.6688 -0.1390
v -0.1421 0.6649 -0.1312
v -0.1365 0.6686 0.1362
v -0.1350 0.6821 -0.1502
v -0.1399 0.6785 -0.1435
v -0.1395 0.6812 0.1281
v -0.1333 0.6794 0.1326
v -0.1327 0.6955 -0.1597
v -0.1377 0.6923 -0.1540
v -0.1365 0.6939 0.1241
v -0.1311 0.6987 0.1310
v -0.1358 0.7070 -0.1627
v -0.1409 0.7032 -0.1571
v -0.1388 0.7046 0.1256
v -0.1335 0.7073 0.1344
v -0.1321 0.7219 -0.1715
v -0.1370 0.7181 -0.1664
v -0.1416 0.7155 0.1290
v -0.1361 0.7185 0.1367
v -0.1313 0.7223 0.1431
v -0.1343 0.7316 -0.1730
v -0.1399 0.7297 -0.1682
v -0.1385 0.7306 0.1381
v -0.1322 0.7316 0.1449
v -0.1361 0.7442 -0.1748
v -0.1419 0.7406 -0.1696
v -0.1398 0.7429 0.1400
v -0.1336 0.7440 0.1466
v -0.1365 0.7564 -0.1765
v -0.1410 0.7558 0.1412
v -0.1347 0.7559 0.1475
v -0.1363 0.7688 -0.1777
v -0.1416 0.7672 0.1414
v -0.1354 0.7684 0.1477
v -0.1370 0.7815 -0.1771
v -0.1416 0.7822 0.1413
v -0.1355 0.7819 0.1476
v -0.1361 0.7942 -0.1769
v -0.1411 0.7939 0.1411
v -0.1349 0.7935 0.1475
v -0.1365 0.8061 -0.1748
v -0.1420 0.8108 -0.1697
v -0.1407 0.8075 0.1398
v -0.1341 0.8062 0.1471
v -0.1344 0.8180 -0.1740
v -0.1405 0.8203 -0.1688
v -0.1393 0.8202 0.1384
v -0.1331 0.8186 0.1462
v -0.1323 0.8300 -0.1723
v -0.1387 0.8325 -0.1665
v -0.1414 0.8347 0.1281
v -0.1373 0.8316 0.1364
v -0.1316 0.8316 0.1445
v -0.1362 0.8437 -0.1641
v -0.1419 0.8482 -0.1572
v -0.1395 0.8447 0.1248
v -0.1337 0.8437 0.1352
v -0.1332 0.8551 -0.1612
v -0.1392 0.8569 -0.1551
v -0.1402 0.8575 0.1159
v -0.1352 0.8567 0.1236
v -0.1318 0.8527 0.1321
v -0.1362 0.8679 -0.1510
v -0.1402 0.8729 -0.1439
v -0.1360 0.8683 0.1234
v -0.1325 0.8775 -0.1478
v -0.1374 0.8816 -0.1402
v -0.1385 0.8809 0.1266
v -0.1332 0.8817 0.1322
v -0.1335 0.8915 -0.1360
v -0.1383 0.8947 -0.1284
v -0.1374 0.8922 0.1285
v -0.1337 0.8957 0.1310
v -0.1345 0.9033 -0.1243
v -0.1390 0.9072 -0.1153
v -0.1389 0.9070 0.1266
v -0.1337 0.9044 0.1317
v -0.1340 0.9160 -0.1115
v -0.1384 0.9208 -0.1004
v -0.1417 0.9232 -0.0930
v -0.1416 0.9233 0.1045
v -0.1392 0.9199 0.1127
v -0.1345 0.9171 0.1222
v -0.1331 0.9268 -0.0989
v -0.1370 0.9308 -0.0882
v -0.1401 0.9347 -0.0771
v -0.1391 0.9350 0.0875
v -0.1366 0.9305 0.0997
v -0.1328 0.9273 0.1101
v -0.1316 0.9379 -0.0839
v -0.1346 0.9399 -0.0749
v -0.1367 0.9431 -0.0631
v -0.1381 0.9460 -0.0514
v -0.1399 0.9480 -0.0395
v -0.1416 0.9498 -0.0263
v -0.1417 0.9500 0.0540
v -0.1404 0.9485 0.0623
v -0.1386 0.9448 0.0740
v -0.1354 0.9421 0.0848
v -0.1323 0.9390 0.0950
v -0.1323 0.9510 -0.0484
v -0.1341 0.9523 -0.0388
v -0.1355 0.9541 -0.0263
v -0.1365 0.9557 -0.0135
v -0.1366 0.9573 -0.0013
v -0.1367 0.9581 0.0111
v -0.1365 0.9583 0.0237
v -0.1366 0.9573 0.0357
v -0.1360 0.9560 0.0484
v -0.1347 0.9539 0.0604
v -0.1328 0.9510 0.0728
v -0.1253 0.0121 0.0150
v -0.1236 0.0113 0.0234
v -0.1236 0.0100 0.0374
v -0.1234 0.0091 0.0489
v -0.1248 0.0080 0.0609
v -0.1240 0.0071 0.0743
v -0.1235 0.0065 0.0864
v -0.1232 0.0065 0.0989
v -0.1249 0.0100 0.1086
v -0.1233 0.0245 -0.0849
v -0.1236 0.0233 -0.0766
v -0.1239 0.0218 -0.0643
v -0.1241 0.0203 -0.0517
v -0.1240 0.0188 -0.0386
v -0.1239 0.0174 -0.0266
v -0.1242 0.0158 -0.0143
v -0.1237 0.0141 -0.0010
v -0.1241 0.0129 0.0086
v -0.1241 0.0190 0.1134
v -0.1240 0.0301 -0.0996
v -0.1236 0.0256 -0.0912
v -0.1238 0.0318 0.1148
v -0.1246 0.0435 -0.1041
v -0.1240 0.0439 0.1146
v -0.1233 0.0570 -0.1039
v -0.1244 0.0563 0.1157
v -0.1239 0.0689 -0.1011
v -0.1248 0.0692 0.1112
v -0.1233 0.0806 -0.0988
v -0.1291 0.0862 -0.0946
v -0.1242 0.0827 0.1020
v -0.1246 0.0771 0.1063
v -0.1216 0.0919 -0.0965
v -0.1272 0.0943 -0.0932
v -0.1242 0.0962 0.0889
v -0.1254 0.0904 0.0954
v -0.1250 0.1067 -0.0894
v -0.1294 0.1124 0.0533
v -0.1230 0.1119 0.0607
v -0.1241 0.1073 0.0733
v -0.1246 0.1015 0.0822
v -0.1240 0.1185 -0.0858
v -0.1284 0.1233 -0.0815
v -0.1248 0.1149 0.0514
v -0.1244 0.1183 0.0593
v -0.1237 0.1302 -0.0859
v -0.1285 0.1260 -0.0813
v -0.1251 0.1301 0.0643
v -0.1246 0.1361 0.0703
v -0.1239 0.1434 -0.0874
v -0.1285 0.1379 0.0656
v -0.1237 0.1390 0.0737
v -0.1242 0.1446 0.0854
v -0.1257 0.1484 0.0936
v -0.1230 0.1555 -0.0847
v -0.1279 0.1599 -0.0810
v -0.1184 0.1510 0.0897
v -0.1238 0.1567 0.0968
v -0.1209 0.1702 -0.0831
v -0.1253 0.1686 -0.0806
v -0.1244 0.1698 0.0960
v -0.1196 0.1794 -0.0831
v -0.1253 0.1827 -0.0800
v -0.1257 0.1869 0.0772
v -0.1247 0.1825 0.0869
v -0.1235 0.1770 0.0927
v -0.1245 0.1936 -0.0775
v -0.1267 0.1933 0.0773
v -0.1231 0.1974 0.0842
v -0.1232 0.2067 -0.0724
v -0.1274 0.2095 -0.0685
v -0.1268 0.2057 0.0895
v -0.1208 0.2072 0.0954
v -0.1224 0.2183 -0.0717
v -0.1282 0.2175 -0.0688
v -0.1285 0.2157 0.0914
v -0.1229 0.2199 0.0962
v -0.1240 0.2302 -0.0728
v -0.1243 0.2321 0.0908
v -0.1237 0.2272 0.0933
v -0.1245 0.2438 -0.0741
v -0.1256 0.2434 0.0909
v -0.1255 0.2438 0.0932
v -0.1241 0.2575 -0.0759
v -0.1275 0.2554 0.0906
v -0.1218 0.2569 0.0945
v -0.1243 0.2693 -0.0772
v -0.1286 0.2689 0.0911
v -0.1222 0.2687 0.0956
v -0.1242 0.2812 -0.0786
v -0.1297 0.2800 0.0908
v -0.1232 0.2811 0.0958
v -0.1192 0.2935 -0.0829
v -0.1256 0.2940 -0.0791
v -0.1296 0.2931 0.0912
v -0.1235 0.2933 0.0962
v -0.1207 0.3068 -0.0838
v -0.1267 0.3058 -0.0797
v -0.1290 0.3076 0.0922
v -0.1227 0.3062 0.0975
v -0.1219 0.3199 -0.0848
v -0.1279 0.3181 -0.0800
v -0.1291 0.3180 0.0922
v -0.1238 0.3191 0.0969
v -0.1294 0.3368 -0.0951
v -0.1246 0.3331 -0.0865
v -0.1288 0.3303 -0.0804
v -0.1294 0.3284 0.0919
v -0.1247 0.3323 0.0980
v -0.1283 0.3372 0.1078
v -0.1224 0.3486 -0.1222
v -0.1247 0.3447 -0.1138
v -0.1237 0.3400 -0.1008
v -0.1208 0.3380 -0.0911
v -0.1206 0.3380 0.1028
v -0.1240 0.3403 0.1126
v -0.1236 0.3456 0.1232
v -0.1202 0.3595 -0.1360
v -0.1249 0.3552 -0.1273
v -0.1294 0.3501 -0.1197
v -0.1277 0.3536 0.1278
v -0.1226 0.3567 0.1340
v -0.1221 0.3692 -0.1380
v -0.1284 0.3685 -0.1290
v -0.1297 0.3656 0.1295
v -0.1240 0.3691 0.1366
v -0.1188 0.3750 0.1433
v -0.1196 0.3841 -0.1472
v -0.1245 0.3807 -0.1388
v -0.1295 0.3812 -0.1311
v -0.1257 0.3812 0.1369
v -0.1199 0.3830 0.1438
v -0.1200 0.3930 -0.1471
v -0.1249 0.3944 -0.1396
v -0.1291 0.3977 -0.1289
v -0.1286 0.3993 -0.1136
v -0.1239 0.3977 -0.0999
v -0.1277 0.3952 -0.0912
v -0.1263 0.3967 0.1119
v -0.1262 0.3971 0.1242
v -0.1247 0.3948 0.1366
v -0.1199 0.3944 0.1447
v -0.1212 0.4035 -0.1374
v -0.1235 0.4033 -0.1272
v -0.1228 0.4019 -0.1156
v -0.1207 0.4062 -0.0978
v -0.1272 0.4066 -0.0908
v -0.1244 0.4065 0.1119
v -0.1195 0.4012 0.1251
v -0.1201 0.4015 0.1357
v -0.1180 0.4017 0.1440
v -0.1204 0.4181 -0.0975
v -0.1270 0.4194 -0.0906
v -0.1293 0.4227 0.1049
v -0.1240 0.4185 0.1112
v -0.1203 0.4313 -0.0971
v -0.1262 0.4307 -0.0907
v -0.1289 0.4324 0.1036
v -0.1233 0.4309 0.1102
v -0.1200 0.4424 -0.0965
v -0.1256 0.4440 -0.0901
v -0.1280 0.4447 0.1019
v -0.1220 0.4432 0.1093
v -0.1193 0.4559 -0.0959
v -0.1254 0.4568 -0.0889
v -0.1265 0.4574 0.1005
v -0.1207 0.4566 0.1078
v -0.1191 0.4650 -0.0951
v -0.1248 0.4695 -0.0880
v -0.1293 0.4731 0.0924
v -0.1248 0.4690 0.0995
v -0.1194 0.4670 0.1066
v -0.1238 0.4810 -0.0876
v -0.1295 0.4813 -0.0808
v -0.1288 0.4818 0.0908
v -0.1227 0.4810 0.0990
v -0.1229 0.4935 -0.0869
v -0.1288 0.4947 -0.0801
v -0.1280 0.4950 0.0887
v -0.1219 0.4936 0.0970
v -0.1217 0.5061 -0.0864
v -0.1281 0.5064 -0.0793
v -0.1272 0.5067 0.0874
v -0.1207 0.5052 0.0960
v -0.1213 0.5182 -0.0853
v -0.1274 0.5195 -0.0780
v -0.1293 0.5245 0.0798
v -0.1261 0.5190 0.0861
v -0.1202 0.5169 0.0943
v -0.1204 0.5302 -0.0848
v -0.1268 0.5308 -0.0767
v -0.1289 0.5329 0.0777
v -0.1235 0.5313 0.0865
v -0.1189 0.5263 0.0938
v -0.1193 0.5434 -0.0842
v -0.1253 0.5436 -0.0759
v -0.1295 0.5470 -0.0686
v -0.1282 0.5437 0.0746
v -0.1219 0.5429 0.0855
v -0.1190 0.5532 -0.0837
v -0.1232 0.5557 -0.0765
v -0.1285 0.5561 -0.0676
v -0.1295 0.5614 0.0657
v -0.1254 0.5565 0.0740
v -0.1211 0.5522 0.0822
v -0.1195 0.5746 -0.0957
v -0.1231 0.5729 -0.0872
v -0.1238 0.5697 -0.0761
v -0.1285 0.5677 -0.0653
v -0.1291 0.5650 0.0650
v -0.1251 0.5651 0.0732
v -0.1253 0.5678 0.0864
v -0.1217 0.5707 0.0974
v -0.1198 0.5802 -0.0976
v -0.1254 0.5832 -0.0889
v -0.1294 0.5868 -0.0798
v -0.1289 0.5847 0.0768
v -0.1249 0.5834 0.0859
v -0.1211 0.5811 0.0957
v -0.1218 0.5931 -0.0866
v -0.1273 0.5918 -0.0771
v -0.1276 0.5935 0.0880
v -0.1216 0.5942 0.0967
v -0.1220 0.6064 -0.0870
v -0.1263 0.6094 -0.0768
v -0.1287 0.6118 -0.0657
v -0.1284 0.6079 0.0625
v -0.1261 0.6078 0.0741
v -0.1234 0.6063 0.0852
v -0.1197 0.6050 0.0946
v -0.1215 0.6231 -0.0987
v -0.1241 0.6194 -0.0887
v -0.1264 0.6153 -0.0762
v -0.1293 0.6136 -0.0672
v -0.1275 0.6139 0.0889
v -0.1252 0.6161 0.0987
v -0.1237 0.6209 0.1118
v -0.1210 0.6237 0.1207
v -0.1191 0.6368 -0.1219
v -0.1241 0.6336 -0.1128
v -0.1260 0.6283 -0.1032
v -0.1252 0.6296 0.1247
v -0.1217 0.6337 0.1335
v -0.1204 0.6483 -0.1341
v -0.1242 0.6438 -0.1262
v -0.1277 0.6391 -0.1171
v -0.1264 0.6425 0.1386
v -0.1218 0.6462 0.1461
v -0.1195 0.6612 -0.1468
v -0.1237 0.6563 -0.1394
v -0.1283 0.6519 -0.1317
v -0.1253 0.6616 0.1423
v -0.1239 0.6557 0.1461
v -0.1234 0.6694 -0.1507
v -0.1283 0.6641 -0.1428
v -0.1263 0.6687 0.1399
v -0.1201 0.6687 0.1443
v -0.1218 0.6825 -0.1606
v -0.1265 0.6796 -0.1554
v -0.1241 0.6809 0.1370
v -0.1192 0.6999 -0.1711
v -0.1244 0.6933 -0.1645
v -0.1288 0.6914 0.1291
v -0.1231 0.6938 0.1348
v -0.1221 0.7079 -0.1729
v -0.1274 0.7048 -0.1679
v -0.1270 0.7041 0.1396
v -0.1224 0.7075 0.1464
v -0.1244 0.7184 -0.1756
v -0.1297 0.7141 0.1421
v -0.1238 0.7184 0.1496
v -0.1185 0.7234 0.1561
v -0.1191 0.7327 -0.1836
v -0.1250 0.7312 -0.1794
v -0.1267 0.7312 0.1506
v -0.1200 0.7318 0.1573
v -0.1209 0.7435 -0.1849
v -0.1279 0.7431 -0.1805
v -0.1276 0.7421 0.1523
v -0.1214 0.7433 0.1587
v -0.1226 0.7563 -0.1860
v -0.1295 0.7556 -0.1816
v -0.1287 0.7548 0.1535
v -0.1222 0.7568 0.1601
v -0.1241 0.7690 -0.1861
v -0.1295 0.7632 -0.1824
v -0.1291 0.7678 0.1540
v -0.1227 0.7680 0.1603
v -0.1235 0.7818 -0.1865
v -0.1301 0.7859 -0.1820
v -0.1292 0.7802 0.1540
v -0.1229 0.7813 0.1604
v -0.1230 0.7935 -0.1860
v -0.1295 0.7956 -0.1816
v -0.1295 0.7937 0.1532
v -0.1232 0.7943 0.1599
v -0.1215 0.8055 -0.1854
v -0.1280 0.8063 -0.1811
v -0.1283 0.8062 0.1535
v -0.1226 0.8057 0.1598
v -0.1200 0.8177 -0.1842
v -0.1257 0.8196 -0.1800
v -0.1280 0.8188 0.1520
v -0.1220 0.8182 0.1589
v -0.1237 0.8315 -0.1781
v -0.1264 0.8317 0.1509
v -0.1205 0.8317 0.1576
v -0.1232 0.8419 -0.1748
v -0.1291 0.8455 -0.1692
v -0.1286 0.8462 0.1410
v -0.1237 0.8433 0.1486
v -0.1188 0.8398 0.1562
v -0.1207 0.8531 -0.1720
v -0.1249 0.8573 -0.1668
v -0.1295 0.8603 0.1297
v -0.1250 0.8572 0.1376
v -0.1204 0.8535 0.1456
v -0.1233 0.8681 -0.1621
v -0.1285 0.8714 -0.1558
v -0.1260 0.8703 0.1275
v -0.1213 0.8673 0.1343
v -0.1192 0.8769 -0.1597
v -0.1244 0.8814 -0.1522
v -0.1294 0.8861 -0.1445
v -0.1253 0.8758 0.1298
v -0.1242 0.8826 0.1352
v -0.1214 0.8901 -0.1481
v -0.1259 0.8942 -0.1409
v -0.1248 0.8936 0.1367
v -0.1191 0.8935 0.1429
v -0.1220 0.9035 -0.1362
v -0.1261 0.9080 -0.1284
v -0.1241 0.9055 0.1353
v -0.1216 0.9163 -0.1244
v -0.1258 0.9208 -0.1150
v -0.1267 0.9208 0.1266
v -0.1218 0.9183 0.1370
v -0.1191 0.9193 0.1425
v -0.1211 0.9276 -0.1116
v -0.1247 0.9319 -0.1018
v -0.1296 0.9352 -0.0912
v -0.1294 0.9360 0.1037
v -0.1267 0.9321 0.1123
v -0.1222 0.9290 0.1229
v -0.1193 0.9254 0.1308
v -0.1202 0.9387 -0.0967
v -0.1237 0.9411 -0.0880
v -0.1251 0.9454 -0.0775
v -0.1279 0.9483 -0.0661
v -0.1278 0.9477 0.0887
v -0.1253 0.9439 0.0989
v -0.1221 0.9401 0.1096
v -0.1199 0.9510 -0.0720
v -0.1228 0.9528 -0.0622
v -0.1242 0.9556 -0.0507
v -0.1235 0.9588 -0.0400
v -0.1260 0.9601 -0.0272
v -0.1277 0.9612 -0.0156
v -0.1293 0.9623 0.0018
v -0.1302 0.9623 0.0079
v -0.1292 0.9624 0.0366
v -0.1286 0.9616 0.0488
v -0.1262 0.9601 0.0616
v -0.1243 0.9574 0.0736
v -0.1225 0.9538 0.0849
v -0.1198 0.9509 0.0949
v -0.1192 0.9627 -0.0344
v -0.1203 0.9641 -0.0241
v -0.1221 0.9648 -0.0134
v -0.1235 0.9655 -0.0013
v -0.1238 0.9662 0.0108
v -0.1247 0.9658 0.0230
v -0.1231 0.9660 0.0360
v -0.1226 0.9659 0.0480
v -0.1202 0.9646 0.0607
v -0.1118 0.0122 0.0155
v -0.1111 0.0113 0.0237
v -0.1115 0.0101 0.0359
v -0.1115 0.0089 0.0489
v -0.1119 0.0079 0.0614
v -0.1112 0.0070 0.0740
v -0.1109 0.0063 0.0864
v -0.1114 0.0064 0.0990
v -0.1109 0.0095 0.1079
v -0.1110 0.0245 -0.0845
v -0.1116 0.0235 -0.0766
v -0.1119 0.0219 -0.0634
v -0.1113 0.0205 -0.0516
v -0.1116 0.0191 -0.0394
v -0.1114 0.0176 -0.0269
v -0.1114 0.0159 -0.0134
v -0.1109 0.0143 -0.0013
v -0.1105 0.0130 0.0087
v -0.1111 0.0191 0.1128
v -0.1119 0.0302 -0.1019
v -0.1108 0.0254 -0.0910
v -0.1117 0.0315 0.1141
v -0.1095 0.0453 -0.1084
v -0.1142 0.0424 -0.1071
v -0.1116 0.0437 0.1137
v -0.1107 0.0536 -0.1085
v -0.1127 0.0593 -0.1064
v -0.1120 0.0568 0.1143
v -0.1113 0.0682 -0.1052
v -0.1120 0.0686 0.1100
v -0.1118 0.0813 -0.1024
v -0.1108 0.0817 0.1003
v -0.1138 0.0759 0.1059
v -0.1118 0.0941 -0.0990
v -0.1117 0.0954 0.0869
v -0.1117 0.0890 0.0938
v -0.1095 0.1048 -0.0960
v -0.1136 0.1086 -0.0933
v -0.1108 0.1108 0.0601
v -0.1114 0.1050 0.0737
v -0.1117 0.1007 0.0806
v -0.1114 0.1184 -0.0907
v -0.1141 0.1140 0.0535
v -0.1119 0.1179 0.0617
v -0.1083 0.1233 0.0676
v -0.1116 0.1309 -0.0904
v -0.1169 0.1273 0.0669
v -0.1110 0.1311 0.0694
v -0.1114 0.1428 -0.0917
v -0.1123 0.1410 0.0750
v -0.1132 0.1458 0.0828
v -0.1115 0.1560 -0.0882
v -0.1113 0.1555 0.0879
v -0.1164 0.1604 0.0930
v -0.1113 0.1697 -0.0853
v -0.1100 0.1702 0.0891
v -0.1150 0.1682 0.0932
v -0.1114 0.1817 -0.0849
v -0.1127 0.1818 0.0852
v -0.1170 0.1751 0.0926
v -0.1091 0.1901 -0.0832
v -0.1127 0.1955 -0.0808
v -0.1116 0.1944 0.0852
v -0.1114 0.2068 -0.0762
v -0.1116 0.2048 0.0892
v -0.1130 0.2070 0.0973
v -0.1126 0.2184 -0.0752
v -0.1129 0.2190 0.0903
v -0.1129 0.2186 0.0970
v -0.1116 0.2308 -0.0775
v -0.1165 0.2279 0.0918
v -0.1111 0.2316 0.0953
v -0.1115 0.2433 -0.0793
v -0.1114 0.2440 0.0980
v -0.1074 0.2609 -0.0830
v -0.1129 0.2552 -0.0804
v -0.1119 0.2561 0.0999
v -0.1096 0.2702 -0.0837
v -0.1147 0.2664 -0.0814
v -0.1122 0.2690 0.1015
v -0.1113 0.2819 -0.0847
v -0.1170 0.2771 -0.0818
v -0.1135 0.2806 0.1019
v -0.1072 0.2827 0.1056
v -0.1118 0.2939 -0.0864
v -0.1135 0.2929 0.1030
v -0.1079 0.2941 0.1066
v -0.1116 0.3073 -0.0887
v -0.1147 0.3057 0.1035
v -0.1089 0.3062 0.1072
v -0.1117 0.3186 -0.0909
v -0.1162 0.3180 0.1032
v -0.1102 0.3181 0.1071
v -0.1067 0.3365 -0.1076
v -0.1101 0.3315 -0.0994
v -0.1135 0.3303 -0.0920
v -0.1156 0.3315 0.1040
v -0.1099 0.3313 0.1109
v -0.1075 0.3337 0.1204
v -0.1153 0.3489 -0.1226
v -0.1112 0.3464 -0.1131
v -0.1140 0.3407 -0.1038
v -0.1174 0.3377 0.1049
v -0.1153 0.3401 0.1138
v -0.1112 0.3452 0.1237
v -0.1079 0.3590 -0.1747
v -0.1089 0.3582 -0.1639
v -0.1092 0.3587 -0.1505
v -0.1111 0.3569 -0.1392
v -0.1113 0.3521 -0.1282
v -0.1074 0.3503 -0.1176
v -0.1075 0.3503 0.1278
v -0.1124 0.3542 0.1371
v -0.1101 0.3600 0.1456
v -0.1101 0.3690 -0.1762
v -0.1136 0.3695 -0.1644
v -0.1138 0.3698 -0.1509
v -0.1164 0.3667 -0.1439
v -0.1175 0.3644 0.1425
v -0.1119 0.3686 0.1493
v -0.1068 0.3728 0.1568
v -0.1106 0.3814 -0.1765
v -0.1148 0.3821 -0.1636
v -0.1157 0.3817 -0.1513
v -0.1137 0.3816 0.1505
v -0.1078 0.3817 0.1576
v -0.1103 0.3933 -0.1770
v -0.1148 0.3942 -0.1647
v -0.1154 0.3941 -0.1514
v -0.1176 0.3996 -0.1013
v -0.1151 0.3949 0.1510
v -0.1089 0.3946 0.1589
v -0.1100 0.4059 -0.1775
v -0.1146 0.4055 -0.1640
v -0.1146 0.4050 -0.1500
v -0.1153 0.4066 -0.1397
v -0.1152 0.4076 -0.1260
v -0.1147 0.4056 -0.1140
v -0.1151 0.4054 -0.1041
v -0.1123 0.4064 0.1244
v -0.1123 0.4061 0.1367
v -0.1113 0.4065 0.1491
v -0.1079 0.4055 0.1593
v -0.1103 0.4186 -0.1769
v -0.1145 0.4176 -0.1645
v -0.1144 0.4182 -0.1510
v -0.1143 0.4174 -0.1390
v -0.1142 0.4189 -0.1271
v -0.1141 0.4180 -0.1144
v -0.1149 0.4190 -0.1035
v -0.1173 0.4232 0.1174
v -0.1119 0.4185 0.1227
v -0.1104 0.4310 -0.1765
v -0.1143 0.4307 -0.1643
v -0.1142 0.4303 -0.1508
v -0.1141 0.4308 -0.1387
v -0.1140 0.4318 -0.1259
v -0.1139 0.4309 -0.1142
v -0.1149 0.4318 -0.1031
v -0.1165 0.4322 0.1169
v -0.1099 0.4311 0.1229
v -0.1105 0.4438 -0.1757
v -0.1141 0.4439 -0.1645
v -0.1140 0.4438 -0.1514
v -0.1139 0.4437 -0.1391
v -0.1138 0.4440 -0.1271
v -0.1137 0.4441 -0.1141
v -0.1147 0.4438 -0.1026
v -0.1156 0.4430 0.1159
v -0.1095 0.4440 0.1211
v -0.1100 0.4562 -0.1752
v -0.1139 0.4556 -0.1648
v -0.1138 0.4560 -0.1511
v -0.1137 0.4563 -0.1386
v -0.1136 0.4565 -0.1265
v -0.1135 0.4557 -0.1140
v -0.1144 0.4570 -0.1018
v -0.1140 0.4567 0.1145
v -0.1078 0.4564 0.1202
v -0.1097 0.4689 -0.1745
v -0.1137 0.4690 -0.1634
v -0.1135 0.4689 -0.1510
v -0.1135 0.4695 -0.1391
v -0.1134 0.4689 -0.1260
v -0.1134 0.4687 -0.1134
v -0.1138 0.4689 -0.1017
v -0.1131 0.4700 0.1122
v -0.1072 0.4668 0.1186
v -0.1094 0.4808 -0.1737
v -0.1133 0.4815 -0.1642
v -0.1132 0.4819 -0.1515
v -0.1132 0.4814 -0.1384
v -0.1132 0.4814 -0.1254
v -0.1131 0.4820 -0.1139
v -0.1133 0.4812 -0.1011
v -0.1168 0.4852 -0.0946
v -0.1169 0.4856 0.1047
v -0.1115 0.4812 0.1112
v -0.1088 0.4934 -0.1727
v -0.1105 0.4936 -0.1646
v -0.1108 0.4930 -0.1518
v -0.1105 0.4937 -0.1390
v -0.1104 0.4940 -0.1263
v -0.1106 0.4935 -0.1139
v -0.1102 0.4938 -0.1010
v -0.1167 0.4953 -0.0929
v -0.1160 0.4940 0.1038
v -0.1098 0.4937 0.1101
v -0.1066 0.5005 -0.1714
v -0.1068 0.5007 -0.1640
v -0.1068 0.5007 -0.1506
v -0.1068 0.5007 -0.1391
v -0.1068 0.5007 -0.1273
v -0.1068 0.5008 -0.1153
v -0.1084 0.5046 -0.0995
v -0.1150 0.5068 -0.0928
v -0.1151 0.5067 0.1021
v -0.1092 0.5060 0.1084
v -0.1089 0.5183 -0.0972
v -0.1150 0.5186 -0.0917
v -0.1134 0.5189 0.1015
v -0.1080 0.5183 0.1070
v -0.1076 0.5312 -0.0977
v -0.1140 0.5310 -0.0916
v -0.1123 0.5314 0.0996
v -0.1067 0.5275 0.1062
v -0.1080 0.5436 -0.0971
v -0.1142 0.5438 -0.0905
v -0.1150 0.5463 0.0905
v -0.1114 0.5410 0.0961
v -0.1075 0.5551 -0.0966
v -0.1135 0.5559 -0.0899
v -0.1170 0.5604 0.0798
v -0.1121 0.5562 0.0863
v -0.1073 0.5509 0.0931
v -0.1066 0.5749 -0.1095
v -0.1105 0.5722 -0.0996
v -0.1135 0.5687 -0.0884
v -0.1170 0.5687 -0.0817
v -0.1172 0.5639 0.0782
v -0.1111 0.5646 0.0860
v -0.1128 0.5663 0.0999
v -0.1110 0.5698 0.1110
v -0.1067 0.5728 0.1186
v -0.1080 0.5814 -0.1098
v -0.1136 0.5827 -0.1033
v -0.1135 0.5830 0.1004
v -0.1089 0.5806 0.1098
v -0.1052 0.5770 0.1175
v -0.1110 0.5939 -0.0989
v -0.1156 0.5912 -0.0916
v -0.1162 0.5939 0.1030
v -0.1102 0.5940 0.1097
v -0.1057 0.6017 -0.1077
v -0.1106 0.6067 -0.1004
v -0.1150 0.6111 -0.0904
v -0.1153 0.6075 0.0896
v -0.1121 0.6065 0.0987
v -0.1080 0.6064 0.1078
v -0.1087 0.6234 -0.1109
v -0.1116 0.6191 -0.1011
v -0.1138 0.6152 -0.0911
v -0.1170 0.6128 0.1015
v -0.1128 0.6152 0.1128
v -0.1115 0.6199 0.1244
v -0.1082 0.6232 0.1332
v -0.1112 0.6344 -0.1246
v -0.1130 0.6288 -0.1157
v -0.1168 0.6250 -0.1070
v -0.1166 0.6258 0.1288
v -0.1124 0.6302 0.1383
v -0.1098 0.6349 0.1459
v -0.1101 0.6452 -0.1379
v -0.1128 0.6397 -0.1299
v -0.1119 0.6442 0.1512
v -0.1068 0.6450 0.1550
v -0.1106 0.6572 -0.1492
v -0.1138 0.6528 -0.1431
v -0.1118 0.6563 0.1483
v -0.1093 0.6705 -0.1610
v -0.1128 0.6656 -0.1550
v -0.1120 0.6682 0.1477
v -0.1066 0.6853 -0.1717
v -0.1122 0.6802 -0.1655
v -0.1127 0.6834 0.1406
v -0.1099 0.6772 0.1442
v -0.1110 0.6939 -0.1734
v -0.1153 0.6898 -0.1688
v -0.1130 0.6906 0.1396
v -0.1106 0.6961 0.1461
v -0.1057 0.7109 -0.1838
v -0.1123 0.7058 -0.1781
v -0.1128 0.7046 0.1515
v -0.1085 0.7087 0.1568
v -0.1095 0.7197 -0.1850
v -0.1148 0.7163 -0.1809
v -0.1171 0.7148 0.1542
v -0.1110 0.7184 0.1591
v -0.1114 0.7315 -0.1875
v -0.1120 0.7308 0.1622
v -0.1116 0.7431 -0.1901
v -0.1134 0.7432 0.1645
v -0.1071 0.7452 0.1684
v -0.1067 0.7613 -0.1952
v -0.1114 0.7558 -0.1922
v -0.1150 0.7561 0.1658
v -0.1083 0.7569 0.1696
v -0.1066 0.7688 -0.1958
v -0.1133 0.7693 -0.1924
v -0.1161 0.7681 0.1664
v -0.1099 0.7693 0.1700
v -0.1065 0.7811 -0.1961
v -0.1123 0.7818 -0.1930
v -0.1168 0.7801 0.1665
v -0.1111 0.7815 0.1700
v -0.1064 0.7921 -0.1955
v -0.1128 0.7937 -0.1920
v -0.1168 0.7945 0.1665
v -0.1104 0.7939 0.1704
v -0.1114 0.8063 -0.1913
v -0.1162 0.8062 0.1662
v -0.1098 0.8056 0.1702
v -0.1123 0.8189 -0.1885
v -0.1157 0.8195 0.1650
v -0.1086 0.8182 0.1695
v -0.1108 0.8299 -0.1867
v -0.1162 0.8362 -0.1816
v -0.1134 0.8316 0.1641
v -0.1068 0.8297 0.1686
v -0.1088 0.8409 -0.1844
v -0.1128 0.8456 -0.1803
v -0.1165 0.8476 0.1538
v -0.1112 0.8434 0.1613
v -0.1126 0.8564 -0.1758
v -0.1130 0.8572 0.1503
v -0.1076 0.8537 0.1580
v -0.1090 0.8673 -0.1725
v -0.1140 0.8705 -0.1675
v -0.1145 0.8703 0.1391
v -0.1093 0.8672 0.1464
v -0.1108 0.8811 -0.1629
v -0.1165 0.8845 -0.1565
v -0.1115 0.8809 0.1369
v -0.1070 0.8885 -0.1602
v -0.1120 0.8939 -0.1525
v -0.1134 0.8900 0.1418
v -0.1118 0.8953 0.1461
v -0.1091 0.9024 -0.1476
v -0.1128 0.9072 -0.1406
v -0.1141 0.9076 0.1394
v -0.1087 0.9042 0.1470
v -0.1090 0.9155 -0.1359
v -0.1130 0.9197 -0.1284
v -0.1119 0.9186 0.1404
v -0.1137 0.9205 0.1428
v -0.1101 0.9266 -0.1232
v -0.1120 0.9321 -0.1145
v -0.1159 0.9357 -0.1059
v -0.1150 0.9337 0.1279
v -0.1115 0.9292 0.1362
v -0.1078 0.9386 -0.1094
v -0.1117 0.9414 -0.1010
v -0.1132 0.9469 -0.0897
v -0.1170 0.9492 0.1019
v -0.1130 0.9457 0.1129
v -0.1103 0.9411 0.1235
v -0.1070 0.9378 0.1320
v -0.1080 0.9514 -0.0864
v -0.1113 0.9542 -0.0759
v -0.1112 0.9589 -0.0637
v -0.1144 0.9609 -0.0518
v -0.1166 0.9623 -0.0426
v -0.1170 0.9614 0.0769
v -0.1135 0.9594 0.0872
v -0.1116 0.9548 0.0990
v -0.1080 0.9517 0.1092
v -0.1088 0.9645 -0.0500
v -0.1112 0.9663 -0.0380
v -0.1117 0.9684 -0.0265
v -0.1122 0.9702 -0.0144
v -0.1117 0.9720 -0.0018
v -0.1126 0.9725 0.0113
v -0.1124 0.9726 0.0231
v -0.1121 0.9721 0.0356
v -0.1121 0.9723 0.0485
v -0.1113 0.9702 0.0612
v -0.1117 0.9666 0.0726
v -0.1082 0.9642 0.0845
v -0.1069 0.9750 0.0038
v -0.1070 0.9752 0.0082
v -0.1070 0.9753 0.0231
v -0.1071 0.9751 0.0358
v -0.1063 0.9753 0.0492
v -0.0985 0.0122 0.0144
v -0.0987 0.0112 0.0236
v -0.0993 0.0100 0.0353
v -0.0991 0.0087 0.0490
v -0.0992 0.0076 0.0615
v -0.0992 0.0068 0.0736
v -0.0987 0.0062 0.0856
v -0.0988 0.0070 0.0996
v -0.1005 0.0109 0.1068
v -0.1004 0.0247 -0.0855
v -0.0994 0.0235 -0.0760
v -0.0987 0.0221 -0.0643
v -0.0987 0.0206 -0.0510
v -0.0987 0.0191 -0.0388
v -0.0988 0.0176 -0.0262
v -0.0997 0.0160 -0.0144
v -0.0983 0.0141 -0.0011
v -0.0996 0.0129 0.0083
v -0.0996 0.0193 0.1102
v -0.0990 0.0306 -0.1030
v -0.0987 0.0256 -0.0913
v -0.0992 0.0318 0.1112
v -0.0984 0.0445 -0.1091
v -0.0991 0.0435 0.1102
v -0.0992 0.0555 -0.1091
v -0.1002 0.0612 -0.1069
v -0.0999 0.0564 0.1104
v -0.0996 0.0680 -0.1065
v -0.0971 0.0715 0.1032
v -0.1013 0.0675 0.1074
v -0.0994 0.0810 -0.1042
v -0.0959 0.0854 0.0917
v -0.0994 0.0805 0.0975
v -0.0993 0.0945 -0.1007
v -0.0948 0.0983 0.0775
v -0.0995 0.0928 0.0858
v -0.0994 0.1064 -0.0967
v -0.1047 0.1109 -0.0945
v -0.0964 0.1109 0.0545
v -0.0991 0.1085 0.0603
v -0.0989 0.1034 0.0719
v -0.0992 0.1183 -0.0928
v -0.1016 0.1130 0.0542
v -0.0987 0.1166 0.0620
v -0.0995 0.1230 0.0680
v -0.0988 0.1301 -0.0920
v -0.0991 0.1307 0.0706
v -0.0984 0.1430 -0.0937
v -0.0988 0.1404 0.0759
v -0.0991 0.1464 0.0813
v -0.0990 0.1564 -0.0899
v -0.1001 0.1568 0.0852
v -0.0989 0.1694 -0.0872
v -0.0988 0.1690 0.0886
v -0.0993 0.1817 -0.0867
v -0.1002 0.1822 0.0866
v -0.0985 0.1932 -0.0838
v -0.0994 0.1996 -0.0819
v -0.0998 0.1935 0.0881
v -0.0983 0.2069 -0.0784
v -0.1018 0.2047 0.0911
v -0.0977 0.2085 0.0937
v -0.0993 0.2195 -0.0780
v -0.0992 0.2187 0.0961
v -0.0992 0.2313 -0.0800
v -0.0996 0.2317 0.0995
v -0.0965 0.2473 -0.0827
v -0.1002 0.2430 -0.0817
v -0.0995 0.2438 0.1025
v -0.0942 0.2476 0.1053
v -0.0991 0.2565 -0.0838
v -0.1038 0.2512 -0.0823
v -0.1023 0.2554 0.1035
v -0.0962 0.2568 0.1065
v -0.0988 0.2685 -0.0859
v -0.1046 0.2660 0.1046
v -0.0981 0.2688 0.1078
v -0.0995 0.2815 -0.0881
v -0.0988 0.2810 0.1092
v -0.1000 0.2936 -0.0904
v -0.0996 0.2934 0.1105
v -0.0953 0.3099 -0.0951
v -0.0998 0.3056 -0.0928
v -0.0990 0.3064 0.1122
v -0.0944 0.3224 -0.1093
v -0.0979 0.3189 -0.1003
v -0.1035 0.3156 -0.0940
v -0.0992 0.3185 0.1138
v -0.0963 0.3208 0.1233
v -0.0988 0.3315 -0.1108
v -0.1035 0.3262 -0.1030
v -0.1037 0.3264 0.1134
v -0.0995 0.3296 0.1253
v -0.0934 0.3319 0.1315
v -0.0965 0.3469 -0.1739
v -0.0974 0.3465 -0.1646
v -0.0973 0.3465 -0.1517
v -0.0973 0.3467 -0.1387
v -0.0974 0.3469 -0.1270
v -0.0996 0.3436 -0.1161
v -0.1020 0.3428 0.1275
v -0.0953 0.3427 0.1326
v -0.0971 0.3597 -0.1853
v -0.1008 0.3541 -0.1781
v -0.1037 0.3515 -0.1644
v -0.1036 0.3515 -0.1516
v -0.1035 0.3516 -0.1392
v -0.1038 0.3519 -0.1265
v -0.1037 0.3508 -0.1173
v -0.1037 0.3511 0.1288
v -0.0987 0.3552 0.1362
v -0.1000 0.3602 0.1473
v -0.0990 0.3686 -0.1860
v -0.1047 0.3689 -0.1822
v -0.0990 0.3635 0.1533
v -0.0993 0.3698 0.1605
v -0.0943 0.3749 0.1685
v -0.0987 0.3815 -0.1856
v -0.1047 0.3842 -0.1825
v -0.1021 0.3810 0.1640
v -0.0962 0.3817 0.1703
v -0.0983 0.3942 -0.1854
v -0.1047 0.3942 -0.1825
v -0.1037 0.3936 0.1650
v -0.0965 0.3940 0.1740
v -0.0977 0.4062 -0.1855
v -0.1046 0.4061 -0.1824
v -0.1045 0.4102 0.1295
v -0.1008 0.4111 0.1352
v -0.1035 0.4119 0.1479
v -0.1036 0.4086 0.1641
v -0.0979 0.4061 0.1735
v -0.0970 0.4183 -0.1854
v -0.1035 0.4199 -0.1823
v -0.1036 0.4198 0.1293
v -0.0970 0.4175 0.1346
v -0.0980 0.4146 0.1498
v -0.0980 0.4151 0.1618
v -0.0962 0.4144 0.1703
v -0.0951 0.4295 -0.1846
v -0.1014 0.4313 -0.1821
v -0.1029 0.4311 0.1283
v -0.0963 0.4321 0.1346
v -0.0946 0.4345 0.1479
v -0.0942 0.4359 0.1611
v -0.0933 0.4363 0.1698
v -0.0994 0.4432 -0.1815
v -0.1013 0.4434 0.1276
v -0.0989 0.4425 0.1359
v -0.0984 0.4437 0.1489
v -0.0976 0.4438 0.1616
v -0.0963 0.4436 0.1742
v -0.0956 0.4455 0.1857
v -0.0946 0.4473 0.1953
v -0.0998 0.4569 -0.1802
v -0.1009 0.4560 0.1261
v -0.0994 0.4557 0.1365
v -0.0993 0.4564 0.1481
v -0.0992 0.4559 0.1602
v -0.0989 0.4560 0.1728
v -0.0983 0.4564 0.1864
v -0.0962 0.4564 0.1963
v -0.0994 0.4695 -0.1790
v -0.1005 0.4685 0.1246
v -0.0990 0.4675 0.1368
v -0.0989 0.4687 0.1480
v -0.0988 0.4687 0.1612
v -0.0987 0.4689 0.1736
v -0.0986 0.4687 0.1867
v -0.0966 0.4677 0.1952
v -0.1013 0.4826 -0.1775
v -0.1045 0.4851 0.1171
v -0.1003 0.4812 0.1224
v -0.0986 0.4812 0.1357
v -0.0985 0.4808 0.1492
v -0.0984 0.4814 0.1612
v -0.0984 0.4808 0.1740
v -0.0981 0.4809 0.1872
v -0.0956 0.4800 0.1936
v -0.0991 0.4925 -0.1750
v -0.1036 0.4948 0.1159
v -0.0987 0.4936 0.1229
v -0.0982 0.4930 0.1360
v -0.0982 0.4933 0.1482
v -0.0981 0.4939 0.1612
v -0.0980 0.4940 0.1733
v -0.0970 0.4938 0.1872
v -0.0985 0.5050 -0.1728
v -0.0998 0.5070 -0.1642
v -0.0997 0.5072 -0.1516
v -0.0996 0.5072 -0.1399
v -0.0999 0.5071 -0.1270
v -0.0998 0.5073 -0.1135
v -0.1017 0.5075 -0.1046
v -0.1014 0.5070 0.1151
v -0.0961 0.5056 0.1228
v -0.0962 0.5057 0.1366
v -0.0963 0.5057 0.1488
v -0.0964 0.5057 0.1610
v -0.0962 0.5063 0.1730
v -0.0956 0.5057 0.1849
v -0.0942 0.5177 -0.1091
v -0.1012 0.5184 -0.1036
v -0.0995 0.5186 0.1137
v -0.0934 0.5154 0.1183
v -0.0929 0.5132 0.1606
v -0.0934 0.5129 0.1738
v -0.0934 0.5130 0.1822
v -0.0936 0.5306 -0.1093
v -0.1003 0.5304 -0.1039
v -0.1039 0.5353 0.1040
v -0.0997 0.5298 0.1093
v -0.0940 0.5432 -0.1090
v -0.1004 0.5436 -0.1038
v -0.1006 0.5450 0.1008
v -0.0960 0.5412 0.1058
v -0.0945 0.5512 -0.1078
v -0.0998 0.5563 -0.1029
v -0.1034 0.5591 0.0912
v -0.0984 0.5558 0.0967
v -0.0983 0.5735 -0.1127
v -0.1002 0.5692 -0.1029
v -0.1036 0.5643 0.0903
v -0.0989 0.5644 0.0975
v -0.0990 0.5651 0.1123
v -0.0985 0.5699 0.1227
v -0.0954 0.5811 -0.1208
v -0.1007 0.5826 -0.1157
v -0.1003 0.5832 0.1129
v -0.0972 0.5807 0.1205
v -0.0979 0.5940 -0.1115
v -0.1022 0.5922 -0.1054
v -0.1031 0.5949 0.1163
v -0.0969 0.5945 0.1216
v -0.0984 0.6067 -0.1118
v -0.1027 0.6107 -0.1050
v -0.1019 0.6065 0.1019
v -0.0988 0.6061 0.1113
v -0.0960 0.6079 0.1206
v -0.0958 0.6245 -0.1214
v -0.0994 0.6207 -0.1132
v -0.1002 0.6146 -0.1033
v -0.1004 0.6150 0.1259
v -0.0985 0.6197 0.1362
v -0.0950 0.6233 0.1445
v -0.0965 0.6356 -0.1352
v -0.0997 0.6305 -0.1272
v -0.1032 0.6266 -0.1199
v -0.1039 0.6263 0.1412
v -0.0994 0.6312 0.1500
v -0.0949 0.6355 0.1567
v -0.0964 0.6473 -0.1479
v -0.0993 0.6422 -0.1410
v -0.1000 0.6477 0.1545
v -0.0992 0.6434 0.1571
v -0.0958 0.6596 -0.1598
v -0.1001 0.6555 -0.1538
v -0.0997 0.6560 0.1514
v -0.0930 0.6736 -0.1718
v -0.0994 0.6684 -0.1650
v -0.0997 0.6684 0.1499
v -0.0986 0.6820 -0.1740
v -0.1031 0.6769 -0.1688
v -0.1033 0.6854 0.1419
v -0.0981 0.6808 0.1449
v -0.0946 0.6977 -0.1838
v -0.0995 0.6926 -0.1790
v -0.1001 0.6927 0.1499
v -0.0960 0.6981 0.1569
v -0.0983 0.7065 -0.1857
v -0.1032 0.7018 -0.1814
v -0.1046 0.7012 0.1544
v -0.0987 0.7060 0.1607
v -0.0986 0.7187 -0.1900
v -0.1002 0.7173 0.1647
v -0.0958 0.7227 0.1685
v -0.0938 0.7330 -0.1963
v -0.1005 0.7300 -0.1925
v -0.1034 0.7281 0.1662
v -0.0980 0.7316 0.1699
v -0.0976 0.7434 -0.1969
v -0.1031 0.7428 -0.1942
v -0.0994 0.7432 0.1720
v -0.0991 0.7563 -0.1982
v -0.0988 0.7561 0.1746
v -0.0993 0.7690 -0.1993
v -0.0990 0.7693 0.1759
v -0.0991 0.7811 -0.1996
v -0.0989 0.7813 0.1766
v -0.0998 0.7940 -0.1986
v -0.0990 0.7939 0.1765
v -0.0987 0.8065 -0.1976
v -0.1044 0.8107 -0.1943
v -0.0994 0.8067 0.1756
v -0.0967 0.8183 -0.1966
v -0.1026 0.8197 -0.1935
v -0.0992 0.8191 0.1743
v -0.0947 0.8271 -0.1956
v -0.0998 0.8324 -0.1918
v -0.0993 0.8317 0.1722
v -0.0996 0.8434 -0.1885
v -0.1034 0.8468 0.1661
v -0.0979 0.8439 0.1704
v -0.0980 0.8547 -0.1850
v -0.1025 0.8576 -0.1813
v -0.1050 0.8616 0.1547
v -0.0995 0.8574 0.1625
v -0.0957 0.8518 0.1690
v -0.0930 0.8636 -0.1836
v -0.0994 0.8692 -0.1772
v -0.1015 0.8706 0.1510
v -0.0972 0.8664 0.1578
v -0.0969 0.8795 -0.1725
v -0.1010 0.8829 -0.1680
v -0.1020 0.8844 0.1407
v -0.0977 0.8800 0.1470
v -0.0984 0.8924 -0.1626
v -0.1029 0.8974 -0.1560
v -0.1006 0.8883 0.1421
v -0.0991 0.8941 0.1469
v -0.0930 0.9018 -0.1585
v -0.0994 0.9059 -0.1512
v -0.1038 0.9100 -0.1447
v -0.1004 0.9055 0.1520
v -0.0956 0.9062 0.1559
v -0.0954 0.9138 -0.1470
v -0.0992 0.9186 -0.1399
v -0.1045 0.9230 -0.1318
v -0.1005 0.9179 0.1402
v -0.0984 0.9171 0.1457
v -0.0957 0.9261 -0.1345
v -0.0993 0.9306 -0.1268
v -0.1030 0.9351 -0.1184
v -0.1012 0.9341 0.1403
v -0.0987 0.9286 0.1438
v -0.0940 0.9381 -0.1211
v -0.0992 0.9406 -0.1135
v -0.1008 0.9470 -0.1019
v -0.1011 0.9463 0.1258
v -0.0986 0.9410 0.1349
v -0.0958 0.9512 -0.0988
v -0.0990 0.9546 -0.0891
v -0.0997 0.9598 -0.0766
v -0.1037 0.9620 -0.0659
v -0.1014 0.9602 0.1018
v -0.0989 0.9561 0.1120
v -0.0973 0.9515 0.1214
v -0.0957 0.9635 -0.0717
v -0.0976 0.9658 -0.0629
v -0.0994 0.9686 -0.0514
v -0.0997 0.9717 -0.0392
v -0.1021 0.9734 -0.0258
v -0.1039 0.9745 -0.0144
v -0.1028 0.9744 0.0633
v -0.1006 0.9722 0.0749
v -0.0994 0.9685 0.0866
v -0.0983 0.9643 0.0973
v -0.0943 0.9752 -0.0341
v -0.0960 0.9762 -0.0252
v -0.0976 0.9773 -0.0138
v -0.0996 0.9779 -0.0012
v -0.0994 0.9787 0.0114
v -0.0995 0.9787 0.0236
v -0.0989 0.9782 0.0363
v -0.0994 0.9787 0.0483
v -0.0971 0.9777 0.0608
v -0.0953 0.9759 0.0718
v -0.0857 0.0120 0.0142
v -0.0866 0.0109 0.0241
v -0.0865 0.0096 0.0366
v -0.0867 0.0083 0.0497
v -0.0866 0.0074 0.0612
v -0.0863 0.0066 0.0742
v -0.0861 0.0063 0.0861
v -0.0874 0.0083 0.0972
v -0.0861 0.0248 -0.0843
v -0.0871 0.0237 -0.0759
v -0.0863 0.0222 -0.0636
v -0.0864 0.0207 -0.0516
v -0.0856 0.0191 -0.0393
v -0.0862 0.0175 -0.0269
v -0.0875 0.0158 -0.0141
v -0.0866 0.0141 -0.0017
v -0.0870 0.0128 0.0078
v -0.0847 0.0190 0.1028
v -0.0910 0.0205 0.1070
v -0.0866 0.0305 -0.1018
v -0.0864 0.0257 -0.0903
v -0.0829 0.0322 0.1031
v -0.0895 0.0313 0.1072
v -0.0876 0.0442 -0.1083
v -0.0838 0.0404 -0.1071
v -0.0852 0.0437 0.1028
v -0.0915 0.0431 0.1067
v -0.0871 0.0547 -0.1085
v -0.0860 0.0595 -0.1067
v -0.0851 0.0564 0.1015
v -0.0911 0.0557 0.1059
v -0.0873 0.0683 -0.1057
v -0.0821 0.0737 0.0921
v -0.0874 0.0690 0.0985
v -0.0868 0.0813 -0.1035
v -0.0855 0.0823 0.0880
v -0.0891 0.0776 0.0944
v -0.0872 0.0939 -0.1005
v -0.0859 0.0961 0.0751
v -0.0883 0.0905 0.0825
v -0.0870 0.1054 -0.0968
v -0.0858 0.1091 0.0534
v -0.0872 0.1051 0.0601
v -0.0900 0.1018 0.0699
v -0.0864 0.1185 -0.0922
v -0.0867 0.1171 0.0618
v -0.0923 0.1243 0.0679
v -0.0865 0.1304 -0.0921
v -0.0833 0.1267 0.0669
v -0.0872 0.1315 0.0698
v -0.0864 0.1422 -0.0937
v -0.0857 0.1405 0.0751
v -0.0870 0.1473 0.0811
v -0.0866 0.1561 -0.0897
v -0.0872 0.1559 0.0844
v -0.0863 0.1689 -0.0869
v -0.0864 0.1691 0.0882
v -0.0867 0.1819 -0.0866
v -0.0864 0.1813 0.0884
v -0.0865 0.1933 -0.0839
v -0.0847 0.1992 -0.0821
v -0.0870 0.1932 0.0900
v -0.0850 0.1996 0.0925
v -0.0857 0.2067 -0.0784
v -0.0868 0.2063 0.0947
v -0.0865 0.2196 -0.0784
v -0.0870 0.2191 0.0989
v -0.0868 0.2314 -0.0804
v -0.0871 0.2311 0.1024
v -0.0875 0.2465 -0.0828
v -0.0859 0.2407 -0.0818
v -0.0882 0.2397 0.1045
v -0.0859 0.2455 0.1062
v -0.0863 0.2559 -0.0843
v -0.0877 0.2561 0.1084
v -0.0867 0.2681 -0.0867
v -0.0866 0.2691 0.1111
v -0.0869 0.2810 -0.0895
v -0.0869 0.2815 0.1130
v -0.0871 0.2943 -0.0926
v -0.0862 0.2945 0.1154
v -0.0840 0.3098 -0.1086
v -0.0860 0.3073 -0.0996
v -0.0905 0.3035 -0.0944
v -0.0884 0.3056 0.1164
v -0.0844 0.3079 0.1235
v -0.0813 0.3099 0.1311
v -0.0870 0.3187 -0.1118
v -0.0913 0.3134 -0.1019
v -0.0915 0.3129 0.1166
v -0.0903 0.3155 0.1260
v -0.0853 0.3191 0.1335
v -0.0834 0.3352 -0.1224
v -0.0882 0.3308 -0.1172
v -0.0882 0.3310 0.1366
v -0.0825 0.3357 0.1446
v -0.0830 0.3482 -0.1833
v -0.0870 0.3445 -0.1764
v -0.0874 0.3418 -0.1635
v -0.0868 0.3417 -0.1506
v -0.0878 0.3424 -0.1390
v -0.0872 0.3415 -0.1257
v -0.0917 0.3397 -0.1196
v -0.0897 0.3425 0.1385
v -0.0839 0.3442 0.1461
v -0.0875 0.3554 -0.1869
v -0.0917 0.3502 -0.1814
v -0.0901 0.3557 0.1405
v -0.0853 0.3567 0.1447
v -0.0872 0.3691 -0.1896
v -0.0864 0.3648 0.1495
v -0.0873 0.3688 0.1619
v -0.0861 0.3735 0.1703
v -0.0867 0.3814 -0.1896
v -0.0881 0.3800 0.1760
v -0.0847 0.3845 0.1814
v -0.0874 0.3937 -0.1895
v -0.0923 0.3934 0.1793
v -0.0857 0.3950 0.1836
v -0.0867 0.4057 -0.1894
v -0.0874 0.4081 0.1784
v -0.0839 0.4053 0.1842
v -0.0871 0.4183 -0.1893
v -0.0886 0.4194 0.1393
v -0.0854 0.4197 0.1483
v -0.0863 0.4199 0.1608
v -0.0863 0.4166 0.1731
v -0.0877 0.4327 -0.1870
v -0.0906 0.4274 0.1387
v -0.0894 0.4281 0.1491
v -0.0882 0.4291 0.1619
v -0.0876 0.4313 0.1739
v -0.0859 0.4330 0.1866
v -0.0840 0.4354 0.1965
v -0.0861 0.4407 -0.1829
v -0.0879 0.4464 -0.1821
v -0.0918 0.4392 0.1876
v -0.0875 0.4436 0.1998
v -0.0869 0.4564 -0.1811
v -0.0865 0.4567 0.2001
v -0.0820 0.4617 0.2083
v -0.0868 0.4685 -0.1797
v -0.0893 0.4684 0.1994
v -0.0860 0.4692 0.2123
v -0.0817 0.4671 0.2180
v -0.0865 0.4816 -0.1782
v -0.0901 0.4815 0.1982
v -0.0878 0.4806 0.2118
v -0.0872 0.4949 -0.1762
v -0.0895 0.4963 0.1918
v -0.0852 0.4928 0.1969
v -0.0852 0.4916 0.2090
v -0.0876 0.5070 -0.1733
v -0.0914 0.5117 -0.1648
v -0.0914 0.5117 -0.1518
v -0.0915 0.5117 -0.1382
v -0.0911 0.5119 -0.1263
v -0.0913 0.5120 -0.1155
v -0.0878 0.5061 0.1901
v -0.0829 0.5130 -0.1715
v -0.0853 0.5130 -0.1639
v -0.0848 0.5131 -0.1510
v -0.0850 0.5130 -0.1378
v -0.0846 0.5131 -0.1260
v -0.0862 0.5169 -0.1153
v -0.0923 0.5223 0.1169
v -0.0869 0.5182 0.1231
v -0.0876 0.5174 0.1361
v -0.0877 0.5179 0.1488
v -0.0873 0.5190 0.1609
v -0.0870 0.5198 0.1740
v -0.0861 0.5176 0.1851
v -0.0850 0.5308 -0.1151
v -0.0880 0.5322 0.1149
v -0.0842 0.5273 0.1193
v -0.0866 0.5436 -0.1140
v -0.0922 0.5480 0.1048
v -0.0865 0.5432 0.1106
v -0.0867 0.5557 -0.1119
v -0.0898 0.5563 0.1025
v -0.0838 0.5550 0.1072
v -0.0859 0.5741 -0.1229
v -0.0868 0.5702 -0.1134
v -0.0920 0.5690 -0.1072
v -0.0893 0.5640 0.1025
v -0.0859 0.5642 0.1110
v -0.0877 0.5663 0.1265
v -0.0844 0.5694 0.1327
v -0.0867 0.5817 -0.1261
v -0.0921 0.5830 0.1172
v -0.0872 0.5824 0.1244
v -0.0824 0.5773 0.1324
v -0.0839 0.5932 -0.1228
v -0.0887 0.5932 -0.1170
v -0.0888 0.5947 0.1273
v -0.0825 0.5945 0.1314
v -0.0845 0.6050 -0.1226
v -0.0890 0.6087 -0.1175
v -0.0888 0.6060 0.1142
v -0.0863 0.6058 0.1236
v -0.0843 0.6119 0.1320
v -0.0856 0.6222 -0.1235
v -0.0866 0.6153 -0.1142
v -0.0922 0.6141 -0.1074
v -0.0876 0.6158 0.1373
v -0.0867 0.6220 0.1469
v -0.0855 0.6332 -0.1377
v -0.0877 0.6281 -0.1304
v -0.0882 0.6278 0.1530
v -0.0863 0.6336 0.1587
v -0.0858 0.6455 -0.1511
v -0.0883 0.6391 -0.1431
v -0.0861 0.6488 0.1538
v -0.0869 0.6435 0.1592
v -0.0864 0.6576 -0.1623
v -0.0891 0.6518 -0.1559
v -0.0898 0.6547 0.1535
v -0.0851 0.6576 0.1562
v -0.0860 0.6708 -0.1729
v -0.0879 0.6653 -0.1680
v -0.0867 0.6693 0.1511
v -0.0869 0.6812 -0.1789
v -0.0870 0.6813 0.1484
v -0.0859 0.6940 -0.1858
v -0.0902 0.6891 -0.1817
v -0.0895 0.6895 0.1534
v -0.0862 0.6945 0.1592
v -0.0870 0.7063 -0.1907
v -0.0884 0.7041 0.1647
v -0.0846 0.7091 0.1688
v -0.0841 0.7207 -0.1969
v -0.0894 0.7169 -0.1935
v -0.0871 0.7183 0.1712
v -0.0867 0.7314 -0.1989
v -0.0871 0.7311 0.1753
v -0.0873 0.7439 -0.2015
v -0.0887 0.7439 0.1776
v -0.0826 0.7451 0.1809
v -0.0862 0.7559 -0.2037
v -0.0910 0.7562 0.1786
v -0.0847 0.7565 0.1819
v -0.0866 0.7681 -0.2047
v -0.0925 0.7672 0.1792
v -0.0855 0.7686 0.1828
v -0.0865 0.7820 -0.2050
v -0.0865 0.7816 0.1829
v -0.0869 0.7936 -0.2042
v -0.0925 0.7987 0.1795
v -0.0865 0.7937 0.1827
v -0.0876 0.8064 -0.2025
v -0.0915 0.8091 0.1793
v -0.0857 0.8062 0.1823
v -0.0863 0.8187 -0.2010
v -0.0906 0.8199 0.1785
v -0.0838 0.8185 0.1819
v -0.0868 0.8309 -0.1980
v -0.0923 0.8354 -0.1945
v -0.0879 0.8324 0.1778
v -0.0827 0.8294 0.1808
v -0.0825 0.8422 -0.1964
v -0.0884 0.8449 -0.1932
v -0.0864 0.8437 0.1761
v -0.0868 0.8562 -0.1896
v -0.0912 0.8610 0.1663
v -0.0863 0.8562 0.1722
v -0.0852 0.8673 -0.1853
v -0.0892 0.8722 -0.1810
v -0.0878 0.8691 0.1624
v -0.0830 0.8647 0.1686
v -0.0868 0.8807 -0.1770
v -0.0882 0.8828 0.1515
v -0.0853 0.8778 0.1573
v -0.0836 0.8898 -0.1724
v -0.0875 0.8952 -0.1665
v -0.0870 0.8931 0.1478
v -0.0852 0.9037 -0.1611
v -0.0884 0.9090 -0.1551
v -0.0865 0.9015 0.1536
v -0.0872 0.9081 0.1580
v -0.0857 0.9173 -0.1496
v -0.0892 0.9227 -0.1424
v -0.0875 0.9201 0.1485
v -0.0843 0.9147 0.1581
v -0.0854 0.9286 -0.1382
v -0.0882 0.9344 -0.1295
v -0.0868 0.9309 0.1458
v -0.0856 0.9392 -0.1246
v -0.0871 0.9451 -0.1152
v -0.0921 0.9482 -0.1072
v -0.0923 0.9485 0.1298
v -0.0874 0.9443 0.1374
v -0.0848 0.9389 0.1438
v -0.0842 0.9507 -0.1086
v -0.0871 0.9539 -0.1006
v -0.0865 0.9596 -0.0900
v -0.0910 0.9617 -0.0813
v -0.0894 0.9606 0.1140
v -0.0875 0.9551 0.1242
v -0.0829 0.9519 0.1331
v -0.0833 0.9633 -0.0846
v -0.0867 0.9657 -0.0757
v -0.0863 0.9698 -0.0647
v -0.0881 0.9731 -0.0521
v -0.0914 0.9749 -0.0407
v -0.0926 0.9748 0.0793
v -0.0888 0.9729 0.0887
v -0.0865 0.9700 0.0979
v -0.0859 0.9646 0.1097
v -0.0815 0.9761 -0.0500
v -0.0863 0.9772 -0.0390
v -0.0870 0.9795 -0.0267
v -0.0867 0.9816 -0.0139
v -0.0867 0.9830 -0.0016
v -0.0867 0.9838 0.0123
v -0.0868 0.9838 0.0238
v -0.0866 0.9831 0.0365
v -0.0869 0.9839 0.0481
v -0.0858 0.9825 0.0608
v -0.0868 0.9790 0.0735
v -0.0846 0.9763 0.0846
v -0.0737 0.0120 0.0137
v -0.0743 0.0108 0.0244
v -0.0737 0.0095 0.0360
v -0.0744 0.0083 0.0483
v -0.0742 0.0075 0.0604
v -0.0739 0.0070 0.0734
v -0.0742 0.0082 0.0854
v -0.0783 0.0103 0.0940
v -0.0767 0.0249 -0.0835
v -0.0741 0.0240 -0.0762
v -0.0741 0.0223 -0.0638
v -0.0744 0.0206 -0.0510
v -0.0742 0.0190 -0.0390
v -0.0741 0.0174 -0.0263
v -0.0746 0.0156 -0.0130
v -0.0742 0.0140 -0.0012
v -0.0738 0.0128 0.0073
v -0.0697 0.0169 0.0905
v -0.0758 0.0193 0.0966
v -0.0744 0.0313 -0.1000
v -0.0732 0.0261 -0.0895
v -0.0686 0.0351 0.0899
v -0.0740 0.0315 0.0962
v -0.0743 0.0440 -0.1049
v -0.0698 0.0442 0.0885
v -0.0768 0.0434 0.0960
v -0.0799 0.0511 -0.1076
v -0.0743 0.0569 -0.1043
v -0.0719 0.0566 0.0890
v -0.0778 0.0561 0.0953
v -0.0742 0.0691 -0.1021
v -0.0692 0.0738 0.0787
v -0.0741 0.0695 0.0865
v -0.0787 0.0648 0.0936
v -0.0746 0.0817 -0.1004
v -0.0714 0.0824 0.0752
v -0.0767 0.0796 0.0829
v -0.0747 0.0943 -0.0976
v -0.0698 0.0993 -0.0944
v -0.0696 0.0987 0.0518
v -0.0725 0.0965 0.0617
v -0.0760 0.0918 0.0721
v -0.0786 0.1036 -0.0960
v -0.0735 0.1066 -0.0933
v -0.0741 0.1059 0.0498
v -0.0776 0.1015 0.0583
v -0.0740 0.1184 -0.0892
v -0.0724 0.1131 0.0527
v -0.0742 0.1184 0.0594
v -0.0739 0.1303 -0.0899
v -0.0734 0.1303 0.0649
v -0.0775 0.1341 0.0683
v -0.0743 0.1431 -0.0912
v -0.0689 0.1377 0.0661
v -0.0740 0.1421 0.0733
v -0.0738 0.1555 -0.0873
v -0.0715 0.1517 0.0786
v -0.0756 0.1571 0.0823
v -0.0744 0.1697 -0.0845
v -0.0696 0.1676 -0.0819
v -0.0741 0.1690 0.0855
v -0.0744 0.1813 -0.0845
v -0.0684 0.1863 -0.0819
v -0.0738 0.1818 0.0864
v -0.0761 0.1902 -0.0831
v -0.0725 0.1958 -0.0807
v -0.0736 0.1944 0.0894
v -0.0742 0.2065 -0.0762
v -0.0693 0.2033 0.0920
v -0.0750 0.2077 0.0947
v -0.0739 0.2185 -0.0765
v -0.0743 0.2190 0.0984
v -0.0744 0.2307 -0.0787
v -0.0746 0.2316 0.1024
v -0.0741 0.2433 -0.0807
v -0.0717 0.2394 0.1046
v -0.0751 0.2446 0.1064
v -0.0760 0.2569 -0.0836
v -0.0719 0.2520 -0.0818
v -0.0747 0.2561 0.1094
v -0.0737 0.2687 -0.0858
v -0.0743 0.2692 0.1128
v -0.0744 0.2815 -0.0892
v -0.0743 0.2808 0.1154
v -0.0708 0.2984 -0.1084
v -0.0721 0.2959 -0.1008
v -0.0750 0.2937 -0.0926
v -0.0765 0.2909 0.1170
v -0.0723 0.2953 0.1231
v -0.0700 0.2985 0.1320
v -0.0740 0.3066 -0.1120
v -0.0784 0.3017 -0.1017
v -0.0782 0.3019 0.1241
v -0.0743 0.3068 0.1334
v -0.0719 0.3222 -0.1216
v -0.0759 0.3176 -0.1173
v -0.0750 0.3192 0.1382
v -0.0738 0.3314 -0.1255
v -0.0771 0.3264 0.1414
v -0.0737 0.3317 0.1459
v -0.0737 0.3473 -0.1847
v -0.0750 0.3422 -0.1765
v -0.0749 0.3397 -0.1633
v -0.0744 0.3396 -0.1515
v -0.0741 0.3400 -0.1389
v -0.0747 0.3395 -0.1300
v -0.0747 0.3434 0.1495
v -0.0739 0.3555 -0.1878
v -0.0749 0.3550 0.1498
v -0.0741 0.3687 -0.1891
v -0.0744 0.3675 0.1522
v -0.0747 0.3720 0.1614
v -0.0750 0.3740 0.1711
v -0.0741 0.3813 -0.1889
v -0.0744 0.3769 0.1773
v -0.0739 0.3842 0.1819
v -0.0741 0.3941 -0.1888
v -0.0751 0.3919 0.1885
v -0.0737 0.4058 -0.1887
v -0.0749 0.4118 0.1784
v -0.0752 0.4078 0.1876
v -0.0731 0.4187 -0.1881
v -0.0789 0.4203 0.1519
v -0.0747 0.4209 0.1614
v -0.0742 0.4194 0.1734
v -0.0722 0.4149 0.1831
v -0.0744 0.4317 -0.1868
v -0.0794 0.4257 0.1740
v -0.0749 0.4274 0.1867
v -0.0749 0.4329 0.1985
v -0.0743 0.4424 -0.1836
v -0.0779 0.4499 -0.1825
v -0.0742 0.4436 0.2024
v -0.0721 0.4515 -0.1828
v -0.0751 0.4571 -0.1819
v -0.0753 0.4544 0.2021
v -0.0747 0.4584 0.2112
v -0.0733 0.4610 0.2188
v -0.0736 0.4697 -0.1804
v -0.0744 0.4715 0.2169
v -0.0752 0.4663 0.2187
v -0.0746 0.4813 -0.1787
v -0.0736 0.4815 0.2141
v -0.0750 0.4948 -0.1776
v -0.0768 0.4984 0.1970
v -0.0752 0.4949 0.2094
v -0.0743 0.5058 -0.1738
v -0.0756 0.5086 0.1918
v -0.0725 0.5017 0.1975
v -0.0723 0.5010 0.2064
v -0.0738 0.5131 -0.1719
v -0.0740 0.5135 -0.1641
v -0.0741 0.5135 -0.1509
v -0.0742 0.5135 -0.1387
v -0.0735 0.5157 -0.1247
v -0.0786 0.5173 -0.1194
v -0.0752 0.5222 0.1270
v -0.0742 0.5235 0.1363
v -0.0772 0.5241 0.1475
v -0.0795 0.5244 0.1602
v -0.0800 0.5247 0.1704
v -0.0747 0.5199 0.1882
v -0.0719 0.5313 -0.1225
v -0.0774 0.5304 -0.1197
v -0.0798 0.5373 0.1172
v -0.0740 0.5311 0.1229
v -0.0706 0.5256 0.1489
v -0.0740 0.5262 0.1609
v -0.0743 0.5270 0.1742
v -0.0724 0.5263 0.1826
v -0.0709 0.5429 -0.1227
v -0.0781 0.5435 -0.1191
v -0.0765 0.5455 0.1156
v -0.0719 0.5419 0.1198
v -0.0700 0.5521 -0.1211
v -0.0748 0.5567 -0.1176
v -0.0740 0.5567 0.1128
v -0.0744 0.5734 -0.1266
v -0.0750 0.5691 -0.1171
v -0.0750 0.5636 0.1125
v -0.0738 0.5639 0.1246
v -0.0745 0.5682 0.1360
v -0.0715 0.5816 -0.1350
v -0.0776 0.5808 -0.1315
v -0.0773 0.5830 0.1285
v -0.0731 0.5818 0.1342
v -0.0743 0.5931 -0.1266
v -0.0744 0.5952 0.1357
v -0.0745 0.6074 -0.1274
v -0.0754 0.6056 0.1258
v -0.0726 0.6066 0.1332
v -0.0696 0.6243 -0.1332
v -0.0732 0.6184 -0.1253
v -0.0779 0.6149 -0.1182
v -0.0748 0.6141 0.1401
v -0.0742 0.6196 0.1490
v -0.0710 0.6244 0.1564
v -0.0714 0.6367 -0.1473
v -0.0741 0.6308 -0.1395
v -0.0791 0.6262 -0.1318
v -0.0800 0.6259 0.1547
v -0.0734 0.6318 0.1616
v -0.0721 0.6489 -0.1596
v -0.0745 0.6428 -0.1528
v -0.0789 0.6481 0.1545
v -0.0743 0.6440 0.1593
v -0.0694 0.6615 -0.1713
v -0.0745 0.6561 -0.1652
v -0.0740 0.6558 0.1585
v -0.0741 0.6684 -0.1750
v -0.0791 0.6629 -0.1695
v -0.0742 0.6695 0.1526
v -0.0712 0.6630 0.1563
v -0.0728 0.6829 -0.1847
v -0.0763 0.6789 -0.1810
v -0.0752 0.6792 0.1513
v -0.0726 0.6852 0.1575
v -0.0739 0.6939 -0.1899
v -0.0754 0.6936 0.1630
v -0.0705 0.6986 0.1682
v -0.0725 0.7081 -0.1966
v -0.0767 0.7034 -0.1934
v -0.0790 0.7007 0.1666
v -0.0740 0.7065 0.1711
v -0.0737 0.7180 -0.1998
v -0.0749 0.7183 0.1762
v -0.0708 0.7235 0.1801
v -0.0739 0.7311 -0.2035
v -0.0777 0.7285 0.1790
v -0.0722 0.7309 0.1822
v -0.0700 0.7480 -0.2084
v -0.0754 0.7434 -0.2058
v -0.0747 0.7436 0.1844
v -0.0719 0.7578 -0.2091
v -0.0779 0.7559 -0.2069
v -0.0745 0.7562 0.1867
v -0.0738 0.7695 -0.2094
v -0.0800 0.7709 -0.2074
v -0.0744 0.7697 0.1880
v -0.0744 0.7814 -0.2094
v -0.0799 0.7846 -0.2075
v -0.0735 0.7815 0.1889
v -0.0729 0.7937 -0.2093
v -0.0792 0.7963 -0.2070
v -0.0741 0.7939 0.1885
v -0.0715 0.8059 -0.2085
v -0.0777 0.8077 -0.2061
v -0.0745 0.8065 0.1877
v -0.0699 0.8146 -0.2076
v -0.0748 0.8190 -0.2052
v -0.0733 0.8184 0.1869
v -0.0744 0.8316 -0.2024
v -0.0745 0.8314 0.1839
v -0.0734 0.8436 -0.1993
v -0.0784 0.8456 0.1793
v -0.0731 0.8435 0.1818
v -0.0722 0.8534 -0.1963
v -0.0756 0.8582 -0.1932
v -0.0747 0.8564 0.1774
v -0.0707 0.8512 0.1808
v -0.0740 0.8686 -0.1891
v -0.0773 0.8723 0.1659
v -0.0732 0.8674 0.1714
v -0.0727 0.8789 -0.1843
v -0.0758 0.8837 -0.1802
v -0.0792 0.8860 0.1543
v -0.0742 0.8809 0.1608
v -0.0740 0.8925 -0.1749
v -0.0778 0.8976 -0.1694
v -0.0747 0.8937 0.1514
v -0.0701 0.8888 0.1565
v -0.0695 0.9006 -0.1712
v -0.0741 0.9063 -0.1645
v -0.0766 0.9014 0.1542
v -0.0739 0.9073 0.1591
v -0.0704 0.9139 -0.1596
v -0.0756 0.9185 -0.1535
v -0.0779 0.9235 0.1517
v -0.0742 0.9177 0.1610
v -0.0735 0.9259 -0.1471
v -0.0734 0.9322 -0.1400
v -0.0791 0.9360 -0.1324
v -0.0742 0.9296 0.1486
v -0.0693 0.9253 0.1564
v -0.0706 0.9378 -0.1344
v -0.0741 0.9419 -0.1271
v -0.0754 0.9481 -0.1179
v -0.0779 0.9487 0.1416
v -0.0746 0.9429 0.1473
v -0.0734 0.9526 -0.1121
v -0.0745 0.9584 -0.1010
v -0.0770 0.9612 -0.0938
v -0.0753 0.9601 0.1261
v -0.0738 0.9542 0.1367
v -0.0698 0.9504 0.1446
v -0.0688 0.9632 -0.0952
v -0.0741 0.9652 -0.0873
v -0.0738 0.9699 -0.0762
v -0.0759 0.9737 -0.0641
v -0.0752 0.9732 0.1008
v -0.0740 0.9684 0.1117
v -0.0728 0.9638 0.1214
v -0.0718 0.9760 -0.0609
v -0.0738 0.9784 -0.0510
v -0.0745 0.9813 -0.0387
v -0.0737 0.9840 -0.0266
v -0.0745 0.9858 -0.0139
v -0.0762 0.9866 -0.0020
v -0.0778 0.9868 0.0116
v -0.0777 0.9870 0.0237
v -0.0776 0.9865 0.0365
v -0.0782 0.9868 0.0495
v -0.0746 0.9861 0.0624
v -0.0743 0.9836 0.0735
v -0.0744 0.9797 0.0854
v -0.0727 0.9767 0.0947
v -0.0704 0.9885 -0.0009
v -0.0714 0.9888 0.0113
v -0.0722 0.9888 0.0240
v -0.0711 0.9887 0.0367
v -0.0720 0.9888 0.0483
v -0.0703 0.9882 0.0577
v -0.0622 0.0121 0.0152
v -0.0615 0.0111 0.0241
v -0.0614 0.0100 0.0360
v -0.0615 0.0091 0.0479
v -0.0603 0.0091 0.0615
v -0.0628 0.0093 0.0727
v -0.0661 0.0105 0.0815
v -0.0621 0.0242 -0.0750
v -0.0609 0.0226 -0.0636
v -0.0617 0.0208 -0.0503
v -0.0618 0.0193 -0.0392
v -0.0613 0.0175 -0.0260
v -0.0614 0.0159 -0.0139
v -0.0619 0.0142 -0.0007
v -0.0619 0.0129 0.0088
v -0.0578 0.0181 0.0756
v -0.0639 0.0192 0.0846
v -0.0647 0.0331 -0.0970
v -0.0609 0.0291 -0.0902
v -0.0587 0.0253 -0.0801
v -0.0575 0.0325 0.0755
v -0.0635 0.0311 0.0850
v -0.0624 0.0439 -0.0991
v -0.0553 0.0430 -0.0944
v -0.0553 0.0450 0.0658
v -0.0591 0.0434 0.0731
v -0.0652 0.0427 0.0827
v -0.0622 0.0564 -0.0982
v -0.0565 0.0584 -0.0934
v -0.0562 0.0579 0.0652
v -0.0602 0.0556 0.0729
v -0.0661 0.0568 0.0818
v -0.0641 0.0687 -0.0971
v -0.0580 0.0692 -0.0928
v -0.0570 0.0695 0.0625
v -0.0630 0.0689 0.0728
v -0.0673 0.0666 0.0801
v -0.0658 0.0808 -0.0966
v -0.0593 0.0823 -0.0922
v -0.0563 0.0852 0.0504
v -0.0609 0.0815 0.0614
v -0.0660 0.0802 0.0702
v -0.0666 0.0892 -0.0956
v -0.0608 0.0943 -0.0906
v -0.0578 0.0952 0.0386
v -0.0615 0.0931 0.0481
v -0.0649 0.0912 0.0589
v -0.0618 0.1053 -0.0879
v -0.0554 0.1095 -0.0821
v -0.0590 0.1052 0.0386
v -0.0652 0.1066 0.0443
v -0.0635 0.1175 -0.0848
v -0.0574 0.1204 -0.0799
v -0.0569 0.1127 0.0412
v -0.0615 0.1167 0.0501
v -0.0647 0.1209 0.0560
v -0.0618 0.1306 -0.0858
v -0.0560 0.1253 -0.0804
v -0.0566 0.1262 0.0526
v -0.0623 0.1316 0.0593
v -0.0619 0.1429 -0.0865
v -0.0563 0.1473 -0.0824
v -0.0598 0.1409 0.0636
v -0.0620 0.1446 0.0701
v -0.0643 0.1547 -0.0841
v -0.0581 0.1588 -0.0791
v -0.0616 0.1555 0.0750
v -0.0672 0.1606 0.0804
v -0.0661 0.1714 -0.0829
v -0.0610 0.1688 -0.0793
v -0.0582 0.1669 0.0778
v -0.0634 0.1706 0.0819
v -0.0658 0.1769 -0.0825
v -0.0615 0.1824 -0.0796
v -0.0567 0.1841 0.0787
v -0.0621 0.1808 0.0822
v -0.0608 0.1944 -0.0763
v -0.0615 0.1936 0.0851
v -0.0630 0.2055 -0.0724
v -0.0571 0.2077 -0.0682
v -0.0592 0.2061 0.0893
v -0.0659 0.2100 0.0935
v -0.0619 0.2189 -0.0726
v -0.0562 0.2155 -0.0694
v -0.0562 0.2151 0.0913
v -0.0622 0.2198 0.0956
v -0.0624 0.2312 -0.0750
v -0.0611 0.2316 0.0992
v -0.0620 0.2441 -0.0772
v -0.0610 0.2427 0.1030
v -0.0657 0.2469 0.1059
v -0.0675 0.2614 -0.0829
v -0.0613 0.2566 -0.0797
v -0.0619 0.2556 0.1078
v -0.0629 0.2701 -0.0839
v -0.0588 0.2657 -0.0813
v -0.0611 0.2686 0.1121
v -0.0582 0.2836 -0.1004
v -0.0604 0.2816 -0.0876
v -0.0615 0.2807 0.1159
v -0.0595 0.2828 0.1245
v -0.0573 0.2857 0.1309
v -0.0601 0.2951 -0.1107
v -0.0639 0.2898 -0.1033
v -0.0659 0.2896 -0.0917
v -0.0665 0.2898 0.1240
v -0.0616 0.2943 0.1336
v -0.0589 0.3117 -0.1216
v -0.0616 0.3052 -0.1165
v -0.0616 0.3059 0.1385
v -0.0560 0.3118 0.1431
v -0.0618 0.3187 -0.1242
v -0.0654 0.3131 -0.1197
v -0.0646 0.3160 0.1412
v -0.0602 0.3201 0.1457
v -0.0578 0.3340 -0.1337
v -0.0620 0.3296 -0.1298
v -0.0617 0.3311 0.1502
v -0.0618 0.3461 -0.1853
v -0.0618 0.3412 -0.1760
v -0.0617 0.3393 -0.1644
v -0.0612 0.3393 -0.1506
v -0.0613 0.3391 -0.1371
v -0.0676 0.3382 -0.1321
v -0.0628 0.3425 0.1530
v -0.0577 0.3463 0.1560
v -0.0614 0.3564 -0.1871
v -0.0661 0.3548 0.1540
v -0.0599 0.3576 0.1570
v -0.0614 0.3691 -0.1868
v -0.0633 0.3705 0.1584
v -0.0620 0.3809 -0.1866
v -0.0603 0.3800 0.1621
v -0.0616 0.3814 0.1745
v -0.0655 0.3843 0.1804
v -0.0623 0.3939 -0.1864
v -0.0552 0.3889 0.1626
v -0.0581 0.3934 0.1779
v -0.0627 0.3936 0.1861
v -0.0620 0.4060 -0.1862
v -0.0565 0.4105 0.1631
v -0.0602 0.4081 0.1754
v -0.0623 0.4068 0.1854
v -0.0619 0.4192 -0.1859
v -0.0628 0.4179 0.1616
v -0.0631 0.4193 0.1721
v -0.0625 0.4210 0.1815
v -0.0611 0.4314 -0.1854
v -0.0622 0.4262 0.1871
v -0.0619 0.4318 0.1990
v -0.0620 0.4442 -0.1843
v -0.0617 0.4440 0.2029
v -0.0609 0.4548 -0.1831
v -0.0641 0.4608 -0.1821
v -0.0613 0.4531 0.2028
v -0.0612 0.4573 0.2112
v -0.0620 0.4604 0.2187
v -0.0610 0.4681 -0.1813
v -0.0616 0.4736 0.2166
v -0.0601 0.4661 0.2190
v -0.0621 0.4808 -0.1792
v -0.0616 0.4813 0.2141
v -0.0622 0.4940 -0.1786
v -0.0592 0.4988 0.1968
v -0.0605 0.4955 0.2092
v -0.0617 0.5046 -0.1750
v -0.0616 0.5112 0.1923
v -0.0621 0.5030 0.1971
v -0.0622 0.5009 0.2065
v -0.0615 0.5133 -0.1718
v -0.0626 0.5135 -0.1639
v -0.0614 0.5135 -0.1518
v -0.0614 0.5135 -0.1395
v -0.0615 0.5165 -0.1282
v -0.0668 0.5235 0.1295
v -0.0624 0.5243 0.1345
v -0.0618 0.5186 0.1905
v -0.0619 0.5306 -0.1267
v -0.0639 0.5322 0.1278
v -0.0589 0.5269 0.1356
v -0.0610 0.5264 0.1490
v -0.0618 0.5279 0.1610
v -0.0611 0.5296 0.1742
v -0.0613 0.5273 0.1839
v -0.0607 0.5435 -0.1267
v -0.0616 0.5439 0.1249
v -0.0619 0.5554 -0.1227
v -0.0668 0.5605 -0.1195
v -0.0656 0.5599 0.1165
v -0.0610 0.5549 0.1211
v -0.0593 0.5742 -0.1358
v -0.0614 0.5710 -0.1258
v -0.0670 0.5662 -0.1197
v -0.0656 0.5632 0.1164
v -0.0608 0.5637 0.1229
v -0.0620 0.5662 0.1384
v -0.0594 0.5717 0.1439
v -0.0617 0.5806 -0.1390
v -0.0615 0.5820 0.1386
v -0.0565 0.5790 0.1441
v -0.0597 0.5930 -0.1354
v -0.0634 0.5934 -0.1307
v -0.0638 0.5948 0.1408
v -0.0576 0.5938 0.1435
v -0.0598 0.6056 -0.1351
v -0.0633 0.6110 -0.1312
v -0.0638 0.6056 0.1280
v -0.0613 0.6056 0.1362
v -0.0574 0.6122 0.1435
v -0.0603 0.6236 -0.1352
v -0.0614 0.6166 -0.1278
v -0.0644 0.6125 0.1417
v -0.0626 0.6170 0.1493
v -0.0614 0.6230 0.1578
v -0.0607 0.6347 -0.1482
v -0.0622 0.6293 -0.1416
v -0.0616 0.6315 0.1644
v -0.0603 0.6467 -0.1609
v -0.0618 0.6407 -0.1543
v -0.0616 0.6433 0.1604
v -0.0610 0.6601 -0.1727
v -0.0620 0.6538 -0.1669
v -0.0615 0.6561 0.1604
v -0.0593 0.6740 -0.1837
v -0.0610 0.6678 -0.1788
v -0.0617 0.6714 0.1531
v -0.0617 0.6651 0.1563
v -0.0614 0.6818 -0.1878
v -0.0676 0.6752 -0.1823
v -0.0646 0.6769 0.1534
v -0.0608 0.6823 0.1594
v -0.0593 0.6972 -0.1960
v -0.0619 0.6924 -0.1931
v -0.0625 0.6907 0.1653
v -0.0603 0.6965 0.1701
v -0.0604 0.7061 -0.1994
v -0.0610 0.7058 0.1749
v -0.0612 0.7189 -0.2037
v -0.0627 0.7156 0.1788
v -0.0612 0.7214 0.1818
v -0.0581 0.7328 -0.2086
v -0.0637 0.7294 -0.2060
v -0.0623 0.7315 0.1858
v -0.0616 0.7444 -0.2099
v -0.0676 0.7395 -0.2075
v -0.0616 0.7438 0.1894
v -0.0612 0.7567 -0.2118
v -0.0631 0.7562 0.1911
v -0.0582 0.7605 0.1927
v -0.0616 0.7692 -0.2127
v -0.0659 0.7684 0.1916
v -0.0588 0.7686 0.1933
v -0.0632 0.7821 -0.2126
v -0.0662 0.7782 0.1920
v -0.0607 0.7819 0.1935
v -0.0622 0.7938 -0.2123
v -0.0669 0.7966 0.1918
v -0.0603 0.7934 0.1938
v -0.0619 0.8057 -0.2112
v -0.0660 0.8072 0.1916
v -0.0597 0.8064 0.1935
v -0.0617 0.8176 -0.2095
v -0.0665 0.8232 -0.2070
v -0.0631 0.8202 0.1911
v -0.0578 0.8153 0.1932
v -0.0590 0.8275 -0.2084
v -0.0628 0.8325 -0.2061
v -0.0619 0.8314 0.1891
v -0.0622 0.8443 -0.2030
v -0.0624 0.8448 0.1851
v -0.0621 0.8566 -0.1989
v -0.0637 0.8612 0.1790
v -0.0614 0.8547 0.1821
v -0.0586 0.8653 -0.1964
v -0.0634 0.8703 -0.1927
v -0.0614 0.8692 0.1747
v -0.0616 0.8809 -0.1877
v -0.0676 0.8870 -0.1821
v -0.0622 0.8832 0.1645
v -0.0615 0.8774 0.1689
v -0.0586 0.8887 -0.1837
v -0.0628 0.8945 -0.1783
v -0.0625 0.8969 0.1537
v -0.0603 0.8914 0.1586
v -0.0606 0.9023 -0.1727
v -0.0621 0.9083 -0.1668
v -0.0634 0.9006 0.1547
v -0.0607 0.9064 0.1592
v -0.0606 0.9155 -0.1608
v -0.0614 0.9216 -0.1551
v -0.0618 0.9184 0.1651
v -0.0567 0.9198 0.1679
v -0.0608 0.9283 -0.1489
v -0.0619 0.9336 -0.1431
v -0.0612 0.9314 0.1508
v -0.0596 0.9286 0.1583
v -0.0623 0.9390 -0.1364
v -0.0619 0.9455 -0.1284
v -0.0624 0.9434 0.1508
v -0.0582 0.9512 -0.1219
v -0.0620 0.9545 -0.1150
v -0.0610 0.9609 -0.1041
v -0.0633 0.9625 0.1295
v -0.0621 0.9584 0.1373
v -0.0613 0.9525 0.1461
v -0.0601 0.9644 -0.0977
v -0.0616 0.9682 -0.0887
v -0.0620 0.9730 -0.0770
v -0.0653 0.9749 -0.0697
v -0.0669 0.9740 0.1047
v -0.0618 0.9720 0.1116
v -0.0608 0.9663 0.1236
v -0.0579 0.9631 0.1312
v -0.0576 0.9758 -0.0724
v -0.0611 0.9782 -0.0633
v -0.0612 0.9819 -0.0511
v -0.0622 0.9847 -0.0391
v -0.0629 0.9868 -0.0283
v -0.0670 0.9874 -0.0187
v -0.0676 0.9874 0.0663
v -0.0631 0.9863 0.0750
v -0.0614 0.9833 0.0856
v -0.0615 0.9782 0.0985
v -0.0584 0.9755 0.1064
v -0.0582 0.9888 -0.0239
v -0.0615 0.9895 -0.0130
v -0.0617 0.9906 -0.0016
v -0.0613 0.9914 0.0117
v -0.0617 0.9914 0.0242
v -0.0612 0.9911 0.0358
v -0.0612 0.9913 0.0479
v -0.0613 0.9899 0.0605
v -0.0592 0.9885 0.0699
v -0.0522 0.0118 0.0260
v -0.0503 0.0114 0.0375
v -0.0511 0.0110 0.0489
v -0.0524 0.0117 0.0595
v -0.0510 0.0248 -0.0732
v -0.0486 0.0236 -0.0646
v -0.0473 0.0218 -0.0519
v -0.0487 0.0200 -0.0394
v -0.0491 0.0183 -0.0266
v -0.0481 0.0168 -0.0138
v -0.0482 0.0153 -0.0010
v -0.0487 0.0138 0.0115
v -0.0460 0.0133 0.0227
v -0.0438 0.0139 0.0368
v -0.0453 0.0174 0.0488
v -0.0497 0.0188 0.0606
v -0.0539 0.0195 0.0695
v -0.0507 0.0321 -0.0861
v -0.0463 0.0285 -0.0777
v -0.0428 0.0367 0.0409
v -0.0448 0.0317 0.0498
v -0.0497 0.0314 0.0614
v -0.0535 0.0303 0.0695
v -0.0495 0.0433 -0.0888
v -0.0429 0.0441 -0.0816
v -0.0440 0.0442 0.0370
v -0.0478 0.0428 0.0486
v -0.0525 0.0430 0.0603
v -0.0499 0.0561 -0.0878
v -0.0441 0.0587 -0.0790
v -0.0432 0.0589 0.0272
v -0.0446 0.0561 0.0359
v -0.0485 0.0559 0.0484
v -0.0531 0.0557 0.0595
v -0.0508 0.0696 -0.0860
v -0.0448 0.0684 -0.0785
v -0.0443 0.0704 0.0259
v -0.0463 0.0688 0.0355
v -0.0504 0.0691 0.0486
v -0.0538 0.0685 0.0566
v -0.0520 0.0805 -0.0860
v -0.0452 0.0805 -0.0777
v -0.0449 0.0818 0.0239
v -0.0502 0.0811 0.0359
v -0.0526 0.0802 0.0465
v -0.0551 0.0764 0.0550
v -0.0529 0.0921 -0.0849
v -0.0464 0.0946 -0.0765
v -0.0467 0.0935 0.0245
v -0.0531 0.0925 0.0340
v -0.0543 0.1035 -0.0829
v -0.0485 0.1063 -0.0758
v -0.0433 0.1069 -0.0684
v -0.0428 0.1061 0.0163
v -0.0472 0.1063 0.0243
v -0.0528 0.1077 0.0326
v -0.0502 0.1181 -0.0746
v -0.0441 0.1179 -0.0670
v -0.0454 0.1131 0.0279
v -0.0475 0.1173 0.0368
v -0.0524 0.1202 0.0453
v -0.0543 0.1336 -0.0828
v -0.0485 0.1303 -0.0771
v -0.0427 0.1253 -0.0693
v -0.0440 0.1290 0.0406
v -0.0494 0.1309 0.0478
v -0.0549 0.1357 0.0556
v -0.0545 0.1408 -0.0829
v -0.0480 0.1434 -0.0770
v -0.0457 0.1414 0.0499
v -0.0505 0.1439 0.0595
v -0.0495 0.1559 -0.0738
v -0.0437 0.1569 -0.0680
v -0.0468 0.1539 0.0623
v -0.0522 0.1577 0.0694
v -0.0500 0.1691 -0.0730
v -0.0450 0.1665 -0.0677
v -0.0438 0.1644 0.0651
v -0.0494 0.1693 0.0723
v -0.0510 0.1809 -0.0736
v -0.0441 0.1824 -0.0676
v -0.0428 0.1852 0.0673
v -0.0485 0.1821 0.0734
v -0.0520 0.1932 -0.0714
v -0.0461 0.1952 -0.0659
v -0.0473 0.1932 0.0757
v -0.0525 0.1964 0.0815
v -0.0485 0.2062 -0.0631
v -0.0427 0.2057 -0.0566
v -0.0437 0.2037 0.0777
v -0.0496 0.2070 0.0839
v -0.0490 0.2188 -0.0654
v -0.0482 0.2187 0.0874
v -0.0539 0.2225 0.0928
v -0.0536 0.2322 -0.0710
v -0.0476 0.2303 -0.0666
v -0.0454 0.2302 0.0900
v -0.0506 0.2325 0.0946
v -0.0513 0.2445 -0.0723
v -0.0450 0.2431 -0.0678
v -0.0430 0.2389 0.0920
v -0.0479 0.2444 0.0976
v -0.0490 0.2560 -0.0739
v -0.0428 0.2511 -0.0684
v -0.0471 0.2559 0.1018
v -0.0519 0.2598 0.1061
v -0.0458 0.2727 -0.0964
v -0.0460 0.2709 -0.0884
v -0.0476 0.2690 -0.0781
v -0.0433 0.2642 0.1038
v -0.0481 0.2680 0.1113
v -0.0470 0.2710 0.1223
v -0.0449 0.2861 -0.1092
v -0.0496 0.2801 -0.1023
v -0.0524 0.2771 -0.0861
v -0.0520 0.2757 -0.0819
v -0.0531 0.2751 0.1142
v -0.0507 0.2775 0.1268
v -0.0478 0.2834 0.1327
v -0.0487 0.2937 -0.1135
v -0.0487 0.2930 0.1378
v -0.0474 0.3078 -0.1230
v -0.0502 0.3026 -0.1189
v -0.0523 0.3030 0.1410
v -0.0471 0.3070 0.1450
v -0.0450 0.3238 -0.1326
v -0.0485 0.3177 -0.1284
v -0.0492 0.3172 0.1499
v -0.0483 0.3319 -0.1355
v -0.0517 0.3267 -0.1321
v -0.0513 0.3284 0.1537
v -0.0469 0.3322 0.1563
v -0.0492 0.3457 -0.1855
v -0.0489 0.3410 -0.1762
v -0.0487 0.3391 -0.1635
v -0.0483 0.3391 -0.1511
v -0.0485 0.3387 -0.1396
v -0.0490 0.3436 0.1585
v -0.0480 0.3559 -0.1874
v -0.0489 0.3565 0.1606
v -0.0491 0.3695 -0.1869
v -0.0449 0.3707 -0.1793
v -0.0484 0.3692 0.1623
v -0.0487 0.3815 -0.1868
v -0.0449 0.3812 -0.1803
v -0.0491 0.3818 0.1633
v -0.0548 0.3869 0.1709
v -0.0494 0.3930 -0.1866
v -0.0445 0.3938 -0.1798
v -0.0502 0.3932 0.1641
v -0.0529 0.3945 0.1721
v -0.0492 0.4057 -0.1864
v -0.0441 0.4059 -0.1793
v -0.0502 0.4061 0.1648
v -0.0533 0.4048 0.1711
v -0.0484 0.4191 -0.1861
v -0.0428 0.4127 -0.1797
v -0.0488 0.4185 0.1649
v -0.0481 0.4228 0.1742
v -0.0487 0.4246 0.1813
v -0.0493 0.4300 -0.1852
v -0.0464 0.4328 -0.1800
v -0.0494 0.4265 0.1886
v -0.0488 0.4321 0.1997
v -0.0521 0.4439 -0.1840
v -0.0479 0.4435 -0.1793
v -0.0485 0.4435 0.2035
v -0.0513 0.4588 -0.1830
v -0.0480 0.4561 -0.1798
v -0.0484 0.4567 0.2028
v -0.0525 0.4607 0.2102
v -0.0464 0.4644 -0.1829
v -0.0489 0.4702 -0.1818
v -0.0442 0.4683 0.2023
v -0.0471 0.4696 0.2131
v -0.0520 0.4669 0.2182
v -0.0486 0.4811 -0.1797
v -0.0434 0.4822 0.2011
v -0.0461 0.4807 0.2120
v -0.0488 0.4937 -0.1794
v -0.0483 0.4940 0.1985
v -0.0490 0.4918 0.2092
v -0.0488 0.5053 -0.1748
v -0.0532 0.5119 0.1925
v -0.0489 0.5060 0.1937
v -0.0494 0.5132 -0.1721
v -0.0493 0.5136 -0.1643
v -0.0484 0.5136 -0.1514
v -0.0474 0.5147 -0.1384
v -0.0495 0.5183 -0.1313
v -0.0531 0.5250 0.1358
v -0.0487 0.5195 0.1909
v -0.0428 0.5316 -0.1328
v -0.0502 0.5306 -0.1307
v -0.0486 0.5291 0.1371
v -0.0491 0.5269 0.1487
v -0.0492 0.5286 0.1611
v -0.0483 0.5303 0.1735
v -0.0493 0.5278 0.1844
v -0.0487 0.5426 -0.1307
v -0.0524 0.5464 0.1289
v -0.0472 0.5418 0.1330
v -0.0490 0.5563 -0.1260
v -0.0497 0.5562 0.1265
v -0.0441 0.5522 0.1307
v -0.0483 0.5739 -0.1380
v -0.0488 0.5694 -0.1273
v -0.0483 0.5633 0.1263
v -0.0490 0.5637 0.1371
v -0.0488 0.5691 0.1463
v -0.0450 0.5810 -0.1457
v -0.0493 0.5813 -0.1433
v -0.0480 0.5821 0.1415
v -0.0477 0.5810 0.1452
v -0.0489 0.5934 -0.1376
v -0.0487 0.5945 0.1464
v -0.0492 0.6074 -0.1383
v -0.0491 0.6057 0.1373
v -0.0472 0.6072 0.1448
v -0.0477 0.6201 -0.1363
v -0.0487 0.6158 -0.1305
v -0.0494 0.6156 0.1510
v -0.0486 0.6216 0.1594
v -0.0486 0.6331 -0.1496
v -0.0488 0.6271 -0.1427
v -0.0500 0.6318 0.1663
v -0.0473 0.6333 0.1680
v -0.0479 0.6451 -0.1622
v -0.0498 0.6397 -0.1563
v -0.0487 0.6430 0.1617
v -0.0484 0.6589 -0.1743
v -0.0489 0.6524 -0.1686
v -0.0484 0.6562 0.1621
v -0.0481 0.6719 -0.1845
v -0.0493 0.6662 -0.1801
v -0.0525 0.6723 0.1543
v -0.0482 0.6684 0.1567
v -0.0486 0.6811 -0.1900
v -0.0484 0.6808 0.1623
v -0.0488 0.6954 -0.1973
v -0.0501 0.6893 -0.1941
v -0.0525 0.6884 0.1669
v -0.0486 0.6941 0.1720
v -0.0488 0.7066 -0.2022
v -0.0493 0.7052 0.1779
v -0.0456 0.7102 0.1809
v -0.0468 0.7225 -0.2081
v -0.0500 0.7166 -0.2057
v -0.0491 0.7191 0.1835
v -0.0484 0.7314 -0.2102
v -0.0479 0.7306 0.1878
v -0.0487 0.7441 -0.2129
v -0.0501 0.7416 0.1912
v -0.0457 0.7462 0.1931
v -0.0500 0.7567 -0.2146
v -0.0487 0.7561 0.1941
v -0.0490 0.7688 -0.2158
v -0.0491 0.7694 0.1954
v -0.0494 0.7808 -0.2161
v -0.0498 0.7812 0.1959
v -0.0495 0.7936 -0.2156
v -0.0494 0.7941 0.1961
v -0.0482 0.8061 -0.2148
v -0.0491 0.8057 0.1958
v -0.0488 0.8184 -0.2129
v -0.0490 0.8190 0.1945
v -0.0493 0.8308 -0.2102
v -0.0500 0.8333 0.1913
v -0.0466 0.8283 0.1932
v -0.0455 0.8412 -0.2084
v -0.0501 0.8457 -0.2060
v -0.0491 0.8432 0.1885
v -0.0485 0.8560 -0.2028
v -0.0482 0.8567 0.1839
v -0.0482 0.8684 -0.1977
v -0.0520 0.8731 -0.1946
v -0.0494 0.8697 0.1777
v -0.0462 0.8642 0.1810
v -0.0483 0.8812 -0.1911
v -0.0505 0.8858 0.1665
v -0.0484 0.8804 0.1709
v -0.0480 0.8908 -0.1849
v -0.0498 0.8965 -0.1803
v -0.0531 0.8986 0.1548
v -0.0484 0.8938 0.1604
v -0.0481 0.9046 -0.1743
v -0.0492 0.9105 -0.1689
v -0.0479 0.9056 0.1592
v -0.0479 0.9174 -0.1629
v -0.0512 0.9229 -0.1568
v -0.0483 0.9154 0.1660
v -0.0480 0.9205 0.1690
v -0.0489 0.9297 -0.1504
v -0.0498 0.9357 -0.1439
v -0.0485 0.9340 0.1525
v -0.0484 0.9313 0.1604
v -0.0437 0.9253 0.1686
v -0.0491 0.9411 -0.1375
v -0.0487 0.9477 -0.1298
v -0.0491 0.9426 0.1531
v -0.0487 0.9523 -0.1235
v -0.0485 0.9581 -0.1144
v -0.0508 0.9618 -0.1072
v -0.0491 0.9609 0.1395
v -0.0484 0.9548 0.1481
v -0.0476 0.9658 -0.1005
v -0.0483 0.9711 -0.0890
v -0.0501 0.9742 -0.0808
v -0.0488 0.9737 0.1143
v -0.0490 0.9690 0.1240
v -0.0477 0.9644 0.1337
v -0.0479 0.9770 -0.0747
v -0.0482 0.9807 -0.0642
v -0.0488 0.9845 -0.0516
v -0.0514 0.9867 -0.0413
v -0.0528 0.9873 0.0787
v -0.0495 0.9857 0.0853
v -0.0487 0.9807 0.0989
v -0.0479 0.9763 0.1093
v -0.0483 0.9885 -0.0364
v -0.0483 0.9903 -0.0269
v -0.0483 0.9924 -0.0134
v -0.0488 0.9936 -0.0013
v -0.0497 0.9941 0.0113
v -0.0487 0.9942 0.0241
v -0.0488 0.9936 0.0360
v -0.0494 0.9936 0.0478
v -0.0489 0.9921 0.0610
v -0.0483 0.9896 0.0730
v -0.0445 0.9882 0.0801
v -0.0397 0.0243 -0.0600
v -0.0371 0.0234 -0.0500
v -0.0359 0.0223 -0.0391
v -0.0350 0.0211 -0.0266
v -0.0349 0.0200 -0.0136
v -0.0347 0.0197 -0.0011
v -0.0360 0.0190 0.0117
v -0.0378 0.0188 0.0238
v -0.0403 0.0195 0.0359
v -0.0422 0.0232 0.0446
v -0.0397 0.0322 -0.0732
v -0.0359 0.0299 -0.0638
v -0.0317 0.0298 -0.0531
v -0.0305 0.0258 -0.0406
v -0.0309 0.0319 0.0010
v -0.0330 0.0313 0.0113
v -0.0362 0.0319 0.0235
v -0.0398 0.0311 0.0363
v -0.0419 0.0284 0.0439
v -0.0387 0.0442 -0.0749
v -0.0334 0.0435 -0.0633
v -0.0309 0.0460 -0.0529
v -0.0303 0.0492 -0.0374
v -0.0308 0.0490 -0.0267
v -0.0313 0.0464 -0.0127
v -0.0330 0.0442 -0.0008
v -0.0364 0.0440 0.0121
v -0.0397 0.0439 0.0236
v -0.0414 0.0407 0.0320
v -0.0401 0.0550 -0.0743
v -0.0361 0.0554 -0.0639
v -0.0328 0.0555 -0.0509
v -0.0313 0.0561 -0.0385
v -0.0309 0.0561 -0.0265
v -0.0319 0.0565 -0.0136
v -0.0342 0.0567 -0.0012
v -0.0376 0.0567 0.0114
v -0.0413 0.0554 0.0227
v -0.0409 0.0693 -0.0720
v -0.0371 0.0687 -0.0634
v -0.0335 0.0684 -0.0512
v -0.0317 0.0686 -0.0386
v -0.0314 0.0690 -0.0271
v -0.0324 0.0683 -0.0138
v -0.0348 0.0691 -0.0010
v -0.0383 0.0695 0.0108
v -0.0414 0.0674 0.0197
v -0.0415 0.0823 -0.0715
v -0.0377 0.0815 -0.0637
v -0.0339 0.0816 -0.0517
v -0.0319 0.0818 -0.0391
v -0.0315 0.0814 -0.0256
v -0.0325 0.0812 -0.0139
v -0.0350 0.0824 -0.0012
v -0.0392 0.0820 0.0114
v -0.0423 0.0792 0.0191
v -0.0415 0.0905 -0.0704
v -0.0388 0.0943 -0.0636
v -0.0346 0.0943 -0.0514
v -0.0324 0.0946 -0.0383
v -0.0318 0.0940 -0.0266
v -0.0327 0.0939 -0.0139
v -0.0352 0.0935 -0.0013
v -0.0397 0.0939 0.0113
v -0.0400 0.1065 -0.0620
v -0.0360 0.1061 -0.0511
v -0.0336 0.1063 -0.0390
v -0.0327 0.1057 -0.0265
v -0.0334 0.1063 -0.0140
v -0.0360 0.1063 -0.0010
v -0.0399 0.1067 0.0106
v -0.0427 0.1108 0.0183
v -0.0402 0.1180 -0.0611
v -0.0355 0.1183 -0.0514
v -0.0328 0.1160 -0.0393
v -0.0319 0.1143 -0.0265
v -0.0321 0.1137 -0.0144
v -0.0326 0.1146 -0.0010
v -0.0340 0.1168 0.0114
v -0.0380 0.1183 0.0234
v -0.0408 0.1216 0.0323
v -0.0414 0.1318 -0.0712
v -0.0364 0.1305 -0.0640
v -0.0312 0.1287 -0.0546
v -0.0306 0.1263 0.0164
v -0.0332 0.1306 0.0240
v -0.0394 0.1315 0.0353
v -0.0414 0.1416 -0.0712
v -0.0363 0.1439 -0.0634
v -0.0310 0.1442 -0.0545
v -0.0313 0.1430 0.0261
v -0.0350 0.1441 0.0363
v -0.0390 0.1460 0.0473
v -0.0390 0.1575 -0.0619
v -0.0326 0.1576 -0.0521
v -0.0313 0.1521 0.0396
v -0.0348 0.1566 0.0488
v -0.0398 0.1578 0.0568
v -0.0378 0.1696 -0.0623
v -0.0319 0.1684 -0.0545
v -0.0319 0.1682 0.0515
v -0.0377 0.1697 0.0606
v -0.0425 0.1739 0.0681
v -0.0384 0.1815 -0.0616
v -0.0324 0.1828 -0.0533
v -0.0311 0.1833 0.0529
v -0.0368 0.1822 0.0613
v -0.0426 0.1831 0.0680
v -0.0401 0.1932 -0.0605
v -0.0340 0.1948 -0.0517
v -0.0305 0.1994 -0.0420
v -0.0310 0.1908 0.0529
v -0.0345 0.1943 0.0612
v -0.0402 0.1962 0.0702
v -0.0422 0.2119 -0.0586
v -0.0366 0.2061 -0.0504
v -0.0312 0.2051 -0.0424
v -0.0319 0.2053 0.0637
v -0.0382 0.2074 0.0733
v -0.0404 0.2200 -0.0588
v -0.0346 0.2190 -0.0517
v -0.0305 0.2139 -0.0445
v -0.0349 0.2182 0.0738
v -0.0406 0.2194 0.0812
v -0.0396 0.2315 -0.0602
v -0.0330 0.2314 -0.0528
v -0.0322 0.2309 0.0759
v -0.0386 0.2320 0.0844
v -0.0381 0.2439 -0.0618
v -0.0319 0.2431 -0.0548
v -0.0305 0.2400 0.0779
v -0.0353 0.2445 0.0865
v -0.0408 0.2485 0.0944
v -0.0333 0.2604 -0.0846
v -0.0342 0.2585 -0.0755
v -0.0346 0.2563 -0.0644
v -0.0303 0.2511 -0.0561
v -0.0327 0.2522 0.0887
v -0.0357 0.2554 0.0986
v -0.0365 0.2589 0.1107
v -0.0364 0.2716 -0.0983
v -0.0372 0.2653 -0.0895
v -0.0399 0.2651 -0.0748
v -0.0377 0.2630 -0.0691
v -0.0397 0.2634 0.1173
v -0.0357 0.2690 0.1245
v -0.0355 0.2843 -0.1099
v -0.0362 0.2781 -0.1046
v -0.0401 0.2758 0.1297
v -0.0357 0.2817 0.1352
v -0.0320 0.2987 -0.1210
v -0.0369 0.2932 -0.1162
v -0.0374 0.2910 0.1405
v -0.0345 0.2970 0.1446
v -0.0359 0.3057 -0.1247
v -0.0359 0.3070 0.1499
v -0.0351 0.3222 -0.1341
v -0.0362 0.3159 -0.1307
v -0.0380 0.3169 0.1539
v -0.0351 0.3215 0.1562
v -0.0370 0.3303 -0.1376
v -0.0358 0.3314 0.1590
v -0.0361 0.3456 -0.1859
v -0.0362 0.3409 -0.1763
v -0.0365 0.3390 -0.1635
v -0.0360 0.3390 -0.1521
v -0.0362 0.3386 -0.1419
v -0.0359 0.3443 0.1620
v -0.0354 0.3567 -0.1871
v -0.0362 0.3559 0.1637
v -0.0364 0.3681 -0.1866
v -0.0369 0.3694 -0.1792
v -0.0377 0.3682 0.1656
v -0.0365 0.3697 0.1741
v -0.0348 0.3719 0.1814
v -0.0364 0.3802 -0.1857
v -0.0364 0.3828 -0.1791
v -0.0401 0.3821 0.1660
v -0.0379 0.3830 0.1751
v -0.0343 0.3811 0.1818
v -0.0367 0.3946 -0.1868
v -0.0359 0.3941 -0.1793
v -0.0373 0.3931 0.1666
v -0.0324 0.3908 0.1700
v -0.0365 0.4067 -0.1866
v -0.0367 0.4059 -0.1788
v -0.0395 0.4062 0.1667
v -0.0329 0.4062 0.1679
v -0.0359 0.4183 -0.1864
v -0.0350 0.4185 -0.1788
v -0.0396 0.4175 0.1669
v -0.0354 0.4212 0.1715
v -0.0367 0.4245 0.1812
v -0.0363 0.4287 -0.1853
v -0.0356 0.4308 -0.1786
v -0.0360 0.4263 0.1882
v -0.0369 0.4316 0.1992
v -0.0367 0.4443 -0.1775
v -0.0355 0.4439 0.2040
v -0.0372 0.4615 -0.1829
v -0.0366 0.4572 -0.1783
v -0.0363 0.4561 0.2033
v -0.0357 0.4665 -0.1833
v -0.0366 0.4730 -0.1820
v -0.0361 0.4690 0.2010
v -0.0363 0.4803 -0.1801
v -0.0372 0.4810 0.1988
v -0.0426 0.4800 0.2100
v -0.0360 0.4939 -0.1799
v -0.0358 0.4938 0.1964
v -0.0363 0.5057 -0.1750
v -0.0366 0.5065 0.1939
v -0.0362 0.5133 -0.1722
v -0.0359 0.5137 -0.1638
v -0.0359 0.5137 -0.1515
v -0.0365 0.5166 -0.1368
v -0.0369 0.5208 0.1907
v -0.0366 0.5134 0.1926
v -0.0372 0.5308 -0.1344
v -0.0382 0.5315 0.1405
v -0.0347 0.5278 0.1475
v -0.0368 0.5291 0.1609
v -0.0358 0.5310 0.1739
v -0.0364 0.5284 0.1846
v -0.0361 0.5414 -0.1343
v -0.0374 0.5480 -0.1314
v -0.0360 0.5439 0.1374
v -0.0365 0.5565 -0.1286
v -0.0410 0.5591 0.1294
v -0.0355 0.5554 0.1332
v -0.0361 0.5737 -0.1395
v -0.0355 0.5691 -0.1297
v -0.0400 0.5629 0.1289
v -0.0357 0.5633 0.1362
v -0.0361 0.5686 0.1488
v -0.0360 0.5817 -0.1473
v -0.0378 0.5756 -0.1446
v -0.0401 0.5809 0.1419
v -0.0356 0.5816 0.1463
v -0.0315 0.5887 -0.1462
v -0.0365 0.5932 -0.1410
v -0.0365 0.5949 0.1496
v -0.0362 0.6069 -0.1421
v -0.0361 0.6057 0.1394
v -0.0359 0.6060 0.1460
v -0.0361 0.6188 -0.1375
v -0.0364 0.6161 -0.1320
v -0.0377 0.6149 0.1524
v -0.0365 0.6209 0.1607
v -0.0352 0.6325 -0.1516
v -0.0369 0.6264 -0.1445
v -0.0371 0.6270 0.1667
v -0.0357 0.6329 0.1687
v -0.0358 0.6445 -0.1638
v -0.0395 0.6385 -0.1573
v -0.0361 0.6425 0.1635
v -0.0364 0.6568 -0.1744
v -0.0369 0.6510 -0.1694
v -0.0356 0.6563 0.1637
v -0.0351 0.6709 -0.1855
v -0.0370 0.6649 -0.1808
v -0.0358 0.6696 0.1585
v -0.0367 0.6814 -0.1917
v -0.0360 0.6790 0.1643
v -0.0348 0.6851 0.1694
v -0.0362 0.6935 -0.1980
v -0.0365 0.6932 0.1746
v -0.0367 0.7059 -0.2033
v -0.0374 0.7020 0.1791
v -0.0360 0.7085 0.1821
v -0.0355 0.7206 -0.2087
v -0.0375 0.7143 -0.2064
v -0.0361 0.7185 0.1860
v -0.0355 0.7309 -0.2116
v -0.0371 0.7307 0.1898
v -0.0319 0.7358 0.1931
v -0.0356 0.7432 -0.2143
v -0.0361 0.7426 0.1943
v -0.0362 0.7556 -0.2162
v -0.0362 0.7562 0.1968
v -0.0361 0.7689 -0.2176
v -0.0362 0.7696 0.1982
v -0.0358 0.7816 -0.2183
v -0.0367 0.7819 0.1987
v -0.0363 0.7945 -0.2180
v -0.0363 0.7946 0.1989
v -0.0359 0.8066 -0.2170
v -0.0357 0.8073 0.1985
v -0.0364 0.8185 -0.2152
v -0.0365 0.8192 0.1968
v -0.0361 0.8317 -0.2126
v -0.0349 0.8319 0.1966
v -0.0354 0.8442 -0.2095
v -0.0392 0.8447 0.1906
v -0.0350 0.8435 0.1958
v -0.0303 0.8521 -0.2079
v -0.0363 0.8565 -0.2052
v -0.0349 0.8562 0.1874
v -0.0315 0.8528 0.1941
v -0.0364 0.8687 -0.2001
v -0.0372 0.8724 0.1785
v -0.0357 0.8662 0.1820
v -0.0352 0.8775 -0.1960
v -0.0372 0.8834 -0.1922
v -0.0357 0.8811 0.1733
v -0.0356 0.8925 -0.1865
v -0.0383 0.8981 -0.1818
v -0.0362 0.8940 0.1632
v -0.0328 0.8881 0.1686
v -0.0360 0.9058 -0.1762
v -0.0358 0.9059 0.1601
v -0.0330 0.9130 -0.1706
v -0.0359 0.9189 -0.1645
v -0.0363 0.9137 0.1657
v -0.0363 0.9209 0.1703
v -0.0337 0.9251 -0.1588
v -0.0365 0.9314 -0.1513
v -0.0422 0.9362 -0.1450
v -0.0367 0.9348 0.1528
v -0.0360 0.9321 0.1617
v -0.0337 0.9263 0.1704
v -0.0364 0.9423 -0.1389
v -0.0372 0.9489 -0.1309
v -0.0373 0.9425 0.1541
v -0.0318 0.9461 0.1551
v -0.0361 0.9534 -0.1250
v -0.0358 0.9596 -0.1155
v -0.0409 0.9623 0.1405
v -0.0358 0.9561 0.1499
v -0.0345 0.9635 -0.1091
v -0.0356 0.9674 -0.1013
v -0.0367 0.9728 -0.0895
v -0.0366 0.9747 0.1167
v -0.0367 0.9710 0.1245
v -0.0360 0.9652 0.1365
v -0.0355 0.9758 -0.0829
v -0.0369 0.9781 -0.0766
v -0.0368 0.9829 -0.0634
v -0.0371 0.9864 -0.0521
v -0.0382 0.9861 0.0888
v -0.0361 0.9827 0.0983
v -0.0365 0.9777 0.1099
v -0.0333 0.9881 -0.0480
v -0.0363 0.9898 -0.0395
v -0.0362 0.9925 -0.0264
v -0.0365 0.9946 -0.0137
v -0.0362 0.9959 -0.0018
v -0.0372 0.9964 0.0107
v -0.0371 0.9963 0.0234
v -0.0362 0.9957 0.0360
v -0.0364 0.9954 0.0483
v -0.0363 0.9938 0.0610
v -0.0359 0.9909 0.0739
v -0.0349 0.9884 0.0834
v -0.0298 0.0243 -0.0258
v -0.0298 0.0243 -0.0137
v -0.0294 0.0340 -0.0479
v -0.0287 0.0311 -0.0382
v -0.0281 0.0314 -0.0270
v -0.0287 0.0313 -0.0143
v -0.0298 0.0311 -0.0049
v -0.0294 0.0417 -0.0482
v -0.0287 0.0430 -0.0389
v -0.0286 0.0428 -0.0261
v -0.0293 0.0405 -0.0145
v -0.0281 0.1219 -0.0369
v -0.0273 0.1204 -0.0267
v -0.0269 0.1203 -0.0140
v -0.0281 0.1202 -0.0019
v -0.0291 0.1220 0.0075
v -0.0280 0.1321 -0.0491
v -0.0253 0.1303 -0.0387
v -0.0234 0.1308 -0.0261
v -0.0234 0.1302 -0.0129
v -0.0250 0.1307 -0.0003
v -0.0277 0.1316 0.0110
v -0.0296 0.1344 0.0181
v -0.0283 0.1420 -0.0490
v -0.0252 0.1430 -0.0384
v -0.0232 0.1441 -0.0260
v -0.0227 0.1434 -0.0138
v -0.0238 0.1430 -0.0007
v -0.0262 0.1445 0.0116
v -0.0281 0.1460 0.0210
v -0.0292 0.1487 0.0314
v -0.0291 0.1562 -0.0464
v -0.0262 0.1577 -0.0391
v -0.0223 0.1574 -0.0263
v -0.0209 0.1561 -0.0134
v -0.0209 0.1555 -0.0014
v -0.0221 0.1550 0.0116
v -0.0244 0.1549 0.0237
v -0.0273 0.1576 0.0349
v -0.0298 0.1604 0.0430
v -0.0284 0.1685 -0.0485
v -0.0239 0.1689 -0.0381
v -0.0205 0.1694 -0.0263
v -0.0187 0.1690 -0.0146
v -0.0183 0.1675 -0.0012
v -0.0187 0.1695 0.0116
v -0.0209 0.1688 0.0240
v -0.0242 0.1698 0.0361
v -0.0281 0.1709 0.0461
v -0.0285 0.1819 -0.0472
v -0.0246 0.1810 -0.0390
v -0.0203 0.1811 -0.0261
v -0.0182 0.1825 -0.0153
v -0.0181 0.1828 0.0142
v -0.0197 0.1816 0.0244
v -0.0230 0.1820 0.0361
v -0.0273 0.1812 0.0465
v -0.0290 0.1913 -0.0456
v -0.0268 0.1942 -0.0384
v -0.0230 0.1950 -0.0264
v -0.0204 0.1947 -0.0142
v -0.0192 0.1939 -0.0015
v -0.0194 0.1939 0.0112
v -0.0209 0.1941 0.0235
v -0.0238 0.1933 0.0361
v -0.0274 0.1947 0.0480
v -0.0301 0.1996 0.0574
v -0.0274 0.2071 -0.0363
v -0.0232 0.2068 -0.0266
v -0.0196 0.2062 -0.0139
v -0.0183 0.2040 -0.0025
v -0.0182 0.2014 0.0107
v -0.0185 0.2044 0.0240
v -0.0205 0.2059 0.0364
v -0.0240 0.2065 0.0484
v -0.0281 0.2072 0.0581
v -0.0293 0.2234 -0.0454
v -0.0263 0.2184 -0.0384
v -0.0211 0.2186 -0.0261
v -0.0184 0.2173 -0.0159
v -0.0187 0.2173 0.0376
v -0.0215 0.2187 0.0486
v -0.0264 0.2187 0.0604
v -0.0295 0.2221 0.0678
v -0.0288 0.2322 -0.0471
v -0.0247 0.2318 -0.0392
v -0.0198 0.2312 -0.0267
v -0.0180 0.2274 -0.0190
v -0.0180 0.2275 0.0413
v -0.0193 0.2319 0.0491
v -0.0235 0.2315 0.0606
v -0.0281 0.2325 0.0703
v -0.0216 0.2486 -0.0619
v -0.0235 0.2460 -0.0499
v -0.0210 0.2441 -0.0393
v -0.0188 0.2407 -0.0287
v -0.0181 0.2382 0.0513
v -0.0206 0.2399 0.0623
v -0.0238 0.2427 0.0736
v -0.0248 0.2457 0.0852
v -0.0246 0.2482 0.0960
v -0.0234 0.2598 -0.0860
v -0.0237 0.2537 -0.0749
v -0.0268 0.2525 -0.0636
v -0.0265 0.2519 -0.0531
v -0.0248 0.2511 0.1028
v -0.0239 0.2564 0.1118
v -0.0245 0.2614 0.1189
v -0.0236 0.2708 -0.0996
v -0.0232 0.2646 -0.0926
v -0.0242 0.2671 0.1253
v -0.0229 0.2733 0.1316
v -0.0233 0.2830 -0.1110
v -0.0245 0.2771 -0.1058
v -0.0232 0.2812 0.1377
v -0.0224 0.2972 -0.1216
v -0.0239 0.2915 -0.1174
v -0.0257 0.2881 0.1420
v -0.0229 0.2945 0.1464
v -0.0243 0.3062 -0.1271
v -0.0239 0.3057 0.1523
v -0.0212 0.3109 0.1550
v -0.0236 0.3201 -0.1351
v -0.0237 0.3140 -0.1318
v -0.0296 0.3127 0.1544
v -0.0242 0.3187 0.1573
v -0.0242 0.3303 -0.1400
v -0.0233 0.3308 0.1611
v -0.0232 0.3454 -0.1859
v -0.0241 0.3408 -0.1763
v -0.0235 0.3389 -0.1637
v -0.0231 0.3388 -0.1516
v -0.0242 0.3384 -0.1433
v -0.0238 0.3428 0.1637
v -0.0240 0.3553 -0.1867
v -0.0237 0.3566 0.1660
v -0.0240 0.3679 -0.1864
v -0.0234 0.3689 -0.1788
v -0.0259 0.3641 0.1669
v -0.0238 0.3663 0.1734
v -0.0238 0.3715 0.1826
v -0.0237 0.3814 -0.1865
v -0.0235 0.3819 -0.1793
v -0.0238 0.3822 0.1827
v -0.0244 0.3937 -0.1870
v -0.0241 0.3939 -0.1795
v -0.0240 0.3913 0.1712
v -0.0234 0.4055 -0.1868
v -0.0234 0.4060 -0.1789
v -0.0238 0.4062 0.1693
v -0.0243 0.4189 -0.1866
v -0.0241 0.4195 -0.1786
v -0.0239 0.4202 0.1718
v -0.0237 0.4246 0.1816
v -0.0242 0.4287 -0.1857
v -0.0243 0.4297 -0.1782
v -0.0238 0.4262 0.1878
v -0.0242 0.4319 0.1996
v -0.0237 0.4434 -0.1770
v -0.0238 0.4440 0.2042
v -0.0231 0.4616 -0.1835
v -0.0241 0.4574 -0.1780
v -0.0235 0.4553 0.2037
v -0.0247 0.4672 -0.1836
v -0.0246 0.4738 -0.1822
v -0.0234 0.4680 0.2014
v -0.0243 0.4811 -0.1806
v -0.0239 0.4813 0.1989
v -0.0244 0.4942 -0.1804
v -0.0231 0.4935 0.1966
v -0.0240 0.5052 -0.1752
v -0.0244 0.5063 0.1941
v -0.0224 0.5134 -0.1720
v -0.0230 0.5138 -0.1635
v -0.0238 0.5138 -0.1516
v -0.0240 0.5172 -0.1385
v -0.0236 0.5200 0.1911
v -0.0222 0.5139 0.1926
v -0.0243 0.5312 -0.1373
v -0.0300 0.5370 0.1421
v -0.0237 0.5301 0.1475
v -0.0233 0.5295 0.1606
v -0.0246 0.5314 0.1739
v -0.0234 0.5288 0.1846
v -0.0236 0.5428 -0.1361
v -0.0278 0.5491 -0.1323
v -0.0243 0.5457 0.1412
v -0.0212 0.5411 0.1438
v -0.0235 0.5551 -0.1307
v -0.0237 0.5553 0.1376
v -0.0240 0.5749 -0.1461
v -0.0244 0.5734 -0.1400
v -0.0236 0.5680 -0.1310
v -0.0239 0.5630 0.1373
v -0.0238 0.5674 0.1502
v -0.0242 0.5813 -0.1492
v -0.0246 0.5819 0.1491
v -0.0228 0.5906 -0.1469
v -0.0241 0.5941 -0.1428
v -0.0239 0.5942 0.1520
v -0.0224 0.6040 -0.1458
v -0.0249 0.6092 -0.1436
v -0.0236 0.6052 0.1403
v -0.0235 0.6070 0.1468
v -0.0236 0.6177 -0.1379
v -0.0293 0.6161 -0.1322
v -0.0246 0.6141 0.1534
v -0.0235 0.6205 0.1619
v -0.0217 0.6367 -0.1582
v -0.0240 0.6309 -0.1515
v -0.0282 0.6258 0.1670
v -0.0233 0.6320 0.1693
v -0.0235 0.6439 -0.1649
v -0.0234 0.6428 0.1644
v -0.0238 0.6560 -0.1753
v -0.0239 0.6563 0.1649
v -0.0191 0.6512 0.1677
v -0.0232 0.6698 -0.1859
v -0.0239 0.6638 -0.1815
v -0.0236 0.6689 0.1601
v -0.0233 0.6866 -0.1957
v -0.0236 0.6801 -0.1922
v -0.0244 0.6776 0.1656
v -0.0235 0.6832 0.1703
v -0.0234 0.6938 -0.1991
v -0.0235 0.6934 0.1768
v -0.0181 0.6986 0.1801
v -0.0237 0.7059 -0.2043
v -0.0237 0.7061 0.1830
v -0.0233 0.7196 -0.2093
v -0.0228 0.7134 -0.2072
v -0.0231 0.7180 0.1883
v -0.0241 0.7305 -0.2123
v -0.0248 0.7282 0.1914
v -0.0223 0.7335 0.1937
v -0.0238 0.7440 -0.2153
v -0.0237 0.7434 0.1964
v -0.0238 0.7560 -0.2172
v -0.0241 0.7557 0.1987
v -0.0238 0.7688 -0.2186
v -0.0236 0.7687 0.2003
v -0.0240 0.7815 -0.2193
v -0.0241 0.7815 0.2009
v -0.0238 0.7937 -0.2193
v -0.0243 0.7946 0.2010
v -0.0230 0.8062 -0.2185
v -0.0237 0.8066 0.2005
v -0.0240 0.8193 -0.2167
v -0.0232 0.8201 0.2006
v -0.0243 0.8314 -0.2143
v -0.0241 0.8314 0.2011
v -0.0240 0.8434 -0.2113
v -0.0241 0.8435 0.1982
v -0.0225 0.8524 -0.2087
v -0.0239 0.8590 -0.2062
v -0.0282 0.8606 0.1890
v -0.0237 0.8564 0.1946
v -0.0234 0.8686 -0.2022
v -0.0275 0.8743 0.1792
v -0.0227 0.8677 0.1857
v -0.0201 0.8636 0.1929
v -0.0236 0.8788 -0.1971
v -0.0239 0.8850 -0.1935
v -0.0240 0.8814 0.1750
v -0.0235 0.8936 -0.1878
v -0.0240 0.8959 0.1641
v -0.0235 0.8891 0.1695
v -0.0201 0.9003 -0.1833
v -0.0241 0.9062 -0.1780
v -0.0235 0.9059 0.1608
v -0.0222 0.9134 -0.1720
v -0.0241 0.9196 -0.1660
v -0.0245 0.9143 0.1664
v -0.0238 0.9205 0.1708
v -0.0236 0.9260 -0.1596
v -0.0237 0.9319 -0.1528
v -0.0256 0.9357 0.1532
v -0.0230 0.9339 0.1621
v -0.0236 0.9272 0.1712
v -0.0242 0.9378 -0.1460
v -0.0235 0.9437 -0.1391
v -0.0195 0.9498 -0.1322
v -0.0241 0.9386 0.1539
v -0.0240 0.9450 0.1556
v -0.0235 0.9544 -0.1256
v -0.0250 0.9600 -0.1170
v -0.0241 0.9576 0.1508
v -0.0219 0.9510 0.1554
v -0.0241 0.9639 -0.1105
v -0.0233 0.9690 -0.1010
v -0.0251 0.9736 -0.0910
v -0.0229 0.9726 0.1247
v -0.0237 0.9669 0.1366
v -0.0218 0.9629 0.1448
v -0.0245 0.9763 -0.0848
v -0.0236 0.9800 -0.0759
v -0.0240 0.9845 -0.0632
v -0.0244 0.9871 -0.0552
v -0.0256 0.9869 0.0901
v -0.0235 0.9838 0.0986
v -0.0235 0.9783 0.1120
v -0.0227 0.9753 0.1190
v -0.0232 0.9887 -0.0497
v -0.0244 0.9914 -0.0383
v -0.0239 0.9942 -0.0255
v -0.0238 0.9961 -0.0147
v -0.0238 0.9976 -0.0013
v -0.0241 0.9982 0.0118
v -0.0239 0.9980 0.0240
v -0.0238 0.9973 0.0364
v -0.0236 0.9966 0.0478
v -0.0232 0.9952 0.0606
v -0.0242 0.9922 0.0732
v -0.0238 0.9891 0.0842
v -0.0176 0.1739 -0.0084
v -0.0174 0.1735 -0.0006
v -0.0174 0.1747 0.0055
v -0.0175 0.1806 -0.0094
v -0.0172 0.1817 -0.0013
v -0.0174 0.1810 0.0087
v -0.0171 0.2096 -0.0009
v -0.0169 0.2084 0.0110
v -0.0173 0.2097 0.0221
v -0.0170 0.2192 -0.0095
v -0.0162 0.2176 -0.0012
v -0.0157 0.2184 0.0118
v -0.0162 0.2197 0.0235
v -0.0172 0.2218 0.0330
v -0.0176 0.2359 -0.0214
v -0.0130 0.2338 -0.0131
v -0.0127 0.2335 -0.0013
v -0.0117 0.2331 0.0114
v -0.0125 0.2329 0.0238
v -0.0135 0.2334 0.0366
v -0.0122 0.2357 0.0488
v -0.0110 0.2365 0.0604
v -0.0074 0.2374 0.0685
v -0.0117 0.2479 -0.0642
v -0.0112 0.2439 -0.0516
v -0.0120 0.2411 -0.0388
v -0.0122 0.2391 -0.0260
v -0.0141 0.2383 -0.0173
v -0.0152 0.2378 0.0657
v -0.0110 0.2391 0.0746
v -0.0112 0.2425 0.0861
v -0.0104 0.2471 0.0978
v -0.0109 0.2595 -0.0868
v -0.0107 0.2530 -0.0756
v -0.0142 0.2505 0.1041
v -0.0114 0.2545 0.1112
v -0.0117 0.2606 0.1200
v -0.0107 0.2698 -0.0998
v -0.0133 0.2643 -0.0933
v -0.0104 0.2662 0.1264
v -0.0109 0.2728 0.1327
v -0.0111 0.2825 -0.1118
v -0.0105 0.2756 -0.1059
v -0.0113 0.2800 0.1385
v -0.0104 0.2861 0.1430
v -0.0108 0.2969 -0.1225
v -0.0115 0.2906 -0.1181
v -0.0106 0.2935 0.1475
v -0.0117 0.3063 -0.1284
v -0.0108 0.3042 0.1532
v -0.0112 0.3105 0.1558
v -0.0117 0.3199 -0.1361
v -0.0098 0.3128 -0.1324
v -0.0114 0.3179 0.1585
v -0.0114 0.3310 -0.1417
v -0.0114 0.3312 0.1624
v -0.0109 0.3454 -0.1860
v -0.0117 0.3407 -0.1767
v -0.0107 0.3388 -0.1637
v -0.0120 0.3388 -0.1515
v -0.0120 0.3382 -0.1440
v -0.0105 0.3442 0.1653
v -0.0113 0.3571 -0.1859
v -0.0065 0.3622 -0.1804
v -0.0122 0.3547 0.1668
v -0.0111 0.3610 0.1676
v -0.0114 0.3690 -0.1867
v -0.0111 0.3681 -0.1790
v -0.0118 0.3659 0.1732
v -0.0112 0.3708 0.1827
v -0.0120 0.3812 -0.1871
v -0.0119 0.3824 -0.1794
v -0.0109 0.3829 0.1830
v -0.0109 0.3939 -0.1871
v -0.0113 0.3938 -0.1791
v -0.0118 0.3916 0.1723
v -0.0113 0.4061 -0.1868
v -0.0113 0.4059 -0.1787
v -0.0110 0.4066 0.1704
v -0.0120 0.4190 -0.1867
v -0.0113 0.4190 -0.1788
v -0.0114 0.4202 0.1729
v -0.0123 0.4244 0.1809
v -0.0111 0.4290 -0.1855
v -0.0117 0.4305 -0.1783
v -0.0119 0.4259 0.1869
v -0.0115 0.4318 0.1993
v -0.0114 0.4436 -0.1767
v -0.0116 0.4438 0.2043
v -0.0115 0.4614 -0.1839
v -0.0106 0.4574 -0.1781
v -0.0114 0.4567 0.2036
v -0.0113 0.4679 -0.1838
v -0.0113 0.4687 0.2014
v -0.0115 0.4810 -0.1812
v -0.0111 0.4807 0.1992
v -0.0116 0.4936 -0.1809
v -0.0111 0.4940 0.1967
v -0.0113 0.5053 -0.1755
v -0.0117 0.5060 0.1942
v -0.0110 0.5134 -0.1722
v -0.0113 0.5138 -0.1648
v -0.0120 0.5139 -0.1519
v -0.0115 0.5172 -0.1404
v -0.0114 0.5205 0.1908
v -0.0147 0.5140 0.1927
v -0.0112 0.5313 -0.1394
v -0.0112 0.5313 0.1502
v -0.0112 0.5299 0.1614
v -0.0116 0.5318 0.1741
v -0.0110 0.5288 0.1846
v -0.0118 0.5433 -0.1370
v -0.0104 0.5433 0.1460
v -0.0121 0.5502 -0.1332
v -0.0110 0.5570 -0.1318
v -0.0112 0.5572 0.1401
v -0.0064 0.5525 0.1439
v -0.0110 0.5747 -0.1469
v -0.0116 0.5732 -0.1389
v -0.0121 0.5688 -0.1319
v -0.0114 0.5629 0.1394
v -0.0111 0.5674 0.1512
v -0.0115 0.5813 -0.1506
v -0.0114 0.5821 0.1504
v -0.0120 0.5935 -0.1471
v -0.0111 0.5941 -0.1434
v -0.0111 0.5943 0.1532
v -0.0120 0.6055 -0.1465
v -0.0127 0.6113 -0.1438
v -0.0123 0.6053 0.1412
v -0.0118 0.6063 0.1474
v -0.0119 0.6181 -0.1386
v -0.0116 0.6138 0.1541
v -0.0110 0.6195 0.1617
v -0.0102 0.6366 -0.1592
v -0.0116 0.6303 -0.1521
v -0.0109 0.6314 0.1699
v -0.0106 0.6496 -0.1711
v -0.0116 0.6430 -0.1652
v -0.0113 0.6423 0.1651
v -0.0111 0.6491 0.1679
v -0.0119 0.6568 -0.1770
v -0.0118 0.6581 0.1648
v -0.0100 0.6520 0.1681
v -0.0112 0.6697 -0.1866
v -0.0113 0.6629 -0.1819
v -0.0113 0.6691 0.1618
v -0.0104 0.6860 -0.1960
v -0.0118 0.6796 -0.1927
v -0.0115 0.6762 0.1667
v -0.0111 0.6826 0.1716
v -0.0112 0.6942 -0.1999
v -0.0117 0.6918 0.1772
v -0.0100 0.6987 0.1810
v -0.0107 0.7066 -0.2050
v -0.0110 0.7063 0.1846
v -0.0113 0.7186 -0.2093
v -0.0122 0.7130 -0.2074
v -0.0119 0.7185 0.1900
v -0.0066 0.7236 0.1926
v -0.0113 0.7306 -0.2128
v -0.0154 0.7260 0.1923
v -0.0107 0.7316 0.1947
v -0.0111 0.7439 -0.2157
v -0.0112 0.7436 0.1980
v -0.0108 0.7560 -0.2177
v -0.0112 0.7554 0.2002
v -0.0118 0.7685 -0.2190
v -0.0118 0.7687 0.2017
v -0.0113 0.7810 -0.2198
v -0.0118 0.7808 0.2024
v -0.0113 0.7936 -0.2198
v -0.0113 0.7934 0.2027
v -0.0118 0.8065 -0.2191
v -0.0114 0.8071 0.2018
v -0.0123 0.8187 -0.2176
v -0.0119 0.8182 0.2035
v -0.0074 0.8174 0.2052
v -0.0117 0.8318 -0.2151
v -0.0115 0.8320 0.2018
v -0.0114 0.8446 -0.2119
v -0.0110 0.8436 0.1987
v -0.0111 0.8548 -0.2087
v -0.0115 0.8610 -0.2065
v -0.0118 0.8556 0.1955
v -0.0113 0.8689 -0.2031
v -0.0113 0.8719 0.1869
v -0.0114 0.8644 0.1932
v -0.0106 0.8793 -0.1980
v -0.0105 0.8863 -0.1941
v -0.0118 0.8815 0.1757
v -0.0117 0.8936 -0.1891
v -0.0110 0.8969 0.1647
v -0.0116 0.8903 0.1695
v -0.0119 0.9009 -0.1838
v -0.0113 0.9069 -0.1789
v -0.0109 0.9059 0.1616
v -0.0120 0.9144 -0.1723
v -0.0106 0.9206 -0.1665
v -0.0102 0.9142 0.1665
v -0.0116 0.9204 0.1710
v -0.0115 0.9267 -0.1603
v -0.0116 0.9329 -0.1530
v -0.0122 0.9369 0.1544
v -0.0109 0.9349 0.1619
v -0.0120 0.9285 0.1713
v -0.0112 0.9379 -0.1469
v -0.0116 0.9442 -0.1396
v -0.0124 0.9385 0.1542
v -0.0115 0.9444 0.1560
v -0.0113 0.9546 -0.1265
v -0.0110 0.9604 -0.1180
v -0.0123 0.9587 0.1517
v -0.0115 0.9518 0.1559
v -0.0106 0.9644 -0.1115
v -0.0111 0.9696 -0.1017
v -0.0126 0.9739 -0.0928
v -0.0107 0.9732 0.1258
v -0.0116 0.9684 0.1361
v -0.0112 0.9641 0.1447
v -0.0125 0.9767 -0.0864
v -0.0106 0.9811 -0.0756
v -0.0117 0.9852 -0.0640
v -0.0142 0.9873 -0.0573
v -0.0136 0.9873 0.0914
v -0.0113 0.9845 0.0991
v -0.0112 0.9796 0.1111
v -0.0100 0.9760 0.1197
v -0.0118 0.9894 -0.0504
v -0.0115 0.9922 -0.0392
v -0.0119 0.9950 -0.0268
v -0.0110 0.9973 -0.0134
v -0.0117 0.9987 -0.0005
v -0.0112 0.9993 0.0115
v -0.0117 0.9990 0.0234
v -0.0114 0.9982 0.0361
v -0.0115 0.9973 0.0480
v -0.0117 0.9958 0.0605
v -0.0113 0.9928 0.0738
v -0.0113 0.9892 0.0861
v -0.0023 0.2373 -0.0206
v 0.0021 0.2366 -0.0142
v 0.0012 0.2354 -0.0012
v 0.0015 0.2347 0.0116
v 0.0014 0.2343 0.0235
v 0.0017 0.2343 0.0360
v 0.0009 0.2348 0.0484
v 0.0015 0.2361 0.0613
v 0.0015 0.2373 0.0686
v 0.0008 0.2474 -0.0637
v 0.0013 0.2435 -0.0517
v 0.0012 0.2403 -0.0382
v 0.0018 0.2383 -0.0267
v 0.0018 0.2387 0.0749
v 0.0017 0.2419 0.0860
v 0.0014 0.2467 0.0980
v 0.0010 0.2597 -0.0874
v 0.0015 0.2528 -0.0757
v -0.0001 0.2502 0.1049
v 0.0014 0.2545 0.1119
v 0.0012 0.2603 0.1204
v 0.0009 0.2699 -0.1003
v 0.0018 0.2636 -0.0930
v 0.0014 0.2657 0.1266
v 0.0004 0.2716 0.1323
v 0.0014 0.2814 -0.1112
v 0.0005 0.2755 -0.1061
v 0.0010 0.2796 0.1388
v 0.0018 0.2867 0.1438
v 0.0012 0.2971 -0.1229
v 0.0017 0.2906 -0.1184
v 0.0007 0.2936 0.1481
v 0.0007 0.3065 -0.1289
v 0.0013 0.3033 0.1531
v 0.0012 0.3097 0.1559
v 0.0013 0.3188 -0.1359
v -0.0037 0.3125 -0.1325
v 0.0013 0.3179 0.1589
v 0.0007 0.3311 -0.1420
v 0.0014 0.3302 0.1624
v 0.0005 0.3456 -0.1858
v 0.0012 0.3409 -0.1767
v 0.0011 0.3388 -0.1636
v -0.0004 0.3388 -0.1512
v -0.0002 0.3382 -0.1442
v 0.0010 0.3435 0.1654
v 0.0005 0.3566 -0.1858
v 0.0015 0.3597 -0.1801
v 0.0014 0.3533 0.1670
v 0.0008 0.3598 0.1678
v 0.0008 0.3670 -0.1859
v 0.0010 0.3687 -0.1792
v 0.0010 0.3658 0.1731
v 0.0014 0.3711 0.1830
v 0.0007 0.3813 -0.1870
v 0.0007 0.3817 -0.1792
v 0.0011 0.3828 0.1830
v 0.0009 0.3934 -0.1868
v 0.0017 0.3941 -0.1792
v 0.0009 0.3913 0.1725
v 0.0012 0.4064 -0.1866
v 0.0019 0.4062 -0.1787
v 0.0003 0.4065 0.1707
v 0.0012 0.4185 -0.1862
v 0.0003 0.4186 -0.1788
v 0.0006 0.4200 0.1735
v 0.0012 0.4247 0.1822
v 0.0014 0.4294 -0.1853
v 0.0008 0.4305 -0.1787
v 0.0009 0.4264 0.1885
v 0.0007 0.4319 0.1996
v 0.0014 0.4446 -0.1776
v 0.0007 0.4436 0.2043
v 0.0009 0.4470 0.2050
v -0.0004 0.4613 -0.1840
v 0.0016 0.4568 -0.1783
v 0.0012 0.4558 0.2038
v 0.0011 0.4690 -0.1836
v 0.0015 0.4691 0.2014
v 0.0009 0.4811 -0.1816
v 0.0008 0.4816 0.1991
v 0.0016 0.4939 -0.1813
v 0.0018 0.4931 0.1969
v 0.0007 0.5054 -0.1755
v 0.0006 0.5058 0.1941
v 0.0005 0.5134 -0.1723
v 0.0009 0.5139 -0.1634
v 0.0010 0.5140 -0.1510
v 0.0014 0.5175 -0.1406
v 0.0010 0.5191 0.1910
v 0.0011 0.5129 0.1927
v 0.0012 0.5310 -0.1401
v 0.0022 0.5314 0.1518
v 0.0009 0.5299 0.1606
v 0.0013 0.5320 0.1736
v 0.0014 0.5285 0.1848
v 0.0009 0.5435 -0.1374
v 0.0020 0.5433 0.1478
v 0.0004 0.5514 -0.1330
v 0.0013 0.5569 -0.1322
v 0.0029 0.5584 0.1413
v 0.0016 0.5530 0.1442
v 0.0017 0.5747 -0.1472
v 0.0012 0.5732 -0.1394
v 0.0016 0.5667 -0.1322
v 0.0020 0.5628 0.1408
v 0.0015 0.5675 0.1515
v -0.0011 0.5721 0.1550
v 0.0012 0.5807 -0.1509
v 0.0009 0.5819 0.1505
v 0.0006 0.5944 -0.1470
v 0.0012 0.5939 -0.1434
v 0.0013 0.5945 0.1535
v 0.0006 0.6058 -0.1469
v 0.0012 0.6115 -0.1441
v 0.0007 0.6053 0.1416
v 0.0012 0.6070 0.1478
v 0.0004 0.6178 -0.1393
v -0.0001 0.6137 0.1547
v 0.0005 0.6189 0.1615
v 0.0056 0.6244 0.1675
v 0.0005 0.6365 -0.1594
v 0.0007 0.6295 -0.1515
v 0.0014 0.6325 0.1703
v 0.0012 0.6493 -0.1713
v 0.0015 0.6426 -0.1654
v 0.0009 0.6412 0.1655
v 0.0006 0.6481 0.1681
v 0.0008 0.6561 -0.1769
v 0.0006 0.6589 0.1646
v 0.0013 0.6521 0.1684
v 0.0019 0.6695 -0.1868
v -0.0036 0.6626 -0.1820
v 0.0010 0.6687 0.1621
v 0.0017 0.6854 -0.1959
v 0.0004 0.6795 -0.1928
v 0.0005 0.6754 0.1670
v 0.0015 0.6825 0.1723
v 0.0015 0.6935 -0.1997
v 0.0011 0.6913 0.1778
v 0.0017 0.6975 0.1810
v 0.0009 0.7066 -0.2051
v 0.0018 0.7058 0.1850
v 0.0010 0.7191 -0.2095
v 0.0010 0.7177 0.1904
v 0.0026 0.7236 0.1926
v 0.0013 0.7314 -0.2129
v 0.0008 0.7308 0.1949
v 0.0006 0.7430 -0.2155
v 0.0011 0.7449 0.1987
v 0.0012 0.7558 -0.2176
v 0.0007 0.7567 0.2009
v 0.0016 0.7689 -0.2190
v 0.0014 0.7675 0.2021
v 0.0005 0.7819 -0.2198
v 0.0011 0.7822 0.2026
v 0.0009 0.7936 -0.2198
v 0.0018 0.7949 0.2023
v 0.0014 0.8058 -0.2192
v 0.0010 0.8076 0.2017
v 0.0010 0.8189 -0.2177
v 0.0022 0.8191 0.2040
v 0.0018 0.8173 0.2053
v 0.0012 0.8307 -0.2155
v 0.0010 0.8321 0.2018
v 0.0010 0.8438 -0.2123
v 0.0015 0.8442 0.1987
v 0.0013 0.8542 -0.2091
v 0.0009 0.8606 -0.2068
v 0.0004 0.8563 0.1956
v 0.0011 0.8685 -0.2035
v 0.0020 0.8728 0.1871
v 0.0015 0.8652 0.1933
v 0.0015 0.8796 -0.1981
v 0.0017 0.8863 -0.1943
v 0.0013 0.8813 0.1759
v 0.0013 0.8928 -0.1901
v 0.0012 0.8964 0.1649
v 0.0012 0.8904 0.1692
v 0.0006 0.9018 -0.1835
v 0.0016 0.9078 -0.1785
v 0.0018 0.9062 0.1615
v 0.0013 0.9143 -0.1728
v 0.0017 0.9206 -0.1669
v 0.0014 0.9139 0.1662
v 0.0017 0.9204 0.1711
v 0.0005 0.9268 -0.1607
v 0.0014 0.9334 -0.1531
v 0.0003 0.9371 0.1544
v 0.0012 0.9352 0.1618
v 0.0009 0.9287 0.1715
v -0.0001 0.9380 -0.1473
v 0.0012 0.9450 -0.1392
v 0.0025 0.9380 0.1539
v 0.0009 0.9441 0.1561
v 0.0012 0.9504 -0.1327
v 0.0013 0.9552 -0.1263
v 0.0005 0.9612 -0.1174
v 0.0012 0.9588 0.1527
v 0.0005 0.9522 0.1562
v 0.0011 0.9654 -0.1107
v 0.0011 0.9708 -0.1006
v 0.0019 0.9747 -0.0926
v 0.0007 0.9736 0.1264
v 0.0015 0.9689 0.1367
v 0.0012 0.9640 0.1462
v 0.0019 0.9774 -0.0862
v 0.0013 0.9814 -0.0760
v 0.0003 0.9858 -0.0638
v 0.0015 0.9851 0.0987
v 0.0015 0.9800 0.1115
v 0.0016 0.9764 0.1200
v 0.0019 0.9877 -0.0580
v 0.0011 0.9896 -0.0517
v 0.0014 0.9926 -0.0396
v 0.0006 0.9955 -0.0269
v 0.0009 0.9978 -0.0134
v 0.0011 0.9993 -0.0005
v 0.0006 0.9998 0.0111
v 0.0011 0.9996 0.0236
v 0.0001 0.9987 0.0364
v 0.0012 0.9977 0.0485
v 0.0010 0.9961 0.0608
v 0.0011 0.9933 0.0732
v 0.0013 0.9900 0.0849
v 0.0066 1.0000 0.0135
v 0.0195 0.2112 -0.0107
v 0.0192 0.2076 -0.0002
v 0.0190 0.2082 0.0110
v 0.0195 0.2087 0.0201
v 0.0190 0.2195 -0.0130
v 0.0179 0.2179 -0.0019
v 0.0177 0.2181 0.0105
v 0.0187 0.2182 0.0232
v 0.0195 0.2220 0.0322
v 0.0192 0.2328 -0.0222
v 0.0159 0.2328 -0.0129
v 0.0146 0.2328 -0.0013
v 0.0145 0.2332 0.0114
v 0.0152 0.2333 0.0239
v 0.0157 0.2345 0.0354
v 0.0135 0.2358 0.0482
v 0.0130 0.2367 0.0605
v 0.0140 0.2476 -0.0629
v 0.0147 0.2441 -0.0510
v 0.0151 0.2419 -0.0385
v 0.0160 0.2401 -0.0265
v 0.0152 0.2389 -0.0154
v 0.0149 0.2383 -0.0014
v 0.0190 0.2387 0.0410
v 0.0191 0.2388 0.0474
v 0.0186 0.2383 0.0619
v 0.0146 0.2393 0.0738
v 0.0140 0.2427 0.0860
v 0.0132 0.2470 0.0971
v 0.0139 0.2591 -0.0859
v 0.0135 0.2531 -0.0755
v 0.0167 0.2508 0.1042
v 0.0129 0.2544 0.1108
v 0.0136 0.2606 0.1198
v 0.0133 0.2697 -0.0995
v 0.0150 0.2642 -0.0930
v 0.0133 0.2665 0.1266
v 0.0126 0.2729 0.1328
v 0.0140 0.2822 -0.1113
v 0.0142 0.2762 -0.1061
v 0.0137 0.2802 0.1386
v 0.0101 0.2868 0.1437
v 0.0135 0.2971 -0.1224
v 0.0141 0.2904 -0.1177
v 0.0136 0.2937 0.1475
v 0.0131 0.3059 -0.1280
v 0.0138 0.3045 0.1531
v 0.0121 0.3105 0.1559
v 0.0132 0.3197 -0.1359
v 0.0146 0.3134 -0.1323
v 0.0137 0.3180 0.1584
v 0.0142 0.3307 -0.1412
v 0.0129 0.3312 0.1623
v 0.0140 0.3457 -0.1859
v 0.0133 0.3407 -0.1764
v 0.0132 0.3388 -0.1634
v 0.0135 0.3389 -0.1517
v 0.0136 0.3383 -0.1440
v 0.0139 0.3428 0.1647
v 0.0136 0.3569 -0.1868
v 0.0099 0.3610 -0.1803
v 0.0141 0.3549 0.1667
v 0.0117 0.3614 0.1677
v 0.0137 0.3687 -0.1865
v 0.0101 0.3695 -0.1798
v 0.0133 0.3659 0.1735
v 0.0135 0.3709 0.1828
v 0.0129 0.3813 -0.1865
v 0.0113 0.3820 -0.1798
v 0.0141 0.3820 0.1830
v 0.0132 0.3937 -0.1863
v 0.0113 0.3939 -0.1798
v 0.0134 0.3911 0.1723
v 0.0132 0.4065 -0.1862
v 0.0101 0.4043 -0.1797
v 0.0136 0.4060 0.1703
v 0.0135 0.4191 -0.1859
v 0.0137 0.4207 0.1731
v 0.0134 0.4245 0.1814
v 0.0145 0.4300 -0.1847
v 0.0122 0.4339 -0.1805
v 0.0138 0.4261 0.1876
v 0.0136 0.4321 0.1999
v 0.0190 0.4378 -0.1826
v 0.0139 0.4440 -0.1802
v 0.0136 0.4433 0.2042
v 0.0130 0.4470 0.2050
v 0.0121 0.4614 -0.1838
v 0.0141 0.4563 -0.1785
v 0.0137 0.4568 0.2035
v 0.0132 0.4680 -0.1835
v 0.0138 0.4690 0.2008
v 0.0138 0.4814 -0.1818
v 0.0140 0.4814 0.1976
v 0.0140 0.4937 -0.1816
v 0.0136 0.4937 0.1952
v 0.0132 0.5055 -0.1756
v 0.0144 0.5097 0.1922
v 0.0120 0.5045 0.1932
v 0.0130 0.5135 -0.1723
v 0.0133 0.5140 -0.1644
v 0.0140 0.5140 -0.1514
v 0.0140 0.5174 -0.1398
v 0.0133 0.5184 0.1908
v 0.0140 0.5309 -0.1393
v 0.0138 0.5309 0.1493
v 0.0136 0.5300 0.1608
v 0.0144 0.5321 0.1742
v 0.0133 0.5286 0.1849
v 0.0137 0.5433 -0.1371
v 0.0180 0.5477 0.1420
v 0.0133 0.5422 0.1452
v 0.0165 0.5502 -0.1333
v 0.0133 0.5561 -0.1318
v 0.0142 0.5552 0.1400
v 0.0087 0.5501 0.1432
v 0.0130 0.5747 -0.1469
v 0.0140 0.5732 -0.1392
v 0.0139 0.5679 -0.1319
v 0.0138 0.5629 0.1387
v 0.0132 0.5674 0.1509
v 0.0134 0.5814 -0.1504
v 0.0132 0.5817 0.1501
v 0.0139 0.5927 -0.1472
v 0.0138 0.5940 -0.1433
v 0.0138 0.5947 0.1529
v 0.0130 0.6050 -0.1466
v 0.0133 0.6111 -0.1439
v 0.0143 0.6054 0.1414
v 0.0138 0.6062 0.1476
v 0.0129 0.6180 -0.1393
v 0.0127 0.6137 0.1547
v 0.0129 0.6194 0.1620
v 0.0122 0.6366 -0.1592
v 0.0132 0.6301 -0.1519
v 0.0136 0.6314 0.1702
v 0.0128 0.6492 -0.1711
v 0.0135 0.6425 -0.1650
v 0.0131 0.6409 0.1654
v 0.0136 0.6479 0.1683
v 0.0137 0.6565 -0.1771
v 0.0143 0.6582 0.1646
v 0.0138 0.6522 0.1683
v 0.0137 0.6691 -0.1864
v 0.0133 0.6685 0.1606
v 0.0130 0.6857 -0.1959
v 0.0129 0.6797 -0.1928
v 0.0147 0.6765 0.1662
v 0.0137 0.6829 0.1716
v 0.0133 0.6938 -0.1996
v 0.0136 0.6915 0.1773
v 0.0134 0.6983 0.1809
v 0.0132 0.7059 -0.2046
v 0.0134 0.7068 0.1850
v 0.0137 0.7192 -0.2092
v 0.0142 0.7129 -0.2071
v 0.0138 0.7186 0.1901
v 0.0087 0.7246 0.1926
v 0.0134 0.7313 -0.2126
v 0.0167 0.7253 0.1923
v 0.0133 0.7312 0.1944
v 0.0137 0.7437 -0.2152
v 0.0131 0.7426 0.1975
v 0.0129 0.7559 -0.2172
v 0.0132 0.7552 0.2002
v 0.0135 0.7688 -0.2187
v 0.0137 0.7690 0.2016
v 0.0133 0.7810 -0.2194
v 0.0125 0.7816 0.2016
v 0.0137 0.7942 -0.2194
v 0.0137 0.7939 0.2012
v 0.0134 0.8067 -0.2187
v 0.0129 0.8066 0.2006
v 0.0136 0.8185 -0.2173
v 0.0146 0.8187 0.2025
v 0.0087 0.8182 0.2050
v 0.0134 0.8317 -0.2149
v 0.0137 0.8318 0.2020
v 0.0136 0.8444 -0.2117
v 0.0134 0.8440 0.1989
v 0.0126 0.8541 -0.2086
v 0.0143 0.8598 -0.2064
v 0.0137 0.8574 0.1954
v 0.0138 0.8688 -0.2028
v 0.0167 0.8745 0.1789
v 0.0138 0.8694 0.1861
v 0.0128 0.8649 0.1932
v 0.0134 0.8807 -0.1971
v 0.0152 0.8858 -0.1941
v 0.0136 0.8815 0.1749
v 0.0138 0.8938 -0.1888
v 0.0136 0.8957 0.1647
v 0.0141 0.8891 0.1694
v 0.0115 0.9007 -0.1839
v 0.0138 0.9068 -0.1788
v 0.0136 0.9066 0.1614
v 0.0145 0.9140 -0.1725
v 0.0139 0.9207 -0.1663
v 0.0145 0.9142 0.1664
v 0.0138 0.9204 0.1709
v 0.0130 0.9266 -0.1605
v 0.0137 0.9327 -0.1538
v 0.0136 0.9366 0.1544
v 0.0127 0.9348 0.1620
v 0.0142 0.9280 0.1714
v 0.0130 0.9379 -0.1475
v 0.0134 0.9446 -0.1396
v 0.0133 0.9389 0.1541
v 0.0130 0.9449 0.1560
v 0.0149 0.9503 -0.1326
v 0.0132 0.9549 -0.1266
v 0.0130 0.9608 -0.1182
v 0.0129 0.9592 0.1525
v 0.0125 0.9522 0.1561
v 0.0137 0.9653 -0.1110
v 0.0137 0.9712 -0.1000
v 0.0138 0.9748 -0.0924
v 0.0128 0.9736 0.1269
v 0.0131 0.9696 0.1358
v 0.0132 0.9642 0.1461
v 0.0129 0.9775 -0.0860
v 0.0137 0.9816 -0.0755
v 0.0133 0.9857 -0.0641
v 0.0137 0.9852 0.0992
v 0.0141 0.9803 0.1114
v 0.0139 0.9763 0.1208
v 0.0179 0.9877 -0.0580
v 0.0138 0.9897 -0.0515
v 0.0137 0.9929 -0.0389
v 0.0133 0.9957 -0.0266
v 0.0130 0.9979 -0.0135
v 0.0140 0.9994 -0.0011
v 0.0134 0.9999 0.0116
v 0.0141 0.9997 0.0241
v 0.0135 0.9990 0.0354
v 0.0136 0.9978 0.0476
v 0.0135 0.9961 0.0614
v 0.0131 0.9935 0.0731
v 0.0138 0.9901 0.0854
v 0.0110 0.9875 0.0929
v 0.0115 1.0000 0.0135
v 0.0312 0.0242 -0.0378
v 0.0305 0.0230 -0.0247
v 0.0306 0.0229 -0.0138
v 0.0315 0.0236 -0.0039
v 0.0322 0.0365 -0.0586
v 0.0304 0.0325 -0.0502
v 0.0284 0.0315 -0.0386
v 0.0277 0.0313 -0.0261
v 0.0287 0.0314 -0.0134
v 0.0308 0.0312 -0.0020
v 0.0316 0.0437 -0.0582
v 0.0298 0.0444 -0.0509
v 0.0283 0.0440 -0.0386
v 0.0285 0.0439 -0.0262
v 0.0301 0.0438 -0.0135
v 0.0313 0.0406 -0.0041
v 0.0310 0.0556 -0.0504
v 0.0295 0.0560 -0.0391
v 0.0296 0.0553 -0.0267
v 0.0311 0.0560 -0.0148
v 0.0315 0.0688 -0.0485
v 0.0303 0.0689 -0.0391
v 0.0303 0.0679 -0.0262
v 0.0315 0.0677 -0.0153
v 0.0319 0.0793 -0.0464
v 0.0312 0.0812 -0.0384
v 0.0312 0.0816 -0.0256
v 0.0318 0.0803 -0.0173
v 0.0320 0.0899 -0.0357
v 0.0320 0.0898 -0.0260
v 0.0323 0.0890 -0.0197
v 0.0316 0.1223 -0.0464
v 0.0299 0.1203 -0.0375
v 0.0289 0.1182 -0.0255
v 0.0286 0.1177 -0.0133
v 0.0289 0.1188 -0.0011
v 0.0304 0.1212 0.0104
v 0.0315 0.1301 -0.0479
v 0.0287 0.1309 -0.0395
v 0.0259 0.1302 -0.0267
v 0.0251 0.1308 -0.0140
v 0.0259 0.1312 -0.0014
v 0.0286 0.1312 0.0110
v 0.0313 0.1325 0.0203
v 0.0299 0.1433 -0.0384
v 0.0267 0.1429 -0.0264
v 0.0254 0.1432 -0.0139
v 0.0257 0.1447 -0.0018
v 0.0270 0.1447 0.0114
v 0.0296 0.1450 0.0233
v 0.0310 0.1475 0.0336
v 0.0295 0.1560 -0.0383
v 0.0258 0.1551 -0.0269
v 0.0231 0.1549 -0.0140
v 0.0222 0.1550 -0.0013
v 0.0230 0.1551 0.0113
v 0.0253 0.1559 0.0240
v 0.0292 0.1563 0.0366
v 0.0317 0.1589 0.0443
v 0.0292 0.1689 -0.0391
v 0.0241 0.1691 -0.0260
v 0.0215 0.1693 -0.0134
v 0.0207 0.1687 -0.0010
v 0.0213 0.1688 0.0116
v 0.0231 0.1690 0.0242
v 0.0263 0.1693 0.0361
v 0.0305 0.1693 0.0465
v 0.0293 0.1816 -0.0387
v 0.0244 0.1817 -0.0263
v 0.0216 0.1821 -0.0136
v 0.0207 0.1823 -0.0018
v 0.0211 0.1822 0.0109
v 0.0230 0.1822 0.0237
v 0.0264 0.1824 0.0362
v 0.0304 0.1812 0.0466
v 0.0306 0.1935 -0.0363
v 0.0267 0.1940 -0.0262
v 0.0233 0.1938 -0.0137
v 0.0219 0.1936 -0.0007
v 0.0220 0.1933 0.0116
v 0.0232 0.1931 0.0235
v 0.0254 0.1941 0.0357
v 0.0292 0.1949 0.0477
v 0.0314 0.1987 0.0553
v 0.0294 0.2066 -0.0381
v 0.0245 0.2066 -0.0269
v 0.0210 0.2061 -0.0139
v 0.0204 0.2014 -0.0020
v 0.0203 0.2013 0.0128
v 0.0208 0.2053 0.0254
v 0.0228 0.2067 0.0368
v 0.0267 0.2061 0.0487
v 0.0304 0.2081 0.0583
v 0.0311 0.2207 -0.0463
v 0.0274 0.2185 -0.0389
v 0.0222 0.2186 -0.0263
v 0.0204 0.2147 -0.0178
v 0.0210 0.2182 0.0369
v 0.0241 0.2185 0.0482
v 0.0289 0.2190 0.0605
v 0.0316 0.2232 0.0680
v 0.0298 0.2320 -0.0483
v 0.0250 0.2306 -0.0386
v 0.0210 0.2305 -0.0280
v 0.0204 0.2291 0.0410
v 0.0218 0.2309 0.0479
v 0.0262 0.2315 0.0611
v 0.0307 0.2330 0.0714
v 0.0232 0.2486 -0.0615
v 0.0252 0.2455 -0.0507
v 0.0220 0.2434 -0.0394
v 0.0203 0.2407 -0.0314
v 0.0211 0.2396 0.0524
v 0.0226 0.2405 0.0614
v 0.0259 0.2430 0.0736
v 0.0272 0.2459 0.0848
v 0.0262 0.2483 0.0958
v 0.0258 0.2600 -0.0858
v 0.0264 0.2545 -0.0754
v 0.0281 0.2532 -0.0633
v 0.0266 0.2518 -0.0541
v 0.0317 0.2507 0.0863
v 0.0282 0.2514 0.1020
v 0.0261 0.2568 0.1118
v 0.0243 0.2617 0.1192
v 0.0261 0.2707 -0.0991
v 0.0258 0.2647 -0.0922
v 0.0262 0.2669 0.1248
v 0.0253 0.2731 0.1312
v 0.0255 0.2833 -0.1108
v 0.0254 0.2772 -0.1056
v 0.0257 0.2814 0.1378
v 0.0256 0.2978 -0.1214
v 0.0268 0.2917 -0.1169
v 0.0291 0.2887 0.1421
v 0.0256 0.2943 0.1462
v 0.0260 0.3058 -0.1264
v 0.0263 0.3056 0.1520
v 0.0224 0.3113 0.1551
v 0.0249 0.3212 -0.1353
v 0.0260 0.3147 -0.1317
v 0.0304 0.3130 0.1544
v 0.0254 0.3182 0.1571
v 0.0260 0.3306 -0.1397
v 0.0261 0.3305 0.1606
v 0.0261 0.3455 -0.1850
v 0.0259 0.3410 -0.1769
v 0.0260 0.3389 -0.1635
v 0.0263 0.3390 -0.1515
v 0.0266 0.3388 -0.1433
v 0.0258 0.3434 0.1635
v 0.0256 0.3557 -0.1861
v 0.0270 0.3559 0.1653
v 0.0268 0.3694 -0.1857
v 0.0283 0.3645 0.1666
v 0.0269 0.3664 0.1736
v 0.0269 0.3713 0.1823
v 0.0257 0.3810 -0.1857
v 0.0305 0.3871 0.1756
v 0.0262 0.3820 0.1825
v 0.0257 0.3932 -0.1856
v 0.0254 0.3915 0.1710
v 0.0259 0.4061 -0.1856
v 0.0263 0.4065 0.1691
v 0.0260 0.4181 -0.1855
v 0.0261 0.4199 0.1717
v 0.0254 0.4245 0.1818
v 0.0262 0.4318 -0.1842
v 0.0259 0.4262 0.1883
v 0.0265 0.4317 0.1994
v 0.0254 0.4395 -0.1826
v 0.0264 0.4455 -0.1818
v 0.0253 0.4438 0.2043
v 0.0268 0.4607 -0.1833
v 0.0261 0.4554 -0.1802
v 0.0261 0.4562 0.2035
v 0.0256 0.4683 -0.1832
v 0.0283 0.4747 -0.1824
v 0.0254 0.4689 0.2005
v 0.0258 0.4817 -0.1819
v 0.0264 0.4813 0.1972
v 0.0260 0.4935 -0.1817
v 0.0260 0.4938 0.1947
v 0.0257 0.5051 -0.1757
v 0.0264 0.5090 0.1921
v 0.0262 0.5026 0.1931
v 0.0253 0.5134 -0.1726
v 0.0261 0.5141 -0.1632
v 0.0257 0.5141 -0.1498
v 0.0261 0.5169 -0.1386
v 0.0264 0.5182 0.1906
v 0.0254 0.5310 -0.1375
v 0.0318 0.5353 0.1417
v 0.0263 0.5294 0.1473
v 0.0258 0.5298 0.1606
v 0.0263 0.5319 0.1736
v 0.0261 0.5288 0.1848
v 0.0255 0.5431 -0.1359
v 0.0282 0.5500 -0.1323
v 0.0271 0.5441 0.1405
v 0.0222 0.5405 0.1434
v 0.0248 0.5502 -0.1326
v 0.0266 0.5570 -0.1305
v 0.0268 0.5555 0.1362
v 0.0237 0.5749 -0.1462
v 0.0257 0.5733 -0.1391
v 0.0265 0.5689 -0.1310
v 0.0264 0.5630 0.1365
v 0.0262 0.5672 0.1498
v 0.0263 0.5814 -0.1488
v 0.0258 0.5820 0.1488
v 0.0256 0.5909 -0.1463
v 0.0268 0.5940 -0.1423
v 0.0259 0.5945 0.1516
v 0.0236 0.6040 -0.1456
v 0.0271 0.6089 -0.1432
v 0.0271 0.6053 0.1407
v 0.0261 0.6063 0.1470
v 0.0259 0.6181 -0.1378
v 0.0309 0.6161 -0.1322
v 0.0273 0.6139 0.1540
v 0.0261 0.6199 0.1617
v 0.0231 0.6370 -0.1589
v 0.0260 0.6315 -0.1523
v 0.0305 0.6257 -0.1449
v 0.0256 0.6322 0.1697
v 0.0220 0.6492 -0.1705
v 0.0266 0.6436 -0.1649
v 0.0253 0.6409 0.1653
v 0.0253 0.6481 0.1681
v 0.0256 0.6558 -0.1758
v 0.0260 0.6572 0.1647
v 0.0268 0.6512 0.1684
v 0.0264 0.6692 -0.1859
v 0.0242 0.6633 -0.1819
v 0.0258 0.6692 0.1593
v 0.0258 0.6865 -0.1958
v 0.0256 0.6799 -0.1924
v 0.0257 0.6775 0.1650
v 0.0251 0.6843 0.1711
v 0.0261 0.6938 -0.1991
v 0.0264 0.6923 0.1768
v 0.0235 0.6992 0.1807
v 0.0261 0.7061 -0.2041
v 0.0265 0.7062 0.1837
v 0.0250 0.7201 -0.2090
v 0.0260 0.7140 -0.2069
v 0.0260 0.7187 0.1890
v 0.0261 0.7307 -0.2119
v 0.0277 0.7264 0.1916
v 0.0261 0.7323 0.1936
v 0.0258 0.7442 -0.2148
v 0.0261 0.7425 0.1963
v 0.0266 0.7561 -0.2167
v 0.0257 0.7553 0.1988
v 0.0246 0.7687 -0.2181
v 0.0256 0.7700 0.2001
v 0.0263 0.7821 -0.2188
v 0.0250 0.7819 0.1996
v 0.0265 0.7935 -0.2188
v 0.0257 0.7943 0.1993
v 0.0261 0.8069 -0.2178
v 0.0266 0.8065 0.1989
v 0.0267 0.8193 -0.2162
v 0.0258 0.8200 0.1988
v 0.0249 0.8317 -0.2140
v 0.0268 0.8312 0.1999
v 0.0265 0.8438 -0.2107
v 0.0315 0.8494 0.1915
v 0.0269 0.8441 0.1980
v 0.0248 0.8521 -0.2082
v 0.0273 0.8579 -0.2059
v 0.0280 0.8578 0.1879
v 0.0249 0.8547 0.1951
v 0.0259 0.8688 -0.2017
v 0.0273 0.8728 0.1784
v 0.0241 0.8662 0.1834
v 0.0248 0.8788 -0.1971
v 0.0272 0.8845 -0.1936
v 0.0265 0.8815 0.1730
v 0.0260 0.8936 -0.1877
v 0.0267 0.8942 0.1639
v 0.0236 0.8888 0.1684
v 0.0228 0.9004 -0.1831
v 0.0263 0.9065 -0.1777
v 0.0256 0.9056 0.1599
v 0.0270 0.9137 -0.1713
v 0.0266 0.9198 -0.1658
v 0.0250 0.9139 0.1659
v 0.0261 0.9203 0.1704
v 0.0253 0.9261 -0.1597
v 0.0263 0.9320 -0.1533
v 0.0278 0.9357 0.1525
v 0.0255 0.9337 0.1616
v 0.0269 0.9268 0.1709
v 0.0264 0.9378 -0.1470
v 0.0256 0.9439 -0.1396
v 0.0288 0.9498 -0.1323
v 0.0264 0.9393 0.1535
v 0.0257 0.9459 0.1556
v 0.0257 0.9547 -0.1264
v 0.0262 0.9609 -0.1176
v 0.0267 0.9586 0.1519
v 0.0247 0.9517 0.1557
v 0.0259 0.9649 -0.1110
v 0.0263 0.9704 -0.1007
v 0.0256 0.9745 -0.0922
v 0.0266 0.9734 0.1268
v 0.0256 0.9690 0.1365
v 0.0257 0.9641 0.1456
v 0.0248 0.9768 -0.0867
v 0.0260 0.9810 -0.0759
v 0.0258 0.9855 -0.0634
v 0.0314 0.9872 -0.0574
v 0.0264 0.9852 0.0988
v 0.0257 0.9801 0.1113
v 0.0252 0.9761 0.1209
v 0.0259 0.9892 -0.0515
v 0.0253 0.9925 -0.0390
v 0.0260 0.9952 -0.0270
v 0.0259 0.9974 -0.0143
v 0.0265 0.9989 -0.0017
v 0.0256 0.9995 0.0108
v 0.0257 0.9993 0.0237
v 0.0254 0.9986 0.0366
v 0.0265 0.9975 0.0486
v 0.0264 0.9959 0.0612
v 0.0259 0.9930 0.0738
v 0.0253 0.9895 0.0866
v 0.0252 0.9875 0.0926
v 0.0422 0.0245 -0.0600
v 0.0391 0.0236 -0.0512
v 0.0386 0.0216 -0.0390
v 0.0387 0.0197 -0.0259
v 0.0375 0.0186 -0.0137
v 0.0372 0.0183 -0.0005
v 0.0381 0.0184 0.0107
v 0.0411 0.0180 0.0232
v 0.0432 0.0206 0.0330
v 0.0419 0.0323 -0.0731
v 0.0379 0.0294 -0.0635
v 0.0334 0.0276 -0.0534
v 0.0325 0.0316 0.0043
v 0.0351 0.0320 0.0120
v 0.0399 0.0315 0.0239
v 0.0435 0.0305 0.0327
v 0.0405 0.0439 -0.0756
v 0.0342 0.0442 -0.0646
v 0.0337 0.0445 -0.0004
v 0.0375 0.0433 0.0110
v 0.0422 0.0417 0.0223
v 0.0411 0.0553 -0.0749
v 0.0351 0.0556 -0.0635
v 0.0326 0.0571 -0.0563
v 0.0325 0.0591 -0.0086
v 0.0344 0.0559 -0.0013
v 0.0390 0.0557 0.0113
v 0.0434 0.0566 0.0208
v 0.0421 0.0685 -0.0738
v 0.0364 0.0691 -0.0633
v 0.0332 0.0696 -0.0549
v 0.0326 0.0718 -0.0105
v 0.0348 0.0683 -0.0017
v 0.0397 0.0690 0.0116
v 0.0438 0.0688 0.0200
v 0.0428 0.0801 -0.0723
v 0.0380 0.0812 -0.0636
v 0.0335 0.0812 -0.0515
v 0.0331 0.0823 -0.0107
v 0.0354 0.0809 -0.0011
v 0.0399 0.0825 0.0109
v 0.0440 0.0807 0.0192
v 0.0440 0.0898 -0.0710
v 0.0404 0.0937 -0.0632
v 0.0354 0.0930 -0.0510
v 0.0333 0.0948 -0.0387
v 0.0330 0.0960 -0.0261
v 0.0338 0.0942 -0.0143
v 0.0363 0.0937 -0.0021
v 0.0409 0.0937 0.0110
v 0.0442 0.0924 0.0183
v 0.0427 0.1054 -0.0608
v 0.0389 0.1063 -0.0515
v 0.0358 0.1061 -0.0393
v 0.0344 0.1068 -0.0261
v 0.0347 0.1063 -0.0135
v 0.0364 0.1066 -0.0017
v 0.0404 0.1064 0.0110
v 0.0428 0.1098 0.0212
v 0.0421 0.1193 -0.0612
v 0.0375 0.1171 -0.0515
v 0.0347 0.1145 -0.0401
v 0.0332 0.1129 -0.0292
v 0.0331 0.1129 0.0005
v 0.0346 0.1150 0.0127
v 0.0377 0.1178 0.0237
v 0.0422 0.1205 0.0344
v 0.0406 0.1302 -0.0631
v 0.0343 0.1315 -0.0532
v 0.0342 0.1299 0.0255
v 0.0396 0.1304 0.0359
v 0.0431 0.1352 0.0441
v 0.0420 0.1428 -0.0609
v 0.0360 0.1439 -0.0513
v 0.0330 0.1493 -0.0428
v 0.0331 0.1404 0.0288
v 0.0356 0.1434 0.0371
v 0.0405 0.1444 0.0481
v 0.0434 0.1466 0.0567
v 0.0431 0.1578 -0.0597
v 0.0372 0.1567 -0.0518
v 0.0333 0.1530 -0.0432
v 0.0325 0.1501 0.0409
v 0.0357 0.1554 0.0496
v 0.0416 0.1565 0.0588
v 0.0425 0.1681 -0.0595
v 0.0364 0.1686 -0.0516
v 0.0341 0.1679 0.0527
v 0.0397 0.1693 0.0612
v 0.0440 0.1749 0.0676
v 0.0432 0.1819 -0.0586
v 0.0370 0.1820 -0.0512
v 0.0325 0.1872 -0.0436
v 0.0339 0.1831 0.0528
v 0.0392 0.1818 0.0610
v 0.0439 0.1769 0.0677
v 0.0440 0.1893 -0.0578
v 0.0398 0.1940 -0.0504
v 0.0343 0.1942 -0.0420
v 0.0328 0.1910 0.0529
v 0.0367 0.1943 0.0617
v 0.0420 0.1946 0.0692
v 0.0439 0.2101 -0.0580
v 0.0387 0.2060 -0.0511
v 0.0337 0.2029 -0.0437
v 0.0344 0.2050 0.0638
v 0.0405 0.2068 0.0731
v 0.0424 0.2191 -0.0591
v 0.0361 0.2182 -0.0522
v 0.0330 0.2148 0.0664
v 0.0370 0.2184 0.0737
v 0.0424 0.2205 0.0811
v 0.0412 0.2309 -0.0614
v 0.0348 0.2292 -0.0542
v 0.0348 0.2295 0.0760
v 0.0404 0.2319 0.0839
v 0.0380 0.2440 -0.0630
v 0.0336 0.2394 -0.0566
v 0.0334 0.2388 0.0789
v 0.0380 0.2436 0.0868
v 0.0431 0.2473 0.0936
v 0.0352 0.2611 -0.0846
v 0.0377 0.2588 -0.0738
v 0.0361 0.2560 -0.0666
v 0.0347 0.2526 0.0891
v 0.0384 0.2563 0.0989
v 0.0376 0.2593 0.1110
v 0.0387 0.2717 -0.0976
v 0.0397 0.2661 -0.0889
v 0.0413 0.2656 -0.0760
v 0.0437 0.2637 0.1025
v 0.0427 0.2638 0.1144
v 0.0387 0.2691 0.1240
v 0.0368 0.2853 -0.1103
v 0.0392 0.2791 -0.1046
v 0.0411 0.2757 0.1296
v 0.0375 0.2820 0.1355
v 0.0376 0.2999 -0.1204
v 0.0385 0.2933 -0.1156
v 0.0389 0.2904 0.1408
v 0.0375 0.2967 0.1448
v 0.0380 0.3066 -0.1245
v 0.0417 0.3006 -0.1199
v 0.0385 0.3058 0.1492
v 0.0363 0.3226 -0.1339
v 0.0392 0.3167 -0.1302
v 0.0394 0.3164 0.1535
v 0.0357 0.3211 0.1561
v 0.0387 0.3301 -0.1370
v 0.0390 0.3307 0.1581
v 0.0384 0.3459 -0.1844
v 0.0385 0.3410 -0.1765
v 0.0376 0.3390 -0.1638
v 0.0385 0.3392 -0.1516
v 0.0384 0.3391 -0.1418
v 0.0393 0.3430 0.1608
v 0.0386 0.3553 -0.1850
v 0.0384 0.3562 0.1632
v 0.0393 0.3685 -0.1850
v 0.0382 0.3689 0.1652
v 0.0360 0.3710 0.1742
v 0.0343 0.3732 0.1816
v 0.0390 0.3821 -0.1851
v 0.0398 0.3822 0.1657
v 0.0361 0.3821 0.1739
v 0.0344 0.3803 0.1815
v 0.0383 0.3944 -0.1851
v 0.0393 0.3942 0.1664
v 0.0333 0.3956 0.1677
v 0.0384 0.4064 -0.1852
v 0.0410 0.4074 0.1665
v 0.0348 0.4078 0.1679
v 0.0389 0.4186 -0.1851
v 0.0419 0.4183 0.1666
v 0.0374 0.4213 0.1719
v 0.0384 0.4246 0.1820
v 0.0369 0.4317 -0.1846
v 0.0385 0.4262 0.1881
v 0.0388 0.4319 0.1998
v 0.0396 0.4428 -0.1835
v 0.0335 0.4453 -0.1823
v 0.0384 0.4440 0.2042
v 0.0385 0.4566 -0.1833
v 0.0336 0.4538 -0.1824
v 0.0392 0.4567 0.2032
v 0.0393 0.4670 -0.1830
v 0.0373 0.4743 -0.1823
v 0.0397 0.4688 0.2010
v 0.0434 0.4719 0.2100
v 0.0389 0.4814 -0.1819
v 0.0406 0.4819 0.1990
v 0.0429 0.4810 0.2107
v 0.0385 0.4933 -0.1817
v 0.0384 0.4933 0.1948
v 0.0442 0.4881 0.2083
v 0.0384 0.5048 -0.1759
v 0.0383 0.5095 0.1918
v 0.0387 0.5034 0.1929
v 0.0387 0.5135 -0.1726
v 0.0383 0.5141 -0.1639
v 0.0385 0.5142 -0.1520
v 0.0389 0.5166 -0.1366
v 0.0396 0.5183 0.1901
v 0.0388 0.5311 -0.1345
v 0.0393 0.5309 0.1401
v 0.0384 0.5276 0.1483
v 0.0388 0.5297 0.1612
v 0.0386 0.5318 0.1740
v 0.0384 0.5284 0.1850
v 0.0381 0.5420 -0.1342
v 0.0394 0.5473 -0.1320
v 0.0387 0.5436 0.1361
v 0.0384 0.5556 -0.1290
v 0.0426 0.5585 0.1287
v 0.0374 0.5559 0.1320
v 0.0381 0.5736 -0.1389
v 0.0385 0.5693 -0.1295
v 0.0412 0.5630 0.1284
v 0.0387 0.5633 0.1365
v 0.0382 0.5685 0.1484
v 0.0380 0.5819 -0.1469
v 0.0414 0.5792 -0.1443
v 0.0428 0.5828 0.1420
v 0.0386 0.5824 0.1461
v 0.0390 0.5935 -0.1403
v 0.0382 0.5946 0.1493
v 0.0393 0.6069 -0.1412
v 0.0393 0.6053 0.1399
v 0.0382 0.6058 0.1462
v 0.0385 0.6189 -0.1371
v 0.0395 0.6160 -0.1314
v 0.0390 0.6141 0.1526
v 0.0388 0.6204 0.1607
v 0.0387 0.6327 -0.1515
v 0.0398 0.6262 -0.1436
v 0.0392 0.6262 0.1667
v 0.0377 0.6328 0.1691
v 0.0375 0.6444 -0.1641
v 0.0407 0.6383 -0.1573
v 0.0387 0.6424 0.1653
v 0.0385 0.6491 0.1680
v 0.0389 0.6570 -0.1752
v 0.0408 0.6507 -0.1694
v 0.0393 0.6569 0.1642
v 0.0386 0.6512 0.1678
v 0.0379 0.6704 -0.1856
v 0.0382 0.6644 -0.1812
v 0.0386 0.6689 0.1587
v 0.0390 0.6806 -0.1917
v 0.0390 0.6793 0.1640
v 0.0378 0.6853 0.1697
v 0.0387 0.6938 -0.1983
v 0.0392 0.6930 0.1753
v 0.0387 0.7064 -0.2033
v 0.0416 0.7019 0.1791
v 0.0381 0.7072 0.1822
v 0.0371 0.7213 -0.2086
v 0.0391 0.7154 -0.2065
v 0.0386 0.7182 0.1864
v 0.0383 0.7306 -0.2112
v 0.0401 0.7298 0.1903
v 0.0360 0.7348 0.1930
v 0.0379 0.7435 -0.2141
v 0.0383 0.7441 0.1948
v 0.0391 0.7558 -0.2159
v 0.0391 0.7559 0.1965
v 0.0383 0.7690 -0.2172
v 0.0375 0.7683 0.1978
v 0.0387 0.7817 -0.2178
v 0.0384 0.7811 0.1975
v 0.0383 0.7936 -0.2178
v 0.0380 0.7944 0.1972
v 0.0380 0.8058 -0.2169
v 0.0383 0.8072 0.1970
v 0.0383 0.8185 -0.2152
v 0.0395 0.8197 0.1961
v 0.0382 0.8314 -0.2126
v 0.0412 0.8365 0.1917
v 0.0371 0.8317 0.1940
v 0.0386 0.8426 -0.2096
v 0.0422 0.8492 -0.2071
v 0.0371 0.8448 0.1898
v 0.0329 0.8412 0.1933
v 0.0380 0.8560 -0.2053
v 0.0387 0.8561 0.1847
v 0.0381 0.8687 -0.2001
v 0.0396 0.8706 0.1771
v 0.0380 0.8647 0.1808
v 0.0362 0.8772 -0.1964
v 0.0398 0.8829 -0.1926
v 0.0423 0.8862 0.1666
v 0.0385 0.8804 0.1713
v 0.0381 0.8932 -0.1861
v 0.0396 0.8987 -0.1816
v 0.0390 0.8938 0.1618
v 0.0388 0.9057 -0.1762
v 0.0386 0.9053 0.1585
v 0.0352 0.9129 -0.1709
v 0.0389 0.9187 -0.1647
v 0.0383 0.9146 0.1658
v 0.0385 0.9208 0.1697
v 0.0345 0.9254 -0.1591
v 0.0383 0.9316 -0.1519
v 0.0392 0.9347 0.1517
v 0.0389 0.9313 0.1616
v 0.0377 0.9259 0.1694
v 0.0372 0.9378 -0.1456
v 0.0382 0.9435 -0.1385
v 0.0325 0.9498 -0.1319
v 0.0390 0.9424 0.1538
v 0.0357 0.9471 0.1551
v 0.0383 0.9540 -0.1258
v 0.0385 0.9599 -0.1173
v 0.0389 0.9565 0.1516
v 0.0340 0.9502 0.1553
v 0.0390 0.9639 -0.1106
v 0.0382 0.9690 -0.1015
v 0.0381 0.9737 -0.0917
v 0.0386 0.9733 0.1252
v 0.0380 0.9678 0.1369
v 0.0369 0.9636 0.1447
v 0.0379 0.9763 -0.0853
v 0.0389 0.9797 -0.0763
v 0.0387 0.9843 -0.0633
v 0.0394 0.9870 -0.0549
v 0.0395 0.9873 0.0911
v 0.0386 0.9843 0.0992
v 0.0389 0.9793 0.1115
v 0.0378 0.9763 0.1187
v 0.0382 0.9890 -0.0487
v 0.0382 0.9915 -0.0384
v 0.0388 0.9942 -0.0259
v 0.0382 0.9965 -0.0134
v 0.0388 0.9979 -0.0007
v 0.0388 0.9984 0.0106
v 0.0392 0.9982 0.0231
v 0.0386 0.9975 0.0361
v 0.0387 0.9966 0.0479
v 0.0385 0.9951 0.0608
v 0.0383 0.9925 0.0733
v 0.0380 0.9895 0.0848
v 0.0547 0.0122 0.0129
v 0.0522 0.0115 0.0240
v 0.0516 0.0111 0.0359
v 0.0537 0.0108 0.0476
v 0.0562 0.0111 0.0568
v 0.0556 0.0248 -0.0714
v 0.0514 0.0239 -0.0634
v 0.0507 0.0220 -0.0515
v 0.0513 0.0199 -0.0386
v 0.0509 0.0181 -0.0261
v 0.0504 0.0163 -0.0135
v 0.0517 0.0145 -0.0017
v 0.0484 0.0135 0.0101
v 0.0462 0.0131 0.0232
v 0.0463 0.0164 0.0375
v 0.0499 0.0190 0.0484
v 0.0551 0.0183 0.0592
v 0.0535 0.0326 -0.0854
v 0.0498 0.0281 -0.0769
v 0.0469 0.0253 -0.0683
v 0.0473 0.0338 0.0385
v 0.0520 0.0323 0.0488
v 0.0557 0.0300 0.0573
v 0.0509 0.0442 -0.0873
v 0.0461 0.0409 -0.0824
v 0.0458 0.0449 0.0275
v 0.0498 0.0431 0.0365
v 0.0552 0.0440 0.0481
v 0.0515 0.0555 -0.0867
v 0.0465 0.0586 -0.0808
v 0.0469 0.0561 0.0274
v 0.0519 0.0561 0.0367
v 0.0558 0.0563 0.0464
v 0.0533 0.0680 -0.0857
v 0.0472 0.0694 -0.0799
v 0.0472 0.0696 0.0259
v 0.0533 0.0684 0.0360
v 0.0566 0.0645 0.0436
v 0.0545 0.0798 -0.0845
v 0.0485 0.0821 -0.0786
v 0.0477 0.0816 0.0250
v 0.0541 0.0808 0.0342
v 0.0560 0.0900 -0.0831
v 0.0500 0.0939 -0.0762
v 0.0481 0.0943 0.0243
v 0.0543 0.0926 0.0326
v 0.0527 0.1052 -0.0743
v 0.0470 0.1071 -0.0669
v 0.0481 0.1050 0.0242
v 0.0528 0.1078 0.0342
v 0.0532 0.1188 -0.0729
v 0.0477 0.1164 -0.0663
v 0.0475 0.1160 0.0382
v 0.0529 0.1188 0.0470
v 0.0512 0.1304 -0.0740
v 0.0457 0.1345 -0.0684
v 0.0501 0.1296 0.0496
v 0.0549 0.1338 0.0569
v 0.0534 0.1424 -0.0725
v 0.0476 0.1434 -0.0670
v 0.0468 0.1402 0.0517
v 0.0509 0.1436 0.0608
v 0.0555 0.1459 0.0689
v 0.0553 0.1570 -0.0708
v 0.0495 0.1571 -0.0656
v 0.0474 0.1543 0.0645
v 0.0527 0.1567 0.0702
v 0.0553 0.1680 -0.0708
v 0.0490 0.1696 -0.0655
v 0.0462 0.1645 0.0674
v 0.0511 0.1694 0.0731
v 0.0568 0.1768 -0.0702
v 0.0508 0.1823 -0.0650
v 0.0507 0.1819 0.0733
v 0.0516 0.1939 -0.0621
v 0.0459 0.1974 -0.0559
v 0.0493 0.1926 0.0757
v 0.0545 0.1958 0.0815
v 0.0513 0.2065 -0.0627
v 0.0463 0.2036 0.0780
v 0.0521 0.2069 0.0841
v 0.0509 0.2179 -0.0654
v 0.0513 0.2188 0.0880
v 0.0546 0.2313 -0.0710
v 0.0488 0.2307 -0.0673
v 0.0484 0.2290 0.0898
v 0.0530 0.2332 0.0946
v 0.0517 0.2433 -0.0727
v 0.0464 0.2405 -0.0687
v 0.0512 0.2434 0.0975
v 0.0516 0.2557 -0.0765
v 0.0501 0.2554 0.1018
v 0.0546 0.2592 0.1058
v 0.0475 0.2732 -0.0960
v 0.0490 0.2721 -0.0871
v 0.0496 0.2682 -0.0798
v 0.0464 0.2651 0.1039
v 0.0503 0.2691 0.1108
v 0.0486 0.2717 0.1225
v 0.0470 0.2859 -0.1082
v 0.0517 0.2805 -0.1015
v 0.0540 0.2776 -0.0875
v 0.0557 0.2772 0.1140
v 0.0537 0.2779 0.1255
v 0.0499 0.2833 0.1327
v 0.0502 0.2938 -0.1129
v 0.0509 0.2930 0.1383
v 0.0458 0.2995 0.1438
v 0.0504 0.3084 -0.1222
v 0.0528 0.3034 -0.1184
v 0.0543 0.3017 0.1414
v 0.0503 0.3069 0.1457
v 0.0510 0.3186 -0.1279
v 0.0511 0.3183 0.1503
v 0.0503 0.3328 -0.1352
v 0.0531 0.3277 -0.1318
v 0.0523 0.3294 0.1537
v 0.0486 0.3336 0.1562
v 0.0504 0.3463 -0.1835
v 0.0511 0.3413 -0.1766
v 0.0506 0.3392 -0.1641
v 0.0520 0.3395 -0.1509
v 0.0512 0.3396 -0.1399
v 0.0507 0.3435 0.1576
v 0.0510 0.3555 -0.1841
v 0.0505 0.3560 0.1598
v 0.0512 0.3684 -0.1842
v 0.0508 0.3694 0.1613
v 0.0511 0.3804 -0.1844
v 0.0529 0.3825 0.1627
v 0.0556 0.3861 0.1735
v 0.0510 0.3936 -0.1845
v 0.0511 0.3941 0.1644
v 0.0534 0.3945 0.1744
v 0.0565 0.3975 0.1832
v 0.0513 0.4060 -0.1846
v 0.0518 0.4067 0.1643
v 0.0544 0.4060 0.1729
v 0.0565 0.4031 0.1832
v 0.0511 0.4183 -0.1846
v 0.0512 0.4184 0.1641
v 0.0510 0.4226 0.1737
v 0.0508 0.4245 0.1821
v 0.0509 0.4313 -0.1844
v 0.0518 0.4264 0.1890
v 0.0510 0.4319 0.1998
v 0.0509 0.4434 -0.1837
v 0.0519 0.4437 0.2040
v 0.0512 0.4558 -0.1833
v 0.0514 0.4556 0.2035
v 0.0532 0.4599 0.2108
v 0.0558 0.4614 0.2185
v 0.0520 0.4661 -0.1828
v 0.0518 0.4719 -0.1823
v 0.0458 0.4643 0.2035
v 0.0480 0.4682 0.2140
v 0.0528 0.4663 0.2184
v 0.0512 0.4810 -0.1819
v 0.0514 0.4812 0.2140
v 0.0513 0.4933 -0.1816
v 0.0502 0.4948 0.1976
v 0.0513 0.4938 0.2089
v 0.0507 0.5047 -0.1762
v 0.0516 0.5077 0.1917
v 0.0500 0.5020 0.1929
v 0.0493 0.5136 -0.1725
v 0.0508 0.5142 -0.1641
v 0.0518 0.5143 -0.1509
v 0.0496 0.5150 -0.1372
v 0.0528 0.5173 -0.1312
v 0.0551 0.5249 0.1358
v 0.0516 0.5188 0.1894
v 0.0449 0.5358 -0.1328
v 0.0524 0.5311 -0.1308
v 0.0515 0.5286 0.1359
v 0.0519 0.5272 0.1487
v 0.0512 0.5294 0.1606
v 0.0515 0.5313 0.1732
v 0.0513 0.5286 0.1842
v 0.0509 0.5435 -0.1306
v 0.0538 0.5449 0.1285
v 0.0487 0.5427 0.1319
v 0.0518 0.5564 -0.1259
v 0.0512 0.5564 0.1254
v 0.0509 0.5738 -0.1369
v 0.0512 0.5701 -0.1271
v 0.0512 0.5633 0.1251
v 0.0516 0.5639 0.1375
v 0.0507 0.5701 0.1461
v 0.0473 0.5811 -0.1451
v 0.0514 0.5813 -0.1427
v 0.0521 0.5827 0.1407
v 0.0496 0.5811 0.1448
v 0.0508 0.5937 -0.1366
v 0.0561 0.5931 -0.1322
v 0.0510 0.5948 0.1456
v 0.0508 0.6066 -0.1370
v 0.0515 0.6051 0.1381
v 0.0496 0.6083 0.1449
v 0.0508 0.6214 -0.1360
v 0.0514 0.6160 -0.1292
v 0.0512 0.6153 0.1521
v 0.0514 0.6216 0.1601
v 0.0502 0.6342 -0.1503
v 0.0522 0.6279 -0.1423
v 0.0511 0.6274 0.1659
v 0.0500 0.6333 0.1683
v 0.0505 0.6452 -0.1621
v 0.0516 0.6394 -0.1558
v 0.0516 0.6432 0.1650
v 0.0513 0.6582 -0.1738
v 0.0527 0.6524 -0.1685
v 0.0510 0.6562 0.1642
v 0.0499 0.6715 -0.1846
v 0.0517 0.6655 -0.1798
v 0.0505 0.6692 0.1580
v 0.0512 0.6816 -0.1908
v 0.0510 0.6805 0.1621
v 0.0468 0.6864 0.1685
v 0.0506 0.6943 -0.1973
v 0.0530 0.6883 -0.1941
v 0.0553 0.6879 0.1671
v 0.0511 0.6933 0.1723
v 0.0515 0.7059 -0.2021
v 0.0522 0.7048 0.1775
v 0.0489 0.7105 0.1809
v 0.0501 0.7225 -0.2081
v 0.0511 0.7166 -0.2060
v 0.0561 0.7130 0.1798
v 0.0508 0.7182 0.1832
v 0.0509 0.7312 -0.2103
v 0.0510 0.7308 0.1876
v 0.0506 0.7431 -0.2129
v 0.0523 0.7424 0.1910
v 0.0479 0.7469 0.1932
v 0.0504 0.7553 -0.2148
v 0.0565 0.7509 0.1919
v 0.0506 0.7565 0.1940
v 0.0501 0.7689 -0.2161
v 0.0512 0.7689 0.1948
v 0.0508 0.7824 -0.2165
v 0.0504 0.7810 0.1952
v 0.0504 0.7942 -0.2162
v 0.0501 0.7942 0.1951
v 0.0505 0.8059 -0.2152
v 0.0512 0.8060 0.1948
v 0.0508 0.8187 -0.2133
v 0.0563 0.8235 0.1924
v 0.0508 0.8184 0.1942
v 0.0501 0.8322 -0.2107
v 0.0517 0.8327 0.1905
v 0.0482 0.8268 0.1932
v 0.0506 0.8412 -0.2082
v 0.0528 0.8466 -0.2061
v 0.0509 0.8440 0.1866
v 0.0510 0.8568 -0.2028
v 0.0545 0.8601 0.1785
v 0.0507 0.8546 0.1823
v 0.0507 0.8682 -0.1982
v 0.0552 0.8746 -0.1941
v 0.0505 0.8688 0.1751
v 0.0458 0.8751 -0.1959
v 0.0509 0.8817 -0.1912
v 0.0520 0.8839 0.1653
v 0.0503 0.8781 0.1696
v 0.0501 0.8908 -0.1854
v 0.0520 0.8968 -0.1805
v 0.0532 0.8983 0.1540
v 0.0509 0.8922 0.1595
v 0.0504 0.9047 -0.1746
v 0.0519 0.9107 -0.1692
v 0.0515 0.9015 0.1539
v 0.0508 0.9078 0.1592
v 0.0510 0.9176 -0.1631
v 0.0530 0.9239 -0.1567
v 0.0525 0.9169 0.1657
v 0.0495 0.9210 0.1684
v 0.0503 0.9305 -0.1506
v 0.0532 0.9356 -0.1445
v 0.0512 0.9328 0.1508
v 0.0506 0.9284 0.1612
v 0.0503 0.9413 -0.1388
v 0.0516 0.9479 -0.1310
v 0.0511 0.9426 0.1531
v 0.0503 0.9533 -0.1245
v 0.0513 0.9592 -0.1155
v 0.0559 0.9622 0.1409
v 0.0508 0.9559 0.1496
v 0.0507 0.9632 -0.1089
v 0.0513 0.9673 -0.1009
v 0.0512 0.9726 -0.0896
v 0.0560 0.9749 -0.0816
v 0.0560 0.9745 0.1166
v 0.0512 0.9716 0.1249
v 0.0504 0.9661 0.1364
v 0.0460 0.9626 0.1441
v 0.0493 0.9753 -0.0839
v 0.0508 0.9781 -0.0759
v 0.0511 0.9823 -0.0637
v 0.0517 0.9860 -0.0515
v 0.0555 0.9874 -0.0441
v 0.0521 0.9864 0.0893
v 0.0515 0.9829 0.0987
v 0.0508 0.9782 0.1104
v 0.0469 0.9752 0.1188
v 0.0470 0.9881 -0.0473
v 0.0510 0.9895 -0.0391
v 0.0509 0.9921 -0.0267
v 0.0519 0.9941 -0.0144
v 0.0505 0.9958 -0.0012
v 0.0516 0.9962 0.0116
v 0.0512 0.9962 0.0243
v 0.0512 0.9956 0.0359
v 0.0505 0.9948 0.0484
v 0.0513 0.9935 0.0611
v 0.0512 0.9910 0.0736
v 0.0501 0.9885 0.0839
v 0.0692 0.0123 0.0029
v 0.0637 0.0115 0.0114
v 0.0635 0.0099 0.0243
v 0.0635 0.0086 0.0361
v 0.0634 0.0076 0.0486
v 0.0624 0.0084 0.0608
v 0.0659 0.0090 0.0715
v 0.0644 0.0245 -0.0729
v 0.0638 0.0232 -0.0636
v 0.0636 0.0213 -0.0511
v 0.0640 0.0194 -0.0390
v 0.0632 0.0174 -0.0264
v 0.0629 0.0155 -0.0144
v 0.0630 0.0134 -0.0019
v 0.0581 0.0182 0.0647
v 0.0642 0.0193 0.0739
v 0.0688 0.0182 0.0801
v 0.0679 0.0359 -0.0959
v 0.0632 0.0300 -0.0891
v 0.0634 0.0256 -0.0794
v 0.0604 0.0329 0.0630
v 0.0657 0.0312 0.0720
v 0.0654 0.0447 -0.0970
v 0.0598 0.0435 -0.0938
v 0.0579 0.0459 0.0542
v 0.0614 0.0438 0.0612
v 0.0673 0.0442 0.0713
v 0.0659 0.0556 -0.0967
v 0.0609 0.0583 -0.0929
v 0.0583 0.0564 0.0528
v 0.0622 0.0565 0.0608
v 0.0677 0.0556 0.0704
v 0.0680 0.0649 -0.0955
v 0.0630 0.0691 -0.0920
v 0.0593 0.0697 0.0484
v 0.0646 0.0690 0.0606
v 0.0683 0.0644 0.0687
v 0.0631 0.0819 -0.0895
v 0.0590 0.0819 0.0403
v 0.0641 0.0813 0.0488
v 0.0669 0.0792 0.0581
v 0.0640 0.0931 -0.0869
v 0.0580 0.0999 -0.0811
v 0.0602 0.0935 0.0390
v 0.0665 0.0931 0.0452
v 0.0659 0.1048 -0.0842
v 0.0605 0.1076 -0.0801
v 0.0601 0.1054 0.0390
v 0.0648 0.1078 0.0462
v 0.0673 0.1192 -0.0828
v 0.0625 0.1173 -0.0787
v 0.0605 0.1154 0.0516
v 0.0649 0.1192 0.0580
v 0.0666 0.1298 -0.0835
v 0.0607 0.1301 -0.0805
v 0.0624 0.1305 0.0616
v 0.0673 0.1351 0.0677
v 0.0686 0.1393 -0.0827
v 0.0631 0.1438 -0.0785
v 0.0604 0.1401 0.0652
v 0.0641 0.1437 0.0724
v 0.0632 0.1574 -0.0754
v 0.0632 0.1551 0.0769
v 0.0670 0.1600 0.0807
v 0.0634 0.1693 -0.0753
v 0.0593 0.1668 0.0787
v 0.0645 0.1699 0.0824
v 0.0638 0.1821 -0.0731
v 0.0582 0.1872 -0.0694
v 0.0589 0.1841 0.0791
v 0.0641 0.1818 0.0825
v 0.0656 0.1922 -0.0715
v 0.0616 0.1962 -0.0676
v 0.0633 0.1942 0.0859
v 0.0666 0.2078 -0.0711
v 0.0610 0.2059 -0.0683
v 0.0623 0.2050 0.0897
v 0.0670 0.2092 0.0933
v 0.0639 0.2187 -0.0725
v 0.0582 0.2161 -0.0693
v 0.0589 0.2155 0.0918
v 0.0638 0.2193 0.0953
v 0.0632 0.2306 -0.0747
v 0.0634 0.2317 0.0991
v 0.0633 0.2433 -0.0777
v 0.0629 0.2428 0.1026
v 0.0670 0.2493 0.1060
v 0.0665 0.2603 -0.0831
v 0.0630 0.2550 -0.0807
v 0.0592 0.2507 0.1044
v 0.0637 0.2570 0.1077
v 0.0636 0.2690 -0.0847
v 0.0593 0.2633 -0.0819
v 0.0637 0.2689 0.1113
v 0.0599 0.2847 -0.1005
v 0.0624 0.2822 -0.0892
v 0.0630 0.2811 0.1148
v 0.0607 0.2837 0.1241
v 0.0592 0.2862 0.1310
v 0.0625 0.2965 -0.1105
v 0.0653 0.2906 -0.1026
v 0.0667 0.2895 -0.0919
v 0.0672 0.2896 0.1171
v 0.0669 0.2904 0.1247
v 0.0634 0.2940 0.1334
v 0.0595 0.3119 -0.1213
v 0.0639 0.3065 -0.1163
v 0.0632 0.3058 0.1392
v 0.0599 0.3112 0.1434
v 0.0622 0.3189 -0.1240
v 0.0666 0.3141 -0.1196
v 0.0673 0.3153 0.1413
v 0.0631 0.3197 0.1454
v 0.0600 0.3349 -0.1332
v 0.0643 0.3307 -0.1293
v 0.0630 0.3312 0.1495
v 0.0603 0.3482 -0.1829
v 0.0643 0.3427 -0.1775
v 0.0634 0.3394 -0.1643
v 0.0637 0.3396 -0.1511
v 0.0632 0.3398 -0.1371
v 0.0675 0.3392 -0.1323
v 0.0645 0.3434 0.1522
v 0.0585 0.3478 0.1557
v 0.0627 0.3573 -0.1833
v 0.0679 0.3516 -0.1824
v 0.0667 0.3549 0.1535
v 0.0608 0.3575 0.1564
v 0.0637 0.3694 -0.1855
v 0.0681 0.3663 0.1545
v 0.0640 0.3696 0.1578
v 0.0684 0.3747 0.1689
v 0.0632 0.3816 -0.1871
v 0.0619 0.3782 0.1619
v 0.0632 0.3796 0.1747
v 0.0649 0.3849 0.1810
v 0.0633 0.3935 -0.1874
v 0.0578 0.3922 0.1793
v 0.0630 0.3928 0.1868
v 0.0633 0.4061 -0.1871
v 0.0578 0.4120 0.1640
v 0.0611 0.4093 0.1772
v 0.0628 0.4074 0.1865
v 0.0631 0.4192 -0.1865
v 0.0637 0.4180 0.1616
v 0.0638 0.4191 0.1732
v 0.0647 0.4194 0.1828
v 0.0638 0.4315 -0.1860
v 0.0637 0.4261 0.1879
v 0.0641 0.4321 0.1999
v 0.0646 0.4429 -0.1845
v 0.0636 0.4436 0.2036
v 0.0636 0.4552 -0.1829
v 0.0684 0.4608 -0.1825
v 0.0634 0.4529 0.2034
v 0.0635 0.4568 0.2112
v 0.0635 0.4601 0.2189
v 0.0616 0.4631 -0.1827
v 0.0648 0.4693 -0.1822
v 0.0639 0.4735 0.2166
v 0.0635 0.4666 0.2189
v 0.0628 0.4807 -0.1818
v 0.0636 0.4806 0.2143
v 0.0646 0.4936 -0.1814
v 0.0620 0.4991 0.1951
v 0.0636 0.4934 0.2101
v 0.0638 0.5046 -0.1760
v 0.0635 0.5056 0.1913
v 0.0638 0.5010 0.2008
v 0.0626 0.5011 0.2064
v 0.0633 0.5136 -0.1726
v 0.0636 0.5143 -0.1631
v 0.0645 0.5144 -0.1507
v 0.0636 0.5144 -0.1394
v 0.0641 0.5175 -0.1279
v 0.0678 0.5234 0.1295
v 0.0639 0.5245 0.1350
v 0.0637 0.5191 0.1885
v 0.0632 0.5306 -0.1274
v 0.0648 0.5311 0.1274
v 0.0608 0.5270 0.1355
v 0.0634 0.5267 0.1484
v 0.0637 0.5286 0.1610
v 0.0635 0.5304 0.1738
v 0.0640 0.5282 0.1834
v 0.0630 0.5440 -0.1269
v 0.0634 0.5432 0.1238
v 0.0636 0.5557 -0.1228
v 0.0672 0.5614 -0.1199
v 0.0670 0.5578 0.1162
v 0.0614 0.5544 0.1208
v 0.0616 0.5743 -0.1351
v 0.0635 0.5707 -0.1253
v 0.0686 0.5707 -0.1199
v 0.0658 0.5633 0.1161
v 0.0635 0.5646 0.1240
v 0.0636 0.5670 0.1374
v 0.0603 0.5724 0.1434
v 0.0635 0.5810 -0.1384
v 0.0635 0.5824 0.1376
v 0.0582 0.5769 0.1434
v 0.0613 0.5926 -0.1350
v 0.0645 0.5936 -0.1305
v 0.0646 0.5952 0.1404
v 0.0587 0.5930 0.1433
v 0.0618 0.6051 -0.1345
v 0.0651 0.6094 -0.1310
v 0.0661 0.6054 0.1284
v 0.0630 0.6057 0.1357
v 0.0613 0.6121 0.1442
v 0.0600 0.6240 -0.1347
v 0.0637 0.6171 -0.1265
v 0.0685 0.6160 -0.1199
v 0.0644 0.6164 0.1501
v 0.0638 0.6225 0.1583
v 0.0624 0.6351 -0.1475
v 0.0632 0.6293 -0.1402
v 0.0632 0.6318 0.1655
v 0.0582 0.6347 0.1678
v 0.0621 0.6472 -0.1609
v 0.0642 0.6412 -0.1538
v 0.0634 0.6430 0.1639
v 0.0628 0.6603 -0.1727
v 0.0639 0.6542 -0.1669
v 0.0632 0.6552 0.1645
v 0.0611 0.6733 -0.1835
v 0.0637 0.6676 -0.1785
v 0.0634 0.6693 0.1578
v 0.0637 0.6817 -0.1883
v 0.0647 0.6778 0.1543
v 0.0624 0.6829 0.1590
v 0.0625 0.6969 -0.1965
v 0.0641 0.6907 -0.1931
v 0.0650 0.6901 0.1647
v 0.0629 0.6960 0.1704
v 0.0640 0.7065 -0.2002
v 0.0636 0.7055 0.1747
v 0.0637 0.7189 -0.2046
v 0.0656 0.7160 0.1783
v 0.0616 0.7205 0.1811
v 0.0618 0.7327 -0.2090
v 0.0657 0.7279 -0.2068
v 0.0632 0.7314 0.1844
v 0.0634 0.7430 -0.2107
v 0.0637 0.7438 0.1884
v 0.0633 0.7550 -0.2125
v 0.0638 0.7553 0.1908
v 0.0578 0.7595 0.1928
v 0.0637 0.7680 -0.2136
v 0.0656 0.7686 0.1917
v 0.0596 0.7700 0.1930
v 0.0631 0.7806 -0.2142
v 0.0674 0.7806 0.1918
v 0.0603 0.7815 0.1932
v 0.0636 0.7937 -0.2135
v 0.0677 0.7935 0.1917
v 0.0606 0.7937 0.1932
v 0.0641 0.8062 -0.2121
v 0.0668 0.8063 0.1918
v 0.0606 0.8057 0.1931
v 0.0628 0.8190 -0.2105
v 0.0684 0.8236 -0.2074
v 0.0648 0.8194 0.1909
v 0.0594 0.8162 0.1929
v 0.0608 0.8307 -0.2088
v 0.0671 0.8314 -0.2061
v 0.0637 0.8315 0.1877
v 0.0638 0.8434 -0.2040
v 0.0673 0.8495 0.1792
v 0.0633 0.8443 0.1828
v 0.0630 0.8559 -0.1999
v 0.0635 0.8567 0.1772
v 0.0607 0.8508 0.1810
v 0.0611 0.8657 -0.1967
v 0.0646 0.8704 -0.1929
v 0.0685 0.8729 0.1665
v 0.0634 0.8678 0.1713
v 0.0632 0.8817 -0.1874
v 0.0687 0.8865 -0.1822
v 0.0635 0.8813 0.1631
v 0.0607 0.8888 -0.1839
v 0.0640 0.8945 -0.1784
v 0.0646 0.8959 0.1518
v 0.0619 0.8902 0.1572
v 0.0617 0.9027 -0.1731
v 0.0647 0.9085 -0.1672
v 0.0632 0.9018 0.1530
v 0.0638 0.9078 0.1583
v 0.0630 0.9157 -0.1616
v 0.0644 0.9222 -0.1552
v 0.0637 0.9183 0.1637
v 0.0629 0.9287 -0.1491
v 0.0635 0.9345 -0.1429
v 0.0639 0.9306 0.1500
v 0.0612 0.9265 0.1584
v 0.0629 0.9406 -0.1364
v 0.0635 0.9473 -0.1286
v 0.0641 0.9430 0.1517
v 0.0629 0.9519 -0.1228
v 0.0629 0.9578 -0.1139
v 0.0669 0.9610 -0.1065
v 0.0645 0.9604 0.1393
v 0.0633 0.9541 0.1473
v 0.0628 0.9652 -0.1003
v 0.0637 0.9706 -0.0879
v 0.0647 0.9743 -0.0780
v 0.0659 0.9731 0.1136
v 0.0633 0.9691 0.1238
v 0.0630 0.9644 0.1333
v 0.0634 0.9765 -0.0729
v 0.0636 0.9795 -0.0640
v 0.0637 0.9834 -0.0515
v 0.0647 0.9864 -0.0394
v 0.0670 0.9871 0.0771
v 0.0636 0.9849 0.0866
v 0.0641 0.9801 0.0987
v 0.0618 0.9766 0.1085
v 0.0602 0.9885 -0.0353
v 0.0632 0.9896 -0.0260
v 0.0628 0.9916 -0.0134
v 0.0638 0.9926 -0.0008
v 0.0632 0.9934 0.0109
v 0.0630 0.9934 0.0248
v 0.0638 0.9926 0.0362
v 0.0634 0.9920 0.0483
v 0.0636 0.9912 0.0604
v 0.0634 0.9893 0.0718
v 0.0585 0.9881 0.0807
v 0.0770 0.0120 0.0029
v 0.0756 0.0108 0.0115
v 0.0767 0.0091 0.0233
v 0.0763 0.0074 0.0350
v 0.0761 0.0057 0.0489
v 0.0767 0.0045 0.0620
v 0.0758 0.0045 0.0737
v 0.0770 0.0077 0.0843
v 0.0760 0.0243 -0.0748
v 0.0763 0.0226 -0.0630
v 0.0759 0.0208 -0.0505
v 0.0767 0.0190 -0.0388
v 0.0758 0.0170 -0.0263
v 0.0757 0.0148 -0.0136
v 0.0750 0.0131 -0.0032
v 0.0749 0.0194 0.0861
v 0.0822 0.0203 0.0927
v 0.0765 0.0327 -0.0974
v 0.0750 0.0273 -0.0896
v 0.0748 0.0252 -0.0807
v 0.0711 0.0343 0.0780
v 0.0769 0.0313 0.0857
v 0.0760 0.0438 -0.1009
v 0.0716 0.0433 0.0774
v 0.0772 0.0441 0.0843
v 0.0765 0.0565 -0.1006
v 0.0721 0.0568 0.0761
v 0.0783 0.0558 0.0836
v 0.0762 0.0686 -0.0976
v 0.0707 0.0732 -0.0950
v 0.0748 0.0696 0.0746
v 0.0803 0.0679 0.0818
v 0.0788 0.0799 -0.0959
v 0.0743 0.0830 -0.0939
v 0.0723 0.0832 0.0626
v 0.0776 0.0800 0.0716
v 0.0760 0.0934 -0.0917
v 0.0747 0.0941 0.0515
v 0.0775 0.0912 0.0596
v 0.0807 0.0883 0.0683
v 0.0761 0.1061 -0.0878
v 0.0751 0.1053 0.0513
v 0.0787 0.1102 0.0569
v 0.0758 0.1184 -0.0850
v 0.0753 0.1172 0.0632
v 0.0803 0.1212 0.0685
v 0.0755 0.1304 -0.0866
v 0.0712 0.1279 0.0665
v 0.0771 0.1318 0.0712
v 0.0768 0.1417 -0.0849
v 0.0715 0.1462 -0.0819
v 0.0752 0.1409 0.0755
v 0.0771 0.1457 0.0811
v 0.0802 0.1547 -0.0829
v 0.0744 0.1566 -0.0802
v 0.0756 0.1562 0.0832
v 0.0808 0.1645 -0.0828
v 0.0747 0.1685 -0.0802
v 0.0763 0.1696 0.0873
v 0.0756 0.1819 -0.0778
v 0.0759 0.1813 0.0875
v 0.0762 0.1946 -0.0741
v 0.0759 0.1932 0.0904
v 0.0782 0.1993 0.0932
v 0.0762 0.2068 -0.0736
v 0.0710 0.2003 0.0917
v 0.0762 0.2062 0.0949
v 0.0758 0.2187 -0.0762
v 0.0762 0.2185 0.0987
v 0.0759 0.2315 -0.0786
v 0.0756 0.2309 0.1021
v 0.0811 0.2480 -0.0826
v 0.0760 0.2431 -0.0809
v 0.0752 0.2395 0.1044
v 0.0763 0.2460 0.1064
v 0.0761 0.2567 -0.0839
v 0.0720 0.2502 -0.0817
v 0.0764 0.2556 0.1089
v 0.0755 0.2691 -0.0867
v 0.0761 0.2686 0.1121
v 0.0760 0.2814 -0.0897
v 0.0764 0.2819 0.1147
v 0.0706 0.2986 -0.1084
v 0.0732 0.2970 -0.1008
v 0.0760 0.2934 -0.0929
v 0.0757 0.2935 0.1168
v 0.0729 0.2967 0.1238
v 0.0714 0.2982 0.1313
v 0.0760 0.3069 -0.1110
v 0.0793 0.3023 -0.1008
v 0.0799 0.3006 -0.0948
v 0.0807 0.3018 0.1172
v 0.0788 0.3033 0.1237
v 0.0751 0.3065 0.1333
v 0.0723 0.3219 -0.1212
v 0.0765 0.3182 -0.1171
v 0.0756 0.3185 0.1378
v 0.0756 0.3311 -0.1242
v 0.0805 0.3278 -0.1199
v 0.0777 0.3292 0.1405
v 0.0724 0.3322 0.1448
v 0.0760 0.3437 -0.1773
v 0.0765 0.3398 -0.1636
v 0.0768 0.3401 -0.1517
v 0.0759 0.3408 -0.1394
v 0.0762 0.3398 -0.1289
v 0.0811 0.3399 0.1419
v 0.0752 0.3442 0.1467
v 0.0750 0.3601 -0.1839
v 0.0772 0.3544 -0.1818
v 0.0757 0.3566 0.1491
v 0.0760 0.3687 -0.1892
v 0.0762 0.3677 0.1515
v 0.0753 0.3717 0.1618
v 0.0757 0.3737 0.1709
v 0.0757 0.3814 -0.1905
v 0.0757 0.3766 0.1772
v 0.0759 0.3833 0.1815
v 0.0756 0.3940 -0.1902
v 0.0767 0.3930 0.1872
v 0.0758 0.4061 -0.1893
v 0.0782 0.4111 0.1789
v 0.0769 0.4074 0.1866
v 0.0766 0.4199 -0.1871
v 0.0809 0.4223 -0.1823
v 0.0802 0.4205 0.1509
v 0.0791 0.4216 0.1619
v 0.0754 0.4195 0.1739
v 0.0715 0.4130 0.1836
v 0.0760 0.4304 -0.1866
v 0.0799 0.4274 -0.1824
v 0.0795 0.4260 0.1768
v 0.0761 0.4273 0.1867
v 0.0760 0.4324 0.1990
v 0.0757 0.4445 -0.1860
v 0.0765 0.4437 0.2031
v 0.0733 0.4545 -0.1826
v 0.0768 0.4577 -0.1823
v 0.0768 0.4553 0.2024
v 0.0754 0.4589 0.2109
v 0.0732 0.4611 0.2187
v 0.0770 0.4688 -0.1818
v 0.0778 0.4693 0.2159
v 0.0763 0.4666 0.2185
v 0.0766 0.4811 -0.1815
v 0.0756 0.4811 0.2142
v 0.0774 0.4933 -0.1811
v 0.0784 0.4984 0.1920
v 0.0771 0.4974 0.1973
v 0.0769 0.4950 0.2090
v 0.0764 0.5041 -0.1757
v 0.0759 0.5059 0.1905
v 0.0727 0.5009 0.2027
v 0.0721 0.5008 0.2062
v 0.0748 0.5136 -0.1726
v 0.0761 0.5144 -0.1635
v 0.0760 0.5144 -0.1510
v 0.0762 0.5144 -0.1392
v 0.0756 0.5167 -0.1246
v 0.0807 0.5184 -0.1197
v 0.0772 0.5217 0.1261
v 0.0758 0.5225 0.1361
v 0.0766 0.5231 0.1482
v 0.0792 0.5231 0.1603
v 0.0806 0.5240 0.1729
v 0.0767 0.5201 0.1868
v 0.0745 0.5320 -0.1227
v 0.0805 0.5321 -0.1196
v 0.0801 0.5355 0.1173
v 0.0760 0.5302 0.1218
v 0.0711 0.5256 0.1508
v 0.0728 0.5263 0.1616
v 0.0745 0.5273 0.1748
v 0.0739 0.5267 0.1825
v 0.0736 0.5442 -0.1227
v 0.0798 0.5439 -0.1196
v 0.0776 0.5444 0.1149
v 0.0724 0.5400 0.1197
v 0.0729 0.5518 -0.1213
v 0.0772 0.5573 -0.1171
v 0.0756 0.5561 0.1118
v 0.0755 0.5734 -0.1261
v 0.0759 0.5688 -0.1172
v 0.0766 0.5640 0.1119
v 0.0757 0.5648 0.1250
v 0.0749 0.5695 0.1349
v 0.0725 0.5809 -0.1345
v 0.0782 0.5812 -0.1309
v 0.0780 0.5828 0.1280
v 0.0742 0.5820 0.1334
v 0.0757 0.5933 -0.1261
v 0.0814 0.5924 -0.1200
v 0.0762 0.5947 0.1348
v 0.0758 0.6070 -0.1267
v 0.0811 0.6121 -0.1200
v 0.0808 0.6058 0.1170
v 0.0767 0.6054 0.1252
v 0.0743 0.6069 0.1339
v 0.0755 0.6196 -0.1241
v 0.0769 0.6149 -0.1169
v 0.0777 0.6134 0.1407
v 0.0759 0.6186 0.1493
v 0.0737 0.6237 0.1569
v 0.0761 0.6326 -0.1389
v 0.0783 0.6272 -0.1311
v 0.0755 0.6318 0.1627
v 0.0727 0.6492 -0.1590
v 0.0764 0.6442 -0.1521
v 0.0799 0.6389 -0.1446
v 0.0758 0.6437 0.1621
v 0.0756 0.6564 -0.1647
v 0.0755 0.6559 0.1630
v 0.0753 0.6694 -0.1757
v 0.0802 0.6641 -0.1694
v 0.0798 0.6738 0.1539
v 0.0755 0.6679 0.1578
v 0.0743 0.6827 -0.1852
v 0.0767 0.6778 -0.1811
v 0.0755 0.6794 0.1535
v 0.0757 0.6853 0.1566
v 0.0757 0.6929 -0.1900
v 0.0766 0.6929 0.1629
v 0.0720 0.6977 0.1684
v 0.0740 0.7078 -0.1970
v 0.0791 0.7036 -0.1933
v 0.0758 0.7060 0.1715
v 0.0754 0.7188 -0.2003
v 0.0759 0.7185 0.1766
v 0.0757 0.7305 -0.2034
v 0.0773 0.7270 0.1795
v 0.0753 0.7325 0.1818
v 0.0715 0.7467 -0.2084
v 0.0775 0.7429 -0.2054
v 0.0760 0.7439 0.1851
v 0.0735 0.7576 -0.2092
v 0.0789 0.7550 -0.2069
v 0.0761 0.7563 0.1876
v 0.0755 0.7688 -0.2095
v 0.0809 0.7635 -0.2071
v 0.0761 0.7683 0.1885
v 0.0758 0.7809 -0.2096
v 0.0759 0.7812 0.1891
v 0.0743 0.7931 -0.2096
v 0.0811 0.7963 -0.2068
v 0.0756 0.7936 0.1890
v 0.0736 0.8045 -0.2087
v 0.0789 0.8085 -0.2061
v 0.0759 0.8062 0.1879
v 0.0714 0.8146 -0.2080
v 0.0763 0.8197 -0.2052
v 0.0754 0.8185 0.1864
v 0.0760 0.8316 -0.2026
v 0.0808 0.8366 0.1789
v 0.0755 0.8307 0.1834
v 0.0758 0.8436 -0.1991
v 0.0769 0.8448 0.1772
v 0.0720 0.8400 0.1815
v 0.0733 0.8529 -0.1969
v 0.0775 0.8581 -0.1932
v 0.0812 0.8619 0.1668
v 0.0759 0.8562 0.1722
v 0.0762 0.8687 -0.1890
v 0.0771 0.8698 0.1643
v 0.0727 0.8652 0.1689
v 0.0740 0.8787 -0.1848
v 0.0769 0.8837 -0.1803
v 0.0787 0.8853 0.1535
v 0.0750 0.8801 0.1590
v 0.0747 0.8929 -0.1749
v 0.0797 0.8979 -0.1690
v 0.0760 0.8936 0.1492
v 0.0760 0.9058 -0.1645
v 0.0757 0.9028 0.1529
v 0.0763 0.9087 0.1579
v 0.0729 0.9136 -0.1595
v 0.0770 0.9193 -0.1528
v 0.0776 0.9234 0.1508
v 0.0749 0.9170 0.1600
v 0.0744 0.9264 -0.1474
v 0.0762 0.9322 -0.1408
v 0.0753 0.9298 0.1482
v 0.0734 0.9388 -0.1348
v 0.0758 0.9442 -0.1273
v 0.0806 0.9489 -0.1185
v 0.0765 0.9430 0.1490
v 0.0707 0.9503 -0.1222
v 0.0755 0.9538 -0.1141
v 0.0777 0.9598 -0.1022
v 0.0790 0.9616 0.1261
v 0.0760 0.9575 0.1360
v 0.0738 0.9518 0.1450
v 0.0744 0.9637 -0.0967
v 0.0760 0.9669 -0.0882
v 0.0752 0.9718 -0.0769
v 0.0792 0.9739 -0.0675
v 0.0775 0.9737 0.1024
v 0.0761 0.9700 0.1117
v 0.0748 0.9655 0.1223
v 0.0754 0.9767 -0.0624
v 0.0760 0.9800 -0.0512
v 0.0759 0.9833 -0.0386
v 0.0766 0.9855 -0.0276
v 0.0794 0.9867 -0.0143
v 0.0814 0.9872 -0.0041
v 0.0808 0.9873 0.0395
v 0.0803 0.9871 0.0472
v 0.0788 0.9865 0.0622
v 0.0756 0.9853 0.0735
v 0.0752 0.9814 0.0861
v 0.0748 0.9773 0.0969
v 0.0717 0.9879 -0.0231
v 0.0728 0.9889 -0.0138
v 0.0755 0.9893 -0.0007
v 0.0757 0.9899 0.0116
v 0.0749 0.9901 0.0240
v 0.0756 0.9893 0.0363
v 0.0749 0.9889 0.0486
v 0.0733 0.9887 0.0598
v 0.0707 0.9880 0.0690
v 0.0878 0.0120 0.0014
v 0.0881 0.0104 0.0118
v 0.0885 0.0085 0.0243
v 0.0886 0.0066 0.0363
v 0.0880 0.0049 0.0490
v 0.0886 0.0036 0.0607
v 0.0885 0.0024 0.0738
v 0.0875 0.0036 0.0871
v 0.0900 0.0070 0.0977
v 0.0922 0.0119 0.1058
v 0.0886 0.0241 -0.0766
v 0.0892 0.0223 -0.0638
v 0.0881 0.0206 -0.0513
v 0.0890 0.0186 -0.0381
v 0.0883 0.0167 -0.0265
v 0.0885 0.0146 -0.0142
v 0.0891 0.0129 -0.0044
v 0.0876 0.0192 0.0988
v 0.0922 0.0196 0.1079
v 0.0886 0.0313 -0.0988
v 0.0880 0.0261 -0.0885
v 0.0830 0.0321 0.0916
v 0.0899 0.0309 0.0986
v 0.0928 0.0271 0.1077
v 0.0883 0.0433 -0.1032
v 0.0835 0.0462 0.0908
v 0.0892 0.0436 0.0961
v 0.0890 0.0566 -0.1029
v 0.0847 0.0570 0.0900
v 0.0905 0.0552 0.0954
v 0.0879 0.0688 -0.0998
v 0.0869 0.0696 0.0872
v 0.0924 0.0661 0.0935
v 0.0890 0.0817 -0.0969
v 0.0856 0.0838 0.0769
v 0.0896 0.0790 0.0838
v 0.0912 0.0890 -0.0952
v 0.0879 0.0949 -0.0932
v 0.0830 0.0985 0.0546
v 0.0875 0.0971 0.0610
v 0.0895 0.0921 0.0721
v 0.0876 0.1062 -0.0899
v 0.0830 0.1006 0.0545
v 0.0890 0.1059 0.0577
v 0.0880 0.1174 -0.0873
v 0.0876 0.1141 0.0650
v 0.0888 0.1198 0.0703
v 0.0885 0.1306 -0.0891
v 0.0889 0.1305 0.0746
v 0.0880 0.1437 -0.0867
v 0.0872 0.1395 0.0774
v 0.0889 0.1444 0.0828
v 0.0885 0.1569 -0.0838
v 0.0843 0.1583 -0.0821
v 0.0877 0.1559 0.0864
v 0.0897 0.1688 -0.0834
v 0.0834 0.1728 -0.0818
v 0.0889 0.1690 0.0900
v 0.0885 0.1816 -0.0806
v 0.0887 0.1819 0.0901
v 0.0886 0.1949 -0.0762
v 0.0885 0.1905 0.0915
v 0.0886 0.1975 0.0938
v 0.0894 0.2064 -0.0755
v 0.0878 0.2065 0.0965
v 0.0886 0.2187 -0.0778
v 0.0885 0.2189 0.0998
v 0.0887 0.2319 -0.0801
v 0.0881 0.2310 0.1027
v 0.0884 0.2477 -0.0829
v 0.0886 0.2417 -0.0818
v 0.0890 0.2396 0.1047
v 0.0880 0.2455 0.1060
v 0.0876 0.2559 -0.0844
v 0.0883 0.2570 0.1084
v 0.0881 0.2684 -0.0868
v 0.0882 0.2693 0.1105
v 0.0884 0.2817 -0.0894
v 0.0882 0.2818 0.1124
v 0.0880 0.2943 -0.0922
v 0.0880 0.2940 0.1142
v 0.0840 0.3109 -0.1091
v 0.0865 0.3080 -0.0998
v 0.0907 0.3031 -0.0939
v 0.0881 0.3062 0.1158
v 0.0843 0.3094 0.1238
v 0.0830 0.3109 0.1305
v 0.0880 0.3189 -0.1111
v 0.0921 0.3145 -0.1030
v 0.0918 0.3150 0.1161
v 0.0902 0.3171 0.1258
v 0.0855 0.3192 0.1320
v 0.0845 0.3358 -0.1217
v 0.0887 0.3303 -0.1164
v 0.0935 0.3287 0.1298
v 0.0874 0.3311 0.1347
v 0.0879 0.3451 -0.1757
v 0.0881 0.3420 -0.1636
v 0.0884 0.3422 -0.1514
v 0.0880 0.3427 -0.1396
v 0.0885 0.3423 -0.1255
v 0.0923 0.3405 -0.1192
v 0.0891 0.3434 0.1372
v 0.0829 0.3494 0.1434
v 0.0830 0.3625 -0.1831
v 0.0882 0.3563 -0.1800
v 0.0904 0.3571 0.1402
v 0.0881 0.3603 0.1450
v 0.0840 0.3701 -0.1850
v 0.0889 0.3692 -0.1799
v 0.0873 0.3646 0.1502
v 0.0884 0.3686 0.1619
v 0.0881 0.3736 0.1697
v 0.0842 0.3820 -0.1861
v 0.0892 0.3821 -0.1800
v 0.0890 0.3802 0.1754
v 0.0846 0.3849 0.1814
v 0.0849 0.3935 -0.1860
v 0.0896 0.3940 -0.1801
v 0.0924 0.3936 0.1785
v 0.0861 0.3952 0.1817
v 0.0847 0.4068 -0.1864
v 0.0891 0.4069 -0.1804
v 0.0896 0.4082 0.1786
v 0.0854 0.4029 0.1814
v 0.0840 0.4162 -0.1856
v 0.0880 0.4193 -0.1808
v 0.0888 0.4189 0.1387
v 0.0863 0.4198 0.1485
v 0.0868 0.4196 0.1613
v 0.0873 0.4164 0.1731
v 0.0847 0.4343 -0.1857
v 0.0877 0.4310 -0.1812
v 0.0918 0.4284 0.1374
v 0.0907 0.4289 0.1497
v 0.0904 0.4305 0.1614
v 0.0892 0.4318 0.1730
v 0.0873 0.4330 0.1858
v 0.0853 0.4356 0.1979
v 0.0850 0.4430 -0.1853
v 0.0898 0.4440 -0.1815
v 0.0947 0.4388 0.1780
v 0.0931 0.4391 0.1875
v 0.0894 0.4434 0.2007
v 0.0886 0.4561 -0.1817
v 0.0881 0.4562 0.2008
v 0.0891 0.4684 -0.1815
v 0.0888 0.4684 0.1999
v 0.0853 0.4694 0.2118
v 0.0888 0.4814 -0.1812
v 0.0896 0.4815 0.1986
v 0.0871 0.4806 0.2116
v 0.0897 0.4955 -0.1799
v 0.0887 0.4972 0.1919
v 0.0866 0.4908 0.1968
v 0.0852 0.4913 0.2086
v 0.0885 0.5053 -0.1744
v 0.0933 0.5125 -0.1640
v 0.0932 0.5107 0.1230
v 0.0937 0.5113 0.1367
v 0.0940 0.5113 0.1480
v 0.0946 0.5110 0.1576
v 0.0895 0.5066 0.1900
v 0.0869 0.5133 -0.1723
v 0.0878 0.5137 -0.1633
v 0.0892 0.5135 -0.1508
v 0.0885 0.5137 -0.1386
v 0.0881 0.5138 -0.1265
v 0.0885 0.5171 -0.1155
v 0.0923 0.5211 0.1167
v 0.0878 0.5168 0.1234
v 0.0880 0.5165 0.1368
v 0.0885 0.5165 0.1490
v 0.0879 0.5175 0.1608
v 0.0886 0.5180 0.1739
v 0.0876 0.5172 0.1852
v 0.0890 0.5306 -0.1140
v 0.0894 0.5319 0.1137
v 0.0844 0.5277 0.1185
v 0.0881 0.5436 -0.1147
v 0.0928 0.5472 0.1040
v 0.0874 0.5431 0.1094
v 0.0880 0.5559 -0.1124
v 0.0902 0.5563 0.1022
v 0.0846 0.5533 0.1071
v 0.0862 0.5742 -0.1228
v 0.0883 0.5702 -0.1132
v 0.0938 0.5675 -0.1064
v 0.0894 0.5642 0.1020
v 0.0881 0.5643 0.1113
v 0.0886 0.5681 0.1252
v 0.0838 0.5718 0.1316
v 0.0885 0.5810 -0.1251
v 0.0933 0.5872 -0.1199
v 0.0929 0.5831 0.1168
v 0.0880 0.5820 0.1239
v 0.0829 0.5769 0.1316
v 0.0847 0.5930 -0.1227
v 0.0891 0.5931 -0.1166
v 0.0894 0.5945 0.1268
v 0.0839 0.5941 0.1312
v 0.0852 0.6050 -0.1220
v 0.0900 0.6088 -0.1168
v 0.0897 0.6059 0.1135
v 0.0879 0.6064 0.1231
v 0.0845 0.6118 0.1334
v 0.0867 0.6238 -0.1223
v 0.0879 0.6175 -0.1135
v 0.0908 0.6144 -0.1057
v 0.0920 0.6126 0.1295
v 0.0889 0.6154 0.1380
v 0.0879 0.6214 0.1481
v 0.0872 0.6345 -0.1358
v 0.0895 0.6292 -0.1279
v 0.0900 0.6269 0.1539
v 0.0880 0.6328 0.1593
v 0.0881 0.6474 -0.1499
v 0.0899 0.6408 -0.1418
v 0.0926 0.6488 0.1540
v 0.0879 0.6438 0.1592
v 0.0871 0.6588 -0.1617
v 0.0899 0.6532 -0.1550
v 0.0932 0.6564 0.1545
v 0.0884 0.6558 0.1580
v 0.0860 0.6723 -0.1730
v 0.0904 0.6669 -0.1668
v 0.0887 0.6693 0.1515
v 0.0850 0.6644 0.1558
v 0.0829 0.6869 -0.1838
v 0.0883 0.6813 -0.1779
v 0.0884 0.6808 0.1492
v 0.0830 0.6862 0.1562
v 0.0877 0.6950 -0.1857
v 0.0915 0.6895 -0.1811
v 0.0917 0.6897 0.1535
v 0.0873 0.6938 0.1593
v 0.0883 0.7065 -0.1906
v 0.0899 0.7049 0.1645
v 0.0852 0.7084 0.1695
v 0.0854 0.7201 -0.1966
v 0.0916 0.7172 -0.1930
v 0.0937 0.7141 0.1667
v 0.0874 0.7188 0.1727
v 0.0880 0.7306 -0.1985
v 0.0883 0.7302 0.1760
v 0.0830 0.7337 0.1800
v 0.0884 0.7429 -0.2011
v 0.0905 0.7432 0.1776
v 0.0841 0.7439 0.1815
v 0.0881 0.7561 -0.2033
v 0.0922 0.7543 0.1784
v 0.0863 0.7566 0.1822
v 0.0882 0.7687 -0.2044
v 0.0928 0.7685 0.1793
v 0.0863 0.7679 0.1832
v 0.0885 0.7812 -0.2045
v 0.0936 0.7807 0.1790
v 0.0874 0.7806 0.1829
v 0.0881 0.7939 -0.2040
v 0.0926 0.7953 0.1791
v 0.0859 0.7936 0.1834
v 0.0886 0.8069 -0.2021
v 0.0920 0.8070 0.1785
v 0.0858 0.8066 0.1824
v 0.0879 0.8193 -0.2002
v 0.0908 0.8192 0.1774
v 0.0847 0.8171 0.1816
v 0.0871 0.8303 -0.1981
v 0.0943 0.8347 -0.1936
v 0.0885 0.8319 0.1762
v 0.0829 0.8278 0.1806
v 0.0844 0.8415 -0.1961
v 0.0898 0.8443 -0.1928
v 0.0936 0.8481 0.1671
v 0.0885 0.8435 0.1719
v 0.0886 0.8555 -0.1893
v 0.0895 0.8575 0.1646
v 0.0846 0.8528 0.1696
v 0.0865 0.8670 -0.1850
v 0.0916 0.8707 -0.1805
v 0.0922 0.8739 0.1537
v 0.0879 0.8685 0.1595
v 0.0880 0.8811 -0.1763
v 0.0946 0.8863 -0.1694
v 0.0888 0.8820 0.1500
v 0.0842 0.8757 0.1573
v 0.0854 0.8897 -0.1719
v 0.0891 0.8944 -0.1666
v 0.0919 0.8911 0.1418
v 0.0870 0.8939 0.1459
v 0.0866 0.9040 -0.1607
v 0.0898 0.9091 -0.1548
v 0.0898 0.9047 0.1526
v 0.0869 0.9091 0.1566
v 0.0879 0.9164 -0.1496
v 0.0901 0.9219 -0.1433
v 0.0886 0.9193 0.1481
v 0.0845 0.9143 0.1570
v 0.0869 0.9291 -0.1382
v 0.0900 0.9345 -0.1307
v 0.0884 0.9304 0.1470
v 0.0871 0.9411 -0.1247
v 0.0890 0.9464 -0.1163
v 0.0906 0.9467 0.1398
v 0.0879 0.9409 0.1460
v 0.0864 0.9515 -0.1105
v 0.0885 0.9554 -0.1021
v 0.0903 0.9607 -0.0899
v 0.0913 0.9611 0.1137
v 0.0889 0.9573 0.1239
v 0.0866 0.9528 0.1345
v 0.0850 0.9646 -0.0862
v 0.0892 0.9669 -0.0763
v 0.0882 0.9719 -0.0637
v 0.0919 0.9737 -0.0538
v 0.0905 0.9731 0.0890
v 0.0884 0.9697 0.0991
v 0.0869 0.9654 0.1099
v 0.0840 0.9626 0.1189
v 0.0871 0.9767 -0.0494
v 0.0882 0.9791 -0.0387
v 0.0885 0.9816 -0.0263
v 0.0880 0.9837 -0.0143
v 0.0886 0.9849 -0.0009
v 0.0885 0.9856 0.0121
v 0.0889 0.9853 0.0240
v 0.0884 0.9845 0.0360
v 0.0884 0.9837 0.0473
v 0.0885 0.9830 0.0607
v 0.0879 0.9801 0.0739
v 0.0859 0.9774 0.0845
v 0.0828 0.9877 0.0196
v 0.1006 0.0119 0.0009
v 0.1013 0.0103 0.0114
v 0.1009 0.0084 0.0235
v 0.1008 0.0064 0.0359
v 0.1008 0.0047 0.0482
v 0.1012 0.0031 0.0606
v 0.1008 0.0018 0.0733
v 0.1001 0.0010 0.0855
v 0.1013 0.0029 0.0994
v 0.1017 0.0099 0.1071
v 0.1025 0.0247 -0.0829
v 0.1012 0.0237 -0.0758
v 0.1015 0.0220 -0.0640
v 0.1014 0.0201 -0.0512
v 0.1016 0.0183 -0.0389
v 0.1006 0.0163 -0.0255
v 0.1015 0.0143 -0.0134
v 0.1007 0.0131 -0.0061
v 0.1005 0.0195 0.1106
v 0.1012 0.0315 -0.0992
v 0.1016 0.0259 -0.0894
v 0.0980 0.0340 0.1032
v 0.1013 0.0304 0.1089
v 0.1008 0.0441 -0.1034
v 0.0981 0.0442 0.1024
v 0.1050 0.0437 0.1063
v 0.1009 0.0565 -0.1027
v 0.1000 0.0574 0.1016
v 0.1063 0.0562 0.1055
v 0.1005 0.0689 -0.0997
v 0.0950 0.0736 0.0916
v 0.1007 0.0692 0.0974
v 0.1008 0.0816 -0.0966
v 0.1045 0.0873 -0.0947
v 0.0998 0.0826 0.0879
v 0.1031 0.0772 0.0941
v 0.0975 0.0886 -0.0951
v 0.1012 0.0942 -0.0931
v 0.1006 0.0961 0.0749
v 0.1024 0.0901 0.0827
v 0.1011 0.1059 -0.0895
v 0.1000 0.1055 0.0612
v 0.1033 0.1013 0.0691
v 0.1005 0.1176 -0.0871
v 0.1009 0.1132 0.0651
v 0.1005 0.1201 0.0718
v 0.1007 0.1305 -0.0893
v 0.1008 0.1320 0.0767
v 0.1010 0.1432 -0.0872
v 0.1020 0.1401 0.0791
v 0.1006 0.1437 0.0829
v 0.1012 0.1566 -0.0844
v 0.1002 0.1558 0.0872
v 0.1018 0.1697 -0.0837
v 0.1011 0.1693 0.0902
v 0.1013 0.1817 -0.0811
v 0.1011 0.1821 0.0900
v 0.1007 0.1946 -0.0766
v 0.1023 0.1924 0.0911
v 0.0997 0.1982 0.0933
v 0.1008 0.2067 -0.0754
v 0.1007 0.2059 0.0952
v 0.1008 0.2189 -0.0775
v 0.1006 0.2185 0.0983
v 0.1007 0.2317 -0.0795
v 0.1001 0.2312 0.1010
v 0.0963 0.2486 -0.0827
v 0.1013 0.2432 -0.0811
v 0.1015 0.2434 0.1027
v 0.0976 0.2491 0.1050
v 0.0993 0.2569 -0.0835
v 0.1045 0.2532 -0.0820
v 0.1033 0.2551 0.1041
v 0.0978 0.2564 0.1061
v 0.1005 0.2693 -0.0853
v 0.1058 0.2673 0.1046
v 0.1002 0.2690 0.1069
v 0.1003 0.2816 -0.0874
v 0.1073 0.2781 0.1048
v 0.1009 0.2807 0.1079
v 0.1009 0.2941 -0.0895
v 0.1013 0.2942 0.1091
v 0.0952 0.3109 -0.0950
v 0.0999 0.3065 -0.0923
v 0.1005 0.3059 0.1108
v 0.0991 0.3200 -0.1001
v 0.1036 0.3162 -0.0936
v 0.1000 0.3189 0.1128
v 0.0966 0.3219 0.1223
v 0.0991 0.3316 -0.1106
v 0.1048 0.3274 -0.1020
v 0.1046 0.3275 0.1130
v 0.1009 0.3302 0.1239
v 0.0977 0.3471 -0.1726
v 0.0990 0.3475 -0.1641
v 0.0986 0.3473 -0.1519
v 0.0977 0.3472 -0.1395
v 0.0972 0.3470 -0.1268
v 0.1005 0.3438 -0.1154
v 0.1024 0.3432 0.1267
v 0.0960 0.3442 0.1321
v 0.1010 0.3560 -0.1755
v 0.1048 0.3528 -0.1644
v 0.1047 0.3528 -0.1514
v 0.1042 0.3528 -0.1389
v 0.1038 0.3520 -0.1265
v 0.1041 0.3507 -0.1173
v 0.1037 0.3512 0.1286
v 0.1003 0.3552 0.1364
v 0.1003 0.3602 0.1476
v 0.1017 0.3693 -0.1773
v 0.1009 0.3639 0.1535
v 0.0999 0.3699 0.1602
v 0.0953 0.3749 0.1675
v 0.1020 0.3819 -0.1778
v 0.1023 0.3813 0.1636
v 0.0965 0.3824 0.1700
v 0.1026 0.3933 -0.1779
v 0.1041 0.3929 0.1641
v 0.0976 0.3944 0.1721
v 0.1017 0.4058 -0.1781
v 0.1041 0.4095 0.1289
v 0.1017 0.4107 0.1358
v 0.1045 0.4115 0.1495
v 0.1042 0.4081 0.1627
v 0.0982 0.4070 0.1727
v 0.1018 0.4188 -0.1782
v 0.1034 0.4177 0.1285
v 0.0970 0.4169 0.1344
v 0.0985 0.4143 0.1490
v 0.0983 0.4149 0.1613
v 0.0961 0.4145 0.1704
v 0.1019 0.4312 -0.1784
v 0.1024 0.4318 0.1276
v 0.0963 0.4327 0.1341
v 0.0956 0.4356 0.1484
v 0.0954 0.4367 0.1601
v 0.1024 0.4435 -0.1784
v 0.1015 0.4438 0.1268
v 0.0990 0.4442 0.1364
v 0.0986 0.4441 0.1487
v 0.0980 0.4437 0.1609
v 0.0974 0.4442 0.1729
v 0.0969 0.4456 0.1862
v 0.0961 0.4477 0.1968
v 0.1028 0.4565 -0.1786
v 0.1018 0.4562 0.1250
v 0.0996 0.4563 0.1372
v 0.0996 0.4559 0.1484
v 0.0996 0.4561 0.1602
v 0.0996 0.4562 0.1736
v 0.0993 0.4563 0.1862
v 0.0972 0.4563 0.1977
v 0.1020 0.4686 -0.1788
v 0.1057 0.4748 0.1171
v 0.1014 0.4684 0.1236
v 0.0999 0.4685 0.1365
v 0.1000 0.4695 0.1486
v 0.1000 0.4687 0.1613
v 0.0999 0.4684 0.1744
v 0.0999 0.4688 0.1866
v 0.0982 0.4682 0.1963
v 0.1012 0.4812 -0.1779
v 0.1051 0.4830 0.1158
v 0.1008 0.4809 0.1226
v 0.1003 0.4814 0.1365
v 0.1003 0.4814 0.1487
v 0.1003 0.4818 0.1615
v 0.1003 0.4816 0.1734
v 0.1003 0.4818 0.1868
v 0.0983 0.4802 0.1945
v 0.0997 0.4927 -0.1764
v 0.1031 0.4950 0.1151
v 0.0999 0.4937 0.1226
v 0.1003 0.4938 0.1356
v 0.1004 0.4934 0.1483
v 0.1004 0.4938 0.1609
v 0.1005 0.4947 0.1737
v 0.0995 0.4940 0.1882
v 0.0964 0.4907 0.1932
v 0.1004 0.5054 -0.1729
v 0.1008 0.5083 -0.1642
v 0.1009 0.5083 -0.1514
v 0.1004 0.5087 -0.1394
v 0.1009 0.5083 -0.1268
v 0.1007 0.5085 -0.1145
v 0.1039 0.5076 -0.1044
v 0.1023 0.5069 0.1134
v 0.0971 0.5049 0.1227
v 0.0977 0.5045 0.1363
v 0.0975 0.5052 0.1489
v 0.0975 0.5057 0.1612
v 0.0977 0.5060 0.1742
v 0.0974 0.5048 0.1862
v 0.0966 0.5187 -0.1085
v 0.1028 0.5182 -0.1039
v 0.1008 0.5187 0.1120
v 0.0965 0.5315 -0.1086
v 0.1024 0.5317 -0.1038
v 0.1043 0.5334 0.1040
v 0.1003 0.5296 0.1083
v 0.0963 0.5418 -0.1090
v 0.1020 0.5442 -0.1043
v 0.1011 0.5437 0.1004
v 0.0955 0.5387 0.1068
v 0.0961 0.5542 -0.1082
v 0.1012 0.5574 -0.1033
v 0.1043 0.5582 0.0910
v 0.0992 0.5550 0.0962
v 0.0996 0.5735 -0.1121
v 0.1020 0.5690 -0.1011
v 0.1071 0.5667 -0.0950
v 0.1044 0.5645 0.0896
v 0.1002 0.5646 0.0985
v 0.1017 0.5667 0.1128
v 0.0984 0.5710 0.1208
v 0.0953 0.5831 -0.1210
v 0.1008 0.5818 -0.1156
v 0.1056 0.5832 0.1048
v 0.1011 0.5828 0.1124
v 0.0976 0.5797 0.1199
v 0.0984 0.5938 -0.1112
v 0.1037 0.5926 -0.1050
v 0.1042 0.5949 0.1153
v 0.0980 0.5943 0.1206
v 0.0998 0.6061 -0.1110
v 0.1040 0.6098 -0.1039
v 0.1030 0.6063 0.1024
v 0.1001 0.6063 0.1111
v 0.0974 0.6097 0.1209
v 0.1003 0.6227 -0.1121
v 0.1005 0.6157 -0.1010
v 0.1041 0.6141 -0.0932
v 0.1029 0.6149 0.1248
v 0.1006 0.6198 0.1366
v 0.0977 0.6237 0.1456
v 0.0953 0.6369 -0.1343
v 0.1000 0.6325 -0.1261
v 0.1023 0.6274 -0.1179
v 0.1013 0.6295 0.1500
v 0.0977 0.6348 0.1569
v 0.0971 0.6494 -0.1470
v 0.1012 0.6443 -0.1392
v 0.1043 0.6393 -0.1317
v 0.1008 0.6476 0.1540
v 0.1003 0.6432 0.1575
v 0.0959 0.6602 -0.1584
v 0.1011 0.6562 -0.1515
v 0.1055 0.6508 -0.1436
v 0.1011 0.6554 0.1515
v 0.0953 0.6584 0.1554
v 0.1004 0.6696 -0.1636
v 0.1048 0.6640 -0.1565
v 0.1011 0.6684 0.1486
v 0.0992 0.6835 -0.1737
v 0.1037 0.6784 -0.1681
v 0.1026 0.6819 0.1410
v 0.0977 0.6811 0.1444
v 0.0960 0.6985 -0.1835
v 0.1015 0.6938 -0.1783
v 0.1056 0.6883 0.1420
v 0.1005 0.6932 0.1496
v 0.0955 0.6983 0.1567
v 0.0997 0.7072 -0.1855
v 0.1048 0.7033 -0.1814
v 0.1042 0.7033 0.1533
v 0.0995 0.7067 0.1587
v 0.1012 0.7185 -0.1891
v 0.1013 0.7177 0.1631
v 0.0957 0.7221 0.1689
v 0.0957 0.7333 -0.1958
v 0.1011 0.7304 -0.1927
v 0.1044 0.7295 0.1659
v 0.0987 0.7321 0.1703
v 0.0980 0.7436 -0.1971
v 0.1047 0.7429 -0.1939
v 0.1071 0.7387 0.1669
v 0.1009 0.7433 0.1715
v 0.1006 0.7554 -0.1978
v 0.1004 0.7566 0.1735
v 0.1009 0.7687 -0.1989
v 0.1005 0.7693 0.1743
v 0.1020 0.7820 -0.1985
v 0.1004 0.7814 0.1746
v 0.1006 0.7939 -0.1983
v 0.1005 0.7938 0.1740
v 0.0999 0.8049 -0.1972
v 0.1055 0.8082 -0.1940
v 0.1010 0.8065 0.1725
v 0.0970 0.8173 -0.1964
v 0.1028 0.8194 -0.1932
v 0.1064 0.8217 0.1666
v 0.0998 0.8178 0.1718
v 0.1010 0.8316 -0.1911
v 0.1038 0.8324 0.1657
v 0.0981 0.8305 0.1702
v 0.1009 0.8436 -0.1874
v 0.1015 0.8441 0.1632
v 0.0955 0.8409 0.1689
v 0.0982 0.8538 -0.1850
v 0.1032 0.8582 -0.1803
v 0.1049 0.8587 0.1534
v 0.0995 0.8555 0.1591
v 0.1012 0.8684 -0.1763
v 0.1015 0.8693 0.1498
v 0.0960 0.8641 0.1571
v 0.0982 0.8779 -0.1726
v 0.1024 0.8825 -0.1672
v 0.1022 0.8829 0.1396
v 0.0980 0.8787 0.1459
v 0.0996 0.8925 -0.1617
v 0.1041 0.8965 -0.1558
v 0.1009 0.8901 0.1397
v 0.0999 0.8969 0.1455
v 0.1000 0.9060 -0.1508
v 0.1046 0.9109 -0.1436
v 0.1065 0.9112 0.1419
v 0.1007 0.9061 0.1494
v 0.0964 0.9140 -0.1466
v 0.1008 0.9192 -0.1387
v 0.1042 0.9237 -0.1320
v 0.1014 0.9168 0.1412
v 0.0984 0.9179 0.1452
v 0.0962 0.9262 -0.1352
v 0.1008 0.9306 -0.1274
v 0.1049 0.9351 -0.1192
v 0.1048 0.9340 0.1411
v 0.1001 0.9300 0.1444
v 0.0969 0.9383 -0.1216
v 0.1005 0.9419 -0.1136
v 0.1027 0.9471 -0.1039
v 0.1031 0.9474 0.1261
v 0.1002 0.9429 0.1361
v 0.0955 0.9389 0.1437
v 0.0988 0.9523 -0.0986
v 0.1007 0.9565 -0.0884
v 0.1027 0.9603 -0.0777
v 0.1029 0.9606 0.1002
v 0.1008 0.9566 0.1113
v 0.0981 0.9524 0.1230
v 0.0990 0.9638 -0.0736
v 0.1006 0.9665 -0.0641
v 0.1008 0.9705 -0.0515
v 0.1021 0.9731 -0.0398
v 0.1052 0.9747 -0.0264
v 0.1069 0.9749 0.0472
v 0.1054 0.9748 0.0615
v 0.1024 0.9728 0.0746
v 0.1008 0.9691 0.0853
v 0.0985 0.9651 0.0966
v 0.0975 0.9759 -0.0365
v 0.0993 0.9773 -0.0259
v 0.1007 0.9786 -0.0144
v 0.1009 0.9799 -0.0018
v 0.1004 0.9808 0.0111
v 0.1004 0.9807 0.0247
v 0.1014 0.9792 0.0371
v 0.1005 0.9782 0.0484
v 0.1000 0.9780 0.0600
v 0.0982 0.9765 0.0699
v 0.1129 0.0117 0.0003
v 0.1143 0.0102 0.0107
v 0.1132 0.0082 0.0232
v 0.1134 0.0062 0.0360
v 0.1132 0.0045 0.0489
v 0.1129 0.0030 0.0607
v 0.1135 0.0015 0.0733
v 0.1132 0.0006 0.0855
v 0.1135 0.0012 0.1002
v 0.1139 0.0076 0.1086
v 0.1124 0.0248 -0.0844
v 0.1136 0.0236 -0.0770
v 0.1136 0.0216 -0.0639
v 0.1137 0.0198 -0.0522
v 0.1126 0.0180 -0.0392
v 0.1132 0.0161 -0.0262
v 0.1140 0.0140 -0.0136
v 0.1128 0.0129 -0.0066
v 0.1136 0.0190 0.1128
v 0.1129 0.0317 -0.0975
v 0.1140 0.0264 -0.0908
v 0.1126 0.0311 0.1111
v 0.1134 0.0440 -0.1007
v 0.1135 0.0434 0.1098
v 0.1131 0.0565 -0.0999
v 0.1135 0.0563 0.1085
v 0.1123 0.0686 -0.0973
v 0.1179 0.0727 -0.0945
v 0.1125 0.0699 0.1027
v 0.1158 0.0653 0.1064
v 0.1096 0.0792 -0.0956
v 0.1145 0.0825 -0.0934
v 0.1104 0.0856 0.0908
v 0.1134 0.0803 0.0962
v 0.1131 0.0944 -0.0906
v 0.1122 0.0983 0.0779
v 0.1138 0.0930 0.0847
v 0.1135 0.1054 -0.0867
v 0.1129 0.1080 0.0618
v 0.1136 0.1031 0.0717
v 0.1125 0.1184 -0.0852
v 0.1174 0.1150 -0.0821
v 0.1133 0.1140 0.0645
v 0.1134 0.1204 0.0708
v 0.1128 0.1298 -0.0875
v 0.1136 0.1305 0.0754
v 0.1132 0.1437 -0.0852
v 0.1141 0.1401 0.0779
v 0.1130 0.1455 0.0826
v 0.1111 0.1561 -0.0834
v 0.1157 0.1572 -0.0816
v 0.1134 0.1558 0.0856
v 0.1108 0.1679 -0.0830
v 0.1158 0.1689 -0.0818
v 0.1132 0.1690 0.0883
v 0.1136 0.1814 -0.0797
v 0.1133 0.1827 0.0880
v 0.1138 0.1947 -0.0748
v 0.1138 0.1943 0.0885
v 0.1132 0.2062 -0.0730
v 0.1155 0.2056 0.0907
v 0.1104 0.2080 0.0932
v 0.1132 0.2187 -0.0750
v 0.1178 0.2168 0.0920
v 0.1124 0.2190 0.0947
v 0.1127 0.2310 -0.0768
v 0.1133 0.2318 0.0966
v 0.1130 0.2433 -0.0783
v 0.1133 0.2441 0.0982
v 0.1134 0.2566 -0.0798
v 0.1128 0.2569 0.0998
v 0.1091 0.2699 -0.0832
v 0.1156 0.2685 -0.0805
v 0.1133 0.2686 0.1007
v 0.1114 0.2818 -0.0840
v 0.1173 0.2793 -0.0811
v 0.1136 0.2817 0.1016
v 0.1076 0.2844 0.1052
v 0.1127 0.2936 -0.0851
v 0.1181 0.2896 -0.0822
v 0.1149 0.2933 0.1017
v 0.1087 0.2939 0.1054
v 0.1129 0.3063 -0.0871
v 0.1162 0.3071 0.1015
v 0.1096 0.3069 0.1061
v 0.1135 0.3193 -0.0895
v 0.1168 0.3181 0.1017
v 0.1104 0.3181 0.1065
v 0.1108 0.3328 -0.0999
v 0.1146 0.3312 -0.0914
v 0.1169 0.3298 0.1028
v 0.1112 0.3328 0.1106
v 0.1081 0.3350 0.1196
v 0.1151 0.3490 -0.1227
v 0.1129 0.3464 -0.1132
v 0.1151 0.3409 -0.1029
v 0.1183 0.3377 -0.0920
v 0.1181 0.3379 0.1041
v 0.1158 0.3405 0.1139
v 0.1126 0.3458 0.1235
v 0.1084 0.3601 -0.1729
v 0.1089 0.3588 -0.1638
v 0.1093 0.3594 -0.1504
v 0.1120 0.3571 -0.1390
v 0.1128 0.3520 -0.1283
v 0.1077 0.3502 -0.1178
v 0.1098 0.3500 0.1299
v 0.1129 0.3540 0.1369
v 0.1107 0.3606 0.1457
v 0.1104 0.3690 -0.1730
v 0.1123 0.3681 -0.1640
v 0.1132 0.3690 -0.1506
v 0.1170 0.3660 -0.1425
v 0.1183 0.3652 0.1416
v 0.1122 0.3687 0.1489
v 0.1076 0.3738 0.1560
v 0.1106 0.3817 -0.1732
v 0.1135 0.3820 -0.1637
v 0.1151 0.3818 -0.1517
v 0.1145 0.3811 0.1493
v 0.1083 0.3824 0.1569
v 0.1107 0.3939 -0.1732
v 0.1138 0.3944 -0.1646
v 0.1151 0.3948 -0.1512
v 0.1180 0.3998 -0.1024
v 0.1194 0.3996 0.1172
v 0.1159 0.3951 0.1496
v 0.1094 0.3946 0.1580
v 0.1113 0.4055 -0.1731
v 0.1140 0.4061 -0.1644
v 0.1140 0.4061 -0.1517
v 0.1156 0.4060 -0.1399
v 0.1153 0.4076 -0.1260
v 0.1147 0.4062 -0.1134
v 0.1155 0.4051 -0.1040
v 0.1181 0.4058 0.1170
v 0.1136 0.4050 0.1239
v 0.1141 0.4051 0.1373
v 0.1121 0.4057 0.1491
v 0.1088 0.4048 0.1581
v 0.1116 0.4178 -0.1730
v 0.1143 0.4184 -0.1640
v 0.1143 0.4187 -0.1510
v 0.1143 0.4187 -0.1387
v 0.1143 0.4194 -0.1268
v 0.1142 0.4186 -0.1137
v 0.1150 0.4191 -0.1047
v 0.1184 0.4182 0.1160
v 0.1122 0.4184 0.1215
v 0.1118 0.4305 -0.1732
v 0.1145 0.4305 -0.1649
v 0.1145 0.4308 -0.1516
v 0.1145 0.4312 -0.1392
v 0.1145 0.4309 -0.1273
v 0.1144 0.4304 -0.1137
v 0.1157 0.4319 -0.1035
v 0.1173 0.4322 0.1157
v 0.1109 0.4308 0.1213
v 0.1115 0.4431 -0.1732
v 0.1148 0.4437 -0.1647
v 0.1148 0.4435 -0.1515
v 0.1148 0.4430 -0.1386
v 0.1148 0.4434 -0.1248
v 0.1147 0.4434 -0.1135
v 0.1155 0.4434 -0.1029
v 0.1167 0.4443 0.1145
v 0.1101 0.4437 0.1199
v 0.1117 0.4559 -0.1733
v 0.1151 0.4567 -0.1640
v 0.1150 0.4554 -0.1516
v 0.1151 0.4560 -0.1388
v 0.1151 0.4563 -0.1269
v 0.1150 0.4562 -0.1137
v 0.1159 0.4565 -0.1015
v 0.1147 0.4565 0.1129
v 0.1090 0.4554 0.1185
v 0.1122 0.4688 -0.1732
v 0.1154 0.4690 -0.1650
v 0.1154 0.4681 -0.1514
v 0.1154 0.4684 -0.1384
v 0.1153 0.4689 -0.1262
v 0.1153 0.4690 -0.1129
v 0.1153 0.4696 -0.1009
v 0.1126 0.4688 0.1120
v 0.1120 0.4817 -0.1732
v 0.1154 0.4810 -0.1642
v 0.1154 0.4814 -0.1522
v 0.1154 0.4811 -0.1393
v 0.1154 0.4811 -0.1263
v 0.1153 0.4809 -0.1139
v 0.1144 0.4813 -0.1012
v 0.1186 0.4852 -0.0939
v 0.1183 0.4819 0.1029
v 0.1113 0.4813 0.1104
v 0.1110 0.4938 -0.1727
v 0.1125 0.4937 -0.1639
v 0.1127 0.4933 -0.1509
v 0.1122 0.4944 -0.1389
v 0.1126 0.4936 -0.1265
v 0.1128 0.4933 -0.1144
v 0.1120 0.4938 -0.1012
v 0.1176 0.4944 -0.0935
v 0.1165 0.4944 0.1019
v 0.1107 0.4937 0.1083
v 0.1080 0.5010 -0.1719
v 0.1082 0.5014 -0.1634
v 0.1081 0.5018 -0.1505
v 0.1082 0.5016 -0.1381
v 0.1082 0.5017 -0.1267
v 0.1083 0.5016 -0.1148
v 0.1109 0.5049 -0.0993
v 0.1174 0.5063 -0.0923
v 0.1152 0.5065 0.1008
v 0.1091 0.5055 0.1074
v 0.1099 0.5185 -0.0980
v 0.1165 0.5184 -0.0920
v 0.1196 0.5236 0.0922
v 0.1148 0.5185 0.0988
v 0.1077 0.5205 0.1060
v 0.1102 0.5311 -0.0968
v 0.1160 0.5306 -0.0911
v 0.1180 0.5346 0.0913
v 0.1122 0.5311 0.0989
v 0.1094 0.5437 -0.0974
v 0.1161 0.5437 -0.0897
v 0.1161 0.5451 0.0898
v 0.1110 0.5410 0.0957
v 0.1088 0.5556 -0.0971
v 0.1156 0.5556 -0.0891
v 0.1182 0.5601 0.0777
v 0.1123 0.5556 0.0857
v 0.1080 0.5749 -0.1081
v 0.1122 0.5729 -0.1003
v 0.1136 0.5685 -0.0887
v 0.1185 0.5694 -0.0800
v 0.1172 0.5643 0.0777
v 0.1130 0.5647 0.0860
v 0.1139 0.5666 0.0997
v 0.1113 0.5702 0.1089
v 0.1086 0.5798 -0.1093
v 0.1144 0.5828 -0.1024
v 0.1184 0.5845 0.0913
v 0.1136 0.5831 0.0998
v 0.1096 0.5806 0.1084
v 0.1109 0.5939 -0.0992
v 0.1166 0.5922 -0.0911
v 0.1169 0.5936 0.1023
v 0.1107 0.5945 0.1092
v 0.1114 0.6064 -0.0996
v 0.1161 0.6097 -0.0903
v 0.1170 0.6070 0.0897
v 0.1129 0.6064 0.0981
v 0.1097 0.6076 0.1082
v 0.1088 0.6243 -0.1086
v 0.1124 0.6218 -0.1010
v 0.1127 0.6155 -0.0880
v 0.1169 0.6142 -0.0761
v 0.1183 0.6141 -0.0684
v 0.1143 0.6147 0.1129
v 0.1134 0.6195 0.1244
v 0.1101 0.6229 0.1339
v 0.1104 0.6359 -0.1236
v 0.1136 0.6308 -0.1145
v 0.1181 0.6271 -0.1056
v 0.1144 0.6285 0.1383
v 0.1117 0.6336 0.1464
v 0.1124 0.6479 -0.1361
v 0.1137 0.6419 -0.1286
v 0.1134 0.6445 0.1519
v 0.1077 0.6450 0.1553
v 0.1115 0.6594 -0.1481
v 0.1150 0.6543 -0.1410
v 0.1174 0.6603 0.1420
v 0.1126 0.6560 0.1476
v 0.1100 0.6722 -0.1600
v 0.1140 0.6672 -0.1533
v 0.1175 0.6695 0.1416
v 0.1127 0.6680 0.1454
v 0.1132 0.6814 -0.1644
v 0.1187 0.6754 -0.1566
v 0.1124 0.6819 0.1378
v 0.1117 0.6946 -0.1732
v 0.1172 0.6912 -0.1679
v 0.1148 0.6930 0.1383
v 0.1093 0.6962 0.1450
v 0.1074 0.7109 -0.1834
v 0.1133 0.7060 -0.1780
v 0.1185 0.7016 0.1410
v 0.1129 0.7063 0.1484
v 0.1108 0.7198 -0.1849
v 0.1165 0.7164 -0.1807
v 0.1159 0.7171 0.1523
v 0.1100 0.7191 0.1577
v 0.1133 0.7309 -0.1871
v 0.1182 0.7250 0.1545
v 0.1133 0.7305 0.1600
v 0.1130 0.7437 -0.1902
v 0.1139 0.7429 0.1629
v 0.1077 0.7595 -0.1951
v 0.1141 0.7569 -0.1918
v 0.1146 0.7553 0.1639
v 0.1084 0.7571 0.1684
v 0.1074 0.7711 -0.1960
v 0.1140 0.7694 -0.1928
v 0.1149 0.7685 0.1643
v 0.1090 0.7689 0.1686
v 0.1143 0.7820 -0.1926
v 0.1150 0.7807 0.1643
v 0.1087 0.7822 0.1689
v 0.1134 0.7944 -0.1921
v 0.1145 0.7945 0.1640
v 0.1085 0.7928 0.1685
v 0.1135 0.8059 -0.1903
v 0.1136 0.8055 0.1638
v 0.1074 0.8008 0.1687
v 0.1135 0.8188 -0.1877
v 0.1138 0.8183 0.1617
v 0.1114 0.8319 -0.1854
v 0.1173 0.8334 -0.1814
v 0.1186 0.8338 0.1539
v 0.1125 0.8311 0.1595
v 0.1089 0.8418 -0.1837
v 0.1139 0.8449 -0.1794
v 0.1154 0.8448 0.1523
v 0.1098 0.8428 0.1575
v 0.1133 0.8556 -0.1752
v 0.1188 0.8603 -0.1693
v 0.1181 0.8603 0.1419
v 0.1122 0.8563 0.1489
v 0.1077 0.8512 0.1553
v 0.1103 0.8651 -0.1725
v 0.1145 0.8697 -0.1671
v 0.1146 0.8698 0.1386
v 0.1096 0.8667 0.1448
v 0.1119 0.8802 -0.1623
v 0.1167 0.8847 -0.1556
v 0.1180 0.8780 0.1296
v 0.1129 0.8813 0.1341
v 0.1078 0.8885 -0.1593
v 0.1127 0.8939 -0.1515
v 0.1181 0.8979 -0.1441
v 0.1141 0.8922 0.1395
v 0.1110 0.8971 0.1442
v 0.1095 0.9015 -0.1480
v 0.1136 0.9065 -0.1406
v 0.1181 0.9119 -0.1323
v 0.1142 0.9070 0.1384
v 0.1098 0.9027 0.1454
v 0.1093 0.9156 -0.1359
v 0.1147 0.9194 -0.1279
v 0.1197 0.9232 -0.1198
v 0.1130 0.9187 0.1398
v 0.1109 0.9277 -0.1226
v 0.1136 0.9321 -0.1151
v 0.1193 0.9352 -0.1059
v 0.1169 0.9355 0.1284
v 0.1129 0.9308 0.1367
v 0.1101 0.9388 -0.1098
v 0.1129 0.9430 -0.1004
v 0.1154 0.9472 -0.0901
v 0.1182 0.9498 -0.0818
v 0.1184 0.9482 0.1038
v 0.1149 0.9459 0.1130
v 0.1125 0.9418 0.1238
v 0.1092 0.9388 0.1327
v 0.1103 0.9528 -0.0854
v 0.1128 0.9557 -0.0757
v 0.1140 0.9597 -0.0636
v 0.1169 0.9613 -0.0543
v 0.1180 0.9624 0.0765
v 0.1147 0.9596 0.0867
v 0.1128 0.9551 0.0982
v 0.1100 0.9514 0.1093
v 0.1084 0.9640 -0.0605
v 0.1118 0.9656 -0.0498
v 0.1137 0.9676 -0.0390
v 0.1133 0.9705 -0.0268
v 0.1140 0.9723 -0.0143
v 0.1155 0.9731 -0.0016
v 0.1158 0.9736 0.0104
v 0.1157 0.9735 0.0240
v 0.1158 0.9725 0.0362
v 0.1133 0.9715 0.0490
v 0.1134 0.9703 0.0604
v 0.1133 0.9670 0.0725
v 0.1104 0.9639 0.0839
v 0.1080 0.9751 -0.0162
v 0.1095 0.9762 -0.0001
v 0.1103 0.9763 0.0114
v 0.1099 0.9764 0.0235
v 0.1094 0.9759 0.0360
v 0.1074 0.9753 0.0452
v 0.1261 0.0116 -0.0010
v 0.1266 0.0098 0.0109
v 0.1259 0.0078 0.0243
v 0.1253 0.0060 0.0365
v 0.1254 0.0044 0.0492
v 0.1270 0.0027 0.0618
v 0.1259 0.0014 0.0738
v 0.1263 0.0005 0.0860
v 0.1260 0.0004 0.0990
v 0.1259 0.0060 0.1097
v 0.1264 0.0247 -0.0830
v 0.1261 0.0233 -0.0761
v 0.1256 0.0212 -0.0639
v 0.1257 0.0192 -0.0507
v 0.1254 0.0175 -0.0391
v 0.1257 0.0157 -0.0269
v 0.1253 0.0136 -0.0136
v 0.1227 0.0126 -0.0066
v 0.1259 0.0190 0.1145
v 0.1220 0.0346 -0.0958
v 0.1260 0.0289 -0.0901
v 0.1263 0.0309 0.1134
v 0.1236 0.0433 -0.0966
v 0.1294 0.0445 -0.0935
v 0.1256 0.0427 0.1129
v 0.1222 0.0561 -0.0962
v 0.1289 0.0571 -0.0917
v 0.1259 0.0565 0.1118
v 0.1202 0.0659 -0.0951
v 0.1258 0.0688 -0.0912
v 0.1246 0.0735 0.1042
v 0.1252 0.0677 0.1076
v 0.1255 0.0807 -0.0887
v 0.1253 0.0816 0.0985
v 0.1251 0.0928 -0.0859
v 0.1314 0.0946 -0.0813
v 0.1222 0.0998 0.0795
v 0.1256 0.0942 0.0869
v 0.1269 0.0881 0.0935
v 0.1222 0.1031 -0.0837
v 0.1282 0.1063 -0.0788
v 0.1256 0.1099 0.0606
v 0.1255 0.1049 0.0731
v 0.1293 0.1009 0.0800
v 0.1226 0.1216 -0.0833
v 0.1261 0.1170 -0.0789
v 0.1265 0.1161 0.0618
v 0.1241 0.1222 0.0689
v 0.1235 0.1303 -0.0839
v 0.1294 0.1311 -0.0811
v 0.1259 0.1307 0.0720
v 0.1218 0.1404 -0.0831
v 0.1268 0.1435 -0.0803
v 0.1263 0.1432 0.0758
v 0.1216 0.1465 0.0807
v 0.1255 0.1565 -0.0785
v 0.1299 0.1536 0.0790
v 0.1242 0.1567 0.0825
v 0.1255 0.1686 -0.0786
v 0.1260 0.1685 0.0838
v 0.1260 0.1812 -0.0762
v 0.1256 0.1825 0.0842
v 0.1250 0.1931 -0.0725
v 0.1275 0.1984 -0.0685
v 0.1312 0.1919 0.0797
v 0.1256 0.1934 0.0831
v 0.1213 0.2069 -0.0707
v 0.1277 0.2055 -0.0674
v 0.1261 0.2063 0.0857
v 0.1230 0.2184 -0.0716
v 0.1293 0.2177 -0.0685
v 0.1256 0.2185 0.0881
v 0.1243 0.2321 -0.0724
v 0.1304 0.2292 -0.0689
v 0.1279 0.2313 0.0887
v 0.1214 0.2314 0.0927
v 0.1255 0.2440 -0.0730
v 0.1275 0.2431 0.0901
v 0.1217 0.2444 0.0939
v 0.1256 0.2563 -0.0742
v 0.1322 0.2533 -0.0700
v 0.1282 0.2569 0.0904
v 0.1224 0.2553 0.0943
v 0.1254 0.2697 -0.0757
v 0.1299 0.2686 0.0898
v 0.1230 0.2701 0.0949
v 0.1258 0.2816 -0.0767
v 0.1295 0.2821 0.0911
v 0.1238 0.2810 0.0951
v 0.1256 0.2943 -0.0782
v 0.1305 0.2930 0.0908
v 0.1247 0.2946 0.0952
v 0.1211 0.3071 -0.0828
v 0.1269 0.3054 -0.0786
v 0.1282 0.3077 0.0914
v 0.1232 0.3053 0.0950
v 0.1224 0.3198 -0.0838
v 0.1286 0.3189 -0.0787
v 0.1282 0.3173 0.0913
v 0.1227 0.3185 0.0951
v 0.1304 0.3365 -0.0951
v 0.1253 0.3340 -0.0869
v 0.1288 0.3296 -0.0802
v 0.1285 0.3280 0.0907
v 0.1250 0.3326 0.0980
v 0.1288 0.3370 0.1075
v 0.1221 0.3484 -0.1221
v 0.1254 0.3448 -0.1139
v 0.1253 0.3398 -0.1014
v 0.1211 0.3383 -0.0916
v 0.1206 0.3382 0.1030
v 0.1250 0.3401 0.1124
v 0.1246 0.3462 0.1235
v 0.1208 0.3594 -0.1350
v 0.1254 0.3555 -0.1267
v 0.1304 0.3511 -0.1191
v 0.1288 0.3552 0.1272
v 0.1229 0.3569 0.1337
v 0.1227 0.3698 -0.1371
v 0.1287 0.3683 -0.1283
v 0.1310 0.3689 0.1285
v 0.1244 0.3689 0.1359
v 0.1201 0.3842 -0.1464
v 0.1244 0.3817 -0.1391
v 0.1302 0.3808 -0.1296
v 0.1322 0.3821 0.1292
v 0.1259 0.3817 0.1365
v 0.1202 0.3935 -0.1464
v 0.1249 0.3951 -0.1392
v 0.1300 0.3959 -0.1278
v 0.1296 0.3985 -0.1136
v 0.1247 0.3976 -0.1004
v 0.1291 0.3947 -0.0911
v 0.1313 0.3935 0.1049
v 0.1267 0.3960 0.1121
v 0.1270 0.3962 0.1247
v 0.1246 0.3946 0.1366
v 0.1202 0.3934 0.1442
v 0.1217 0.4028 -0.1379
v 0.1239 0.4030 -0.1269
v 0.1239 0.4017 -0.1168
v 0.1221 0.4057 -0.0989
v 0.1294 0.4057 -0.0898
v 0.1311 0.4077 0.1036
v 0.1248 0.4060 0.1105
v 0.1200 0.4009 0.1258
v 0.1200 0.4014 0.1358
v 0.1222 0.4177 -0.0972
v 0.1291 0.4192 -0.0897
v 0.1303 0.4204 0.1029
v 0.1247 0.4180 0.1096
v 0.1215 0.4290 -0.0975
v 0.1277 0.4310 -0.0905
v 0.1298 0.4311 0.1020
v 0.1229 0.4315 0.1104
v 0.1214 0.4428 -0.0966
v 0.1280 0.4438 -0.0888
v 0.1282 0.4442 0.1012
v 0.1225 0.4432 0.1094
v 0.1208 0.4541 -0.0959
v 0.1269 0.4564 -0.0887
v 0.1320 0.4573 0.0923
v 0.1272 0.4561 0.0991
v 0.1210 0.4548 0.1071
v 0.1202 0.4652 -0.0953
v 0.1259 0.4683 -0.0884
v 0.1320 0.4714 -0.0805
v 0.1311 0.4693 0.0900
v 0.1250 0.4687 0.0983
v 0.1205 0.4632 0.1052
v 0.1246 0.4812 -0.0882
v 0.1306 0.4813 -0.0811
v 0.1291 0.4809 0.0894
v 0.1237 0.4808 0.0967
v 0.1238 0.4932 -0.0874
v 0.1299 0.4960 -0.0801
v 0.1287 0.4939 0.0864
v 0.1220 0.4934 0.0957
v 0.1236 0.5059 -0.0860
v 0.1298 0.5069 -0.0785
v 0.1319 0.5092 0.0643
v 0.1320 0.5077 0.0779
v 0.1269 0.5062 0.0861
v 0.1211 0.5060 0.0941
v 0.1228 0.5185 -0.0853
v 0.1288 0.5195 -0.0774
v 0.1317 0.5189 0.0636
v 0.1309 0.5192 0.0762
v 0.1253 0.5184 0.0857
v 0.1202 0.5182 0.0927
v 0.1216 0.5310 -0.0848
v 0.1278 0.5309 -0.0763
v 0.1321 0.5270 0.0624
v 0.1297 0.5317 0.0750
v 0.1233 0.5306 0.0853
v 0.1207 0.5421 -0.0843
v 0.1263 0.5438 -0.0760
v 0.1310 0.5443 -0.0683
v 0.1318 0.5476 0.0646
v 0.1282 0.5437 0.0734
v 0.1223 0.5436 0.0839
v 0.1202 0.5541 -0.0831
v 0.1248 0.5557 -0.0756
v 0.1306 0.5571 -0.0657
v 0.1309 0.5559 0.0638
v 0.1255 0.5566 0.0735
v 0.1219 0.5518 0.0819
v 0.1202 0.5748 -0.0953
v 0.1236 0.5731 -0.0875
v 0.1251 0.5698 -0.0759
v 0.1296 0.5683 -0.0652
v 0.1297 0.5641 0.0638
v 0.1258 0.5652 0.0728
v 0.1259 0.5680 0.0857
v 0.1224 0.5708 0.0960
v 0.1209 0.5811 -0.0963
v 0.1263 0.5818 -0.0883
v 0.1308 0.5851 -0.0786
v 0.1300 0.5845 0.0752
v 0.1260 0.5826 0.0857
v 0.1220 0.5799 0.0951
v 0.1224 0.5937 -0.0866
v 0.1274 0.5919 -0.0770
v 0.1311 0.5903 -0.0675
v 0.1322 0.5876 0.0761
v 0.1283 0.5934 0.0869
v 0.1220 0.5950 0.0963
v 0.1228 0.6062 -0.0864
v 0.1266 0.6089 -0.0763
v 0.1286 0.6116 -0.0646
v 0.1302 0.6119 -0.0498
v 0.1318 0.6120 -0.0410
v 0.1309 0.6079 0.0614
v 0.1287 0.6069 0.0747
v 0.1248 0.6066 0.0849
v 0.1216 0.6061 0.0944
v 0.1220 0.6239 -0.0967
v 0.1254 0.6216 -0.0876
v 0.1253 0.6181 -0.0757
v 0.1256 0.6153 -0.0648
v 0.1305 0.6145 -0.0522
v 0.1297 0.6135 0.0903
v 0.1262 0.6151 0.0999
v 0.1253 0.6191 0.1108
v 0.1230 0.6231 0.1213
v 0.1243 0.6349 -0.1122
v 0.1267 0.6295 -0.1022
v 0.1305 0.6258 -0.0921
v 0.1309 0.6259 0.1172
v 0.1273 0.6290 0.1258
v 0.1239 0.6339 0.1356
v 0.1243 0.6461 -0.1259
v 0.1280 0.6404 -0.1163
v 0.1282 0.6420 0.1395
v 0.1233 0.6454 0.1464
v 0.1240 0.6579 -0.1381
v 0.1285 0.6535 -0.1304
v 0.1244 0.6616 0.1412
v 0.1257 0.6551 0.1465
v 0.1235 0.6702 -0.1491
v 0.1283 0.6665 -0.1425
v 0.1258 0.6683 0.1382
v 0.1201 0.6697 0.1426
v 0.1225 0.6842 -0.1600
v 0.1272 0.6796 -0.1534
v 0.1255 0.6807 0.1354
v 0.1259 0.6936 -0.1633
v 0.1308 0.6892 -0.1570
v 0.1287 0.6932 0.1286
v 0.1228 0.6931 0.1326
v 0.1231 0.7077 -0.1728
v 0.1285 0.7050 -0.1676
v 0.1312 0.7015 0.1296
v 0.1268 0.7062 0.1367
v 0.1208 0.7103 0.1447
v 0.1254 0.7194 -0.1763
v 0.1298 0.7173 0.1392
v 0.1241 0.7194 0.1470
v 0.1210 0.7336 -0.1841
v 0.1269 0.7310 -0.1793
v 0.1312 0.7284 0.1411
v 0.1256 0.7301 0.1494
v 0.1203 0.7350 0.1563
v 0.1228 0.7439 -0.1853
v 0.1298 0.7433 -0.1802
v 0.1276 0.7429 0.1500
v 0.1215 0.7437 0.1572
v 0.1246 0.7552 -0.1860
v 0.1303 0.7553 -0.1819
v 0.1286 0.7561 0.1508
v 0.1221 0.7555 0.1577
v 0.1256 0.7687 -0.1864
v 0.1321 0.7677 -0.1815
v 0.1292 0.7679 0.1512
v 0.1232 0.7695 0.1577
v 0.1254 0.7810 -0.1865
v 0.1321 0.7832 -0.1814
v 0.1295 0.7807 0.1516
v 0.1231 0.7812 0.1581
v 0.1244 0.7941 -0.1859
v 0.1304 0.7946 -0.1818
v 0.1290 0.7941 0.1517
v 0.1230 0.7939 0.1576
v 0.1233 0.8054 -0.1848
v 0.1293 0.8072 -0.1803
v 0.1287 0.8074 0.1504
v 0.1218 0.8063 0.1574
v 0.1211 0.8166 -0.1838
v 0.1266 0.8190 -0.1794
v 0.1275 0.8190 0.1496
v 0.1212 0.8163 0.1565
v 0.1268 0.8309 -0.1757
v 0.1307 0.8343 0.1405
v 0.1252 0.8312 0.1487
v 0.1234 0.8422 -0.1741
v 0.1292 0.8450 -0.1686
v 0.1295 0.8443 0.1380
v 0.1233 0.8447 0.1459
v 0.1211 0.8522 -0.1716
v 0.1258 0.8570 -0.1656
v 0.1305 0.8592 0.1278
v 0.1257 0.8560 0.1368
v 0.1209 0.8529 0.1442
v 0.1240 0.8672 -0.1615
v 0.1290 0.8707 -0.1552
v 0.1273 0.8699 0.1254
v 0.1225 0.8661 0.1337
v 0.1215 0.8759 -0.1580
v 0.1259 0.8807 -0.1510
v 0.1304 0.8853 -0.1438
v 0.1244 0.8779 0.1285
v 0.1255 0.8844 0.1326
v 0.1218 0.8897 -0.1476
v 0.1267 0.8941 -0.1400
v 0.1304 0.8954 0.1293
v 0.1251 0.8930 0.1350
v 0.1237 0.9034 -0.1349
v 0.1269 0.9073 -0.1287
v 0.1250 0.9054 0.1339
v 0.1227 0.9160 -0.1243
v 0.1272 0.9203 -0.1153
v 0.1293 0.9225 0.1288
v 0.1251 0.9179 0.1347
v 0.1233 0.9277 -0.1109
v 0.1262 0.9324 -0.1020
v 0.1313 0.9346 -0.0927
v 0.1292 0.9340 0.1133
v 0.1255 0.9306 0.1238
v 0.1217 0.9271 0.1325
v 0.1219 0.9393 -0.0967
v 0.1263 0.9412 -0.0878
v 0.1266 0.9464 -0.0768
v 0.1294 0.9492 -0.0659
v 0.1292 0.9480 0.0885
v 0.1260 0.9444 0.0997
v 0.1239 0.9400 0.1109
v 0.1206 0.9378 0.1197
v 0.1218 0.9509 -0.0740
v 0.1247 0.9534 -0.0630
v 0.1258 0.9570 -0.0506
v 0.1271 0.9594 -0.0395
v 0.1306 0.9604 -0.0262
v 0.1310 0.9622 -0.0145
v 0.1316 0.9625 0.0376
v 0.1301 0.9614 0.0494
v 0.1284 0.9598 0.0619
v 0.1262 0.9573 0.0742
v 0.1239 0.9540 0.0849
v 0.1208 0.9513 0.0946
v 0.1217 0.9635 -0.0375
v 0.1239 0.9647 -0.0262
v 0.1246 0.9664 -0.0140
v 0.1254 0.9674 -0.0009
v 0.1250 0.9683 0.0110
v 0.1258 0.9677 0.0230
v 0.1255 0.9667 0.0361
v 0.1237 0.9658 0.0479
v 0.1229 0.9641 0.0592
v 0.1209 0.9633 0.0693
v 0.1415 0.0121 -0.0097
v 0.1395 0.0110 -0.0013
v 0.1395 0.0093 0.0108
v 0.1389 0.0076 0.0228
v 0.1384 0.0057 0.0365
v 0.1374 0.0043 0.0487
v 0.1390 0.0026 0.0615
v 0.1381 0.0014 0.0731
v 0.1393 0.0004 0.0865
v 0.1382 0.0003 0.0996
v 0.1391 0.0061 0.1097
v 0.1371 0.0240 -0.0766
v 0.1385 0.0211 -0.0637
v 0.1381 0.0189 -0.0511
v 0.1381 0.0168 -0.0382
v 0.1388 0.0149 -0.0261
v 0.1375 0.0133 -0.0154
v 0.1381 0.0191 0.1147
v 0.1368 0.0310 -0.0857
v 0.1418 0.0277 -0.0802
v 0.1383 0.0320 0.1135
v 0.1383 0.0433 -0.0868
v 0.1441 0.0456 -0.0810
v 0.1384 0.0441 0.1139
v 0.1365 0.0556 -0.0858
v 0.1424 0.0577 -0.0789
v 0.1389 0.0565 0.1131
v 0.1345 0.0682 -0.0849
v 0.1415 0.0684 -0.0777
v 0.1323 0.0749 0.1046
v 0.1388 0.0683 0.1087
v 0.1334 0.0789 -0.0837
v 0.1394 0.0819 -0.0772
v 0.1391 0.0813 0.1008
v 0.1385 0.0937 -0.0749
v 0.1440 0.0960 -0.0678
v 0.1394 0.0952 0.0881
v 0.1394 0.0894 0.0943
v 0.1361 0.1039 -0.0730
v 0.1419 0.1061 -0.0657
v 0.1405 0.1104 0.0512
v 0.1384 0.1101 0.0604
v 0.1381 0.1055 0.0731
v 0.1374 0.1007 0.0812
v 0.1367 0.1193 -0.0733
v 0.1416 0.1153 -0.0651
v 0.1400 0.1150 0.0503
v 0.1375 0.1200 0.0592
v 0.1390 0.1307 -0.0749
v 0.1396 0.1297 0.0642
v 0.1335 0.1306 0.0685
v 0.1374 0.1437 -0.0741
v 0.1435 0.1475 -0.0689
v 0.1426 0.1431 0.0656
v 0.1363 0.1449 0.0711
v 0.1366 0.1562 -0.0728
v 0.1430 0.1559 -0.0680
v 0.1391 0.1550 0.0738
v 0.1368 0.1695 -0.0727
v 0.1436 0.1675 -0.0683
v 0.1405 0.1680 0.0753
v 0.1338 0.1730 0.0804
v 0.1363 0.1800 -0.0717
v 0.1419 0.1817 -0.0678
v 0.1402 0.1827 0.0764
v 0.1342 0.1803 0.0805
v 0.1336 0.1884 -0.0708
v 0.1385 0.1948 -0.0651
v 0.1392 0.1933 0.0743
v 0.1326 0.1988 0.0802
v 0.1382 0.2065 -0.0612
v 0.1443 0.2021 -0.0562
v 0.1401 0.2060 0.0758
v 0.1340 0.2079 0.0810
v 0.1387 0.2182 -0.0624
v 0.1413 0.2191 0.0769
v 0.1346 0.2177 0.0821
v 0.1379 0.2312 -0.0641
v 0.1426 0.2313 0.0773
v 0.1365 0.2298 0.0822
v 0.1394 0.2440 -0.0638
v 0.1425 0.2419 0.0781
v 0.1364 0.2435 0.0835
v 0.1325 0.2604 -0.0704
v 0.1392 0.2560 -0.0648
v 0.1429 0.2559 0.0782
v 0.1369 0.2557 0.0835
v 0.1334 0.2692 -0.0706
v 0.1388 0.2692 -0.0661
v 0.1430 0.2694 0.0784
v 0.1376 0.2683 0.0834
v 0.1339 0.2825 -0.0712
v 0.1404 0.2822 -0.0654
v 0.1431 0.2828 0.0784
v 0.1366 0.2808 0.0846
v 0.1346 0.2938 -0.0715
v 0.1418 0.2935 -0.0647
v 0.1430 0.2944 0.0786
v 0.1371 0.2936 0.0846
v 0.1344 0.3070 -0.0726
v 0.1417 0.3065 -0.0651
v 0.1430 0.3067 0.0786
v 0.1367 0.3063 0.0854
v 0.1351 0.3194 -0.0727
v 0.1412 0.3189 -0.0659
v 0.1437 0.3202 0.0770
v 0.1372 0.3192 0.0845
v 0.1349 0.3366 -0.0960
v 0.1387 0.3338 -0.0884
v 0.1376 0.3295 -0.0756
v 0.1420 0.3264 -0.0665
v 0.1385 0.3275 0.0866
v 0.1385 0.3326 0.0989
v 0.1363 0.3363 0.1065
v 0.1343 0.3462 -0.1107
v 0.1380 0.3417 -0.1019
v 0.1441 0.3385 -0.0940
v 0.1448 0.3379 0.1044
v 0.1384 0.3423 0.1117
v 0.1342 0.3476 0.1190
v 0.1328 0.3605 -0.1202
v 0.1363 0.3547 -0.1132
v 0.1426 0.3551 -0.1045
v 0.1417 0.3562 0.1140
v 0.1345 0.3559 0.1216
v 0.1327 0.3698 -0.1228
v 0.1387 0.3696 -0.1142
v 0.1440 0.3673 -0.1057
v 0.1430 0.3684 0.1150
v 0.1365 0.3697 0.1226
v 0.1339 0.3822 -0.1240
v 0.1398 0.3826 -0.1140
v 0.1436 0.3858 -0.1046
v 0.1441 0.3870 -0.0849
v 0.1423 0.3857 -0.0758
v 0.1447 0.3851 -0.0696
v 0.1436 0.3840 0.0894
v 0.1416 0.3856 0.0978
v 0.1420 0.3836 0.1129
v 0.1369 0.3825 0.1229
v 0.1337 0.3919 -0.1232
v 0.1363 0.3927 -0.1138
v 0.1383 0.3920 -0.1014
v 0.1367 0.3909 -0.0875
v 0.1399 0.3925 -0.0761
v 0.1448 0.3965 -0.0686
v 0.1424 0.3945 0.0895
v 0.1359 0.3921 0.1000
v 0.1357 0.3904 0.1115
v 0.1340 0.3902 0.1230
v 0.1343 0.4058 -0.0838
v 0.1398 0.4060 -0.0757
v 0.1444 0.4065 -0.0679
v 0.1426 0.4063 0.0878
v 0.1363 0.4062 0.0971
v 0.1338 0.4180 -0.0838
v 0.1390 0.4190 -0.0756
v 0.1433 0.4198 -0.0678
v 0.1415 0.4200 0.0872
v 0.1351 0.4173 0.0973
v 0.1332 0.4301 -0.0833
v 0.1377 0.4312 -0.0762
v 0.1434 0.4312 -0.0660
v 0.1443 0.4307 0.0793
v 0.1404 0.4323 0.0858
v 0.1347 0.4307 0.0954
v 0.1325 0.4434 -0.0828
v 0.1370 0.4442 -0.0758
v 0.1428 0.4438 -0.0655
v 0.1432 0.4440 0.0767
v 0.1380 0.4442 0.0863
v 0.1333 0.4429 0.0945
v 0.1365 0.4572 -0.0752
v 0.1411 0.4571 -0.0639
v 0.1437 0.4598 -0.0544
v 0.1447 0.4586 0.0674
v 0.1420 0.4565 0.0743
v 0.1364 0.4557 0.0855
v 0.1324 0.4523 0.0931
v 0.1355 0.4691 -0.0749
v 0.1373 0.4687 -0.0634
v 0.1425 0.4684 -0.0510
v 0.1448 0.4635 -0.0448
v 0.1436 0.4706 0.0613
v 0.1402 0.4685 0.0735
v 0.1350 0.4681 0.0839
v 0.1347 0.4815 -0.0745
v 0.1368 0.4812 -0.0628
v 0.1408 0.4811 -0.0522
v 0.1408 0.4812 0.0616
v 0.1383 0.4812 0.0726
v 0.1333 0.4806 0.0828
v 0.1343 0.4942 -0.0732
v 0.1355 0.4939 -0.0632
v 0.1391 0.4938 -0.0536
v 0.1382 0.4933 0.0626
v 0.1359 0.4935 0.0726
v 0.1326 0.4937 0.0804
v 0.1336 0.5065 -0.0721
v 0.1345 0.5059 -0.0637
v 0.1386 0.5054 -0.0545
v 0.1368 0.5059 0.0634
v 0.1337 0.5056 0.0724
v 0.1331 0.5178 -0.0708
v 0.1344 0.5185 -0.0633
v 0.1373 0.5185 -0.0546
v 0.1379 0.5184 0.0624
v 0.1327 0.5182 0.0709
v 0.1341 0.5310 -0.0631
v 0.1378 0.5311 -0.0531
v 0.1363 0.5313 0.0608
v 0.1327 0.5293 0.0689
v 0.1341 0.5421 -0.0614
v 0.1380 0.5428 -0.0506
v 0.1417 0.5481 -0.0441
v 0.1387 0.5456 0.0527
v 0.1351 0.5420 0.0593
v 0.1324 0.5378 0.0676
v 0.1338 0.5551 -0.0599
v 0.1375 0.5555 -0.0505
v 0.1410 0.5562 -0.0390
v 0.1433 0.5612 -0.0306
v 0.1401 0.5600 0.0394
v 0.1376 0.5550 0.0483
v 0.1337 0.5554 0.0574
v 0.1342 0.5738 -0.0735
v 0.1367 0.5717 -0.0625
v 0.1388 0.5693 -0.0517
v 0.1410 0.5676 -0.0392
v 0.1430 0.5666 -0.0263
v 0.1448 0.5687 -0.0188
v 0.1436 0.5665 0.0277
v 0.1414 0.5651 0.0358
v 0.1396 0.5661 0.0486
v 0.1383 0.5681 0.0607
v 0.1357 0.5696 0.0730
v 0.1333 0.5728 0.0818
v 0.1349 0.5825 -0.0745
v 0.1399 0.5831 -0.0632
v 0.1425 0.5855 -0.0519
v 0.1438 0.5870 -0.0395
v 0.1439 0.5852 0.0382
v 0.1415 0.5849 0.0492
v 0.1389 0.5830 0.0607
v 0.1356 0.5814 0.0719
v 0.1329 0.5788 0.0811
v 0.1332 0.5958 -0.0718
v 0.1359 0.5926 -0.0628
v 0.1404 0.5920 -0.0514
v 0.1424 0.5895 -0.0399
v 0.1447 0.5893 -0.0306
v 0.1448 0.5876 0.0409
v 0.1439 0.5902 0.0501
v 0.1416 0.5930 0.0606
v 0.1361 0.5932 0.0734
v 0.1326 0.5955 0.0811
v 0.1333 0.6046 -0.0719
v 0.1360 0.6069 -0.0632
v 0.1395 0.6082 -0.0517
v 0.1385 0.6106 -0.0390
v 0.1392 0.6111 -0.0270
v 0.1399 0.6112 -0.0142
v 0.1417 0.6107 -0.0019
v 0.1409 0.6105 0.0111
v 0.1405 0.6099 0.0239
v 0.1405 0.6090 0.0363
v 0.1387 0.6078 0.0490
v 0.1369 0.6064 0.0607
v 0.1340 0.6067 0.0721
v 0.1335 0.6245 -0.0839
v 0.1350 0.6232 -0.0764
v 0.1372 0.6215 -0.0638
v 0.1386 0.6193 -0.0512
v 0.1384 0.6164 -0.0390
v 0.1409 0.6157 -0.0272
v 0.1419 0.6145 -0.0148
v 0.1428 0.6140 -0.0022
v 0.1437 0.6140 0.0109
v 0.1437 0.6139 0.0234
v 0.1433 0.6141 0.0360
v 0.1431 0.6150 0.0497
v 0.1419 0.6155 0.0618
v 0.1400 0.6160 0.0743
v 0.1387 0.6181 0.0864
v 0.1378 0.6212 0.0981
v 0.1343 0.6234 0.1084
v 0.1331 0.6369 -0.1076
v 0.1367 0.6334 -0.0991
v 0.1387 0.6298 -0.0890
v 0.1418 0.6274 -0.0765
v 0.1441 0.6259 -0.0658
v 0.1433 0.6271 0.1023
v 0.1399 0.6300 0.1125
v 0.1367 0.6346 0.1227
v 0.1330 0.6483 -0.1214
v 0.1377 0.6448 -0.1135
v 0.1424 0.6405 -0.1032
v 0.1415 0.6425 0.1263
v 0.1356 0.6455 0.1354
v 0.1326 0.6614 -0.1347
v 0.1381 0.6566 -0.1257
v 0.1413 0.6516 -0.1180
v 0.1392 0.6566 0.1390
v 0.1335 0.6573 0.1435
v 0.1373 0.6694 -0.1376
v 0.1423 0.6654 -0.1300
v 0.1376 0.6739 0.1296
v 0.1382 0.6685 0.1359
v 0.1358 0.6827 -0.1486
v 0.1410 0.6788 -0.1415
v 0.1411 0.6811 0.1270
v 0.1342 0.6810 0.1324
v 0.1345 0.6977 -0.1590
v 0.1388 0.6927 -0.1524
v 0.1448 0.6883 -0.1447
v 0.1390 0.6932 0.1251
v 0.1366 0.7068 -0.1619
v 0.1424 0.7042 -0.1557
v 0.1422 0.7086 0.1161
v 0.1370 0.7050 0.1229
v 0.1324 0.7092 0.1316
v 0.1334 0.7233 -0.1714
v 0.1392 0.7188 -0.1649
v 0.1442 0.7143 0.1145
v 0.1393 0.7178 0.1248
v 0.1341 0.7198 0.1331
v 0.1350 0.7319 -0.1729
v 0.1414 0.7307 -0.1672
v 0.1422 0.7299 0.1271
v 0.1363 0.7315 0.1354
v 0.1369 0.7439 -0.1744
v 0.1430 0.7425 -0.1688
v 0.1437 0.7414 0.1286
v 0.1380 0.7432 0.1363
v 0.1324 0.7447 0.1440
v 0.1379 0.7553 -0.1755
v 0.1448 0.7522 -0.1692
v 0.1447 0.7531 0.1297
v 0.1396 0.7563 0.1368
v 0.1336 0.7559 0.1445
v 0.1396 0.7682 -0.1752
v 0.1400 0.7689 0.1379
v 0.1340 0.7680 0.1452
v 0.1400 0.7810 -0.1750
v 0.1412 0.7817 0.1374
v 0.1349 0.7811 0.1451
v 0.1385 0.7936 -0.1753
v 0.1448 0.7997 -0.1694
v 0.1412 0.7942 0.1372
v 0.1346 0.7934 0.1453
v 0.1371 0.8063 -0.1744
v 0.1431 0.8065 -0.1695
v 0.1399 0.8061 0.1372
v 0.1340 0.8062 0.1442
v 0.1350 0.8179 -0.1733
v 0.1415 0.8198 -0.1676
v 0.1433 0.8203 0.1287
v 0.1378 0.8182 0.1367
v 0.1324 0.8174 0.1440
v 0.1337 0.8275 -0.1716
v 0.1397 0.8320 -0.1652
v 0.1415 0.8323 0.1262
v 0.1357 0.8309 0.1351
v 0.1369 0.8435 -0.1627
v 0.1431 0.8457 -0.1563
v 0.1438 0.8450 0.1146
v 0.1386 0.8442 0.1241
v 0.1337 0.8425 0.1325
v 0.1340 0.8536 -0.1604
v 0.1398 0.8575 -0.1531
v 0.1405 0.8567 0.1140
v 0.1346 0.8556 0.1231
v 0.1364 0.8679 -0.1501
v 0.1425 0.8707 -0.1428
v 0.1379 0.8640 0.1170
v 0.1381 0.8699 0.1210
v 0.1332 0.8766 -0.1474
v 0.1382 0.8815 -0.1394
v 0.1434 0.8862 -0.1311
v 0.1391 0.8810 0.1242
v 0.1324 0.8831 0.1307
v 0.1345 0.8901 -0.1361
v 0.1397 0.8944 -0.1277
v 0.1427 0.8996 -0.1199
v 0.1381 0.8931 0.1269
v 0.1347 0.9034 -0.1247
v 0.1394 0.9078 -0.1154
v 0.1412 0.9058 0.1278
v 0.1344 0.9055 0.1316
v 0.1353 0.9156 -0.1117
v 0.1396 0.9196 -0.1023
v 0.1437 0.9224 -0.0940
v 0.1447 0.9233 0.1048
v 0.1419 0.9212 0.1132
v 0.1372 0.9175 0.1244
v 0.1327 0.9131 0.1319
v 0.1347 0.9273 -0.0986
v 0.1387 0.9310 -0.0883
v 0.1427 0.9337 -0.0779
v 0.1426 0.9353 0.0896
v 0.1401 0.9320 0.0988
v 0.1363 0.9291 0.1100
v 0.1334 0.9255 0.1203
v 0.1337 0.9378 -0.0840
v 0.1365 0.9397 -0.0757
v 0.1388 0.9431 -0.0637
v 0.1406 0.9462 -0.0516
v 0.1432 0.9477 -0.0401
v 0.1446 0.9498 -0.0280
v 0.1446 0.9496 0.0533
v 0.1432 0.9479 0.0634
v 0.1404 0.9459 0.0744
v 0.1376 0.9417 0.0861
v 0.1345 0.9387 0.0972
v 0.1344 0.9511 -0.0507
v 0.1370 0.9530 -0.0377
v 0.1384 0.9549 -0.0257
v 0.1392 0.9565 -0.0143
v 0.1383 0.9587 -0.0021
v 0.1391 0.9589 0.0115
v 0.1389 0.9586 0.0246
v 0.1389 0.9573 0.0370
v 0.1387 0.9554 0.0483
v 0.1367 0.9542 0.0597
v 0.1353 0.9516 0.0712
v 0.1327 0.9633 0.0105
v 0.1329 0.9629 0.0258
v 0.1522 0.0119 -0.0113
v 0.1520 0.0104 -0.0012
v 0.1515 0.0086 0.0111
v 0.1511 0.0068 0.0245
v 0.1518 0.0053 0.0361
v 0.1513 0.0039 0.0485
v 0.1516 0.0023 0.0614
v 0.1504 0.0012 0.0732
v 0.1513 0.0003 0.0863
v 0.1518 0.0012 0.1003
v 0.1512 0.0082 0.1084
v 0.1468 0.0242 -0.0720
v 0.1510 0.0221 -0.0631
v 0.1522 0.0190 -0.0511
v 0.1524 0.0165 -0.0386
v 0.1511 0.0146 -0.0271
v 0.1503 0.0130 -0.0172
v 0.1512 0.0188 0.1123
v 0.1499 0.0317 -0.0746
v 0.1558 0.0296 -0.0674
v 0.1514 0.0312 0.1116
v 0.1489 0.0438 -0.0758
v 0.1555 0.0448 -0.0666
v 0.1515 0.0430 0.1120
v 0.1475 0.0549 -0.0733
v 0.1540 0.0557 -0.0635
v 0.1515 0.0556 0.1120
v 0.1462 0.0683 -0.0719
v 0.1522 0.0688 -0.0632
v 0.1570 0.0695 -0.0553
v 0.1572 0.0728 0.1038
v 0.1522 0.0683 0.1080
v 0.1450 0.0810 -0.0710
v 0.1499 0.0813 -0.0639
v 0.1556 0.0822 -0.0545
v 0.1570 0.0863 0.0893
v 0.1524 0.0811 0.0995
v 0.1459 0.0765 0.1051
v 0.1484 0.0929 -0.0627
v 0.1544 0.0943 -0.0525
v 0.1545 0.0973 0.0763
v 0.1515 0.0932 0.0860
v 0.1495 0.0889 0.0939
v 0.1465 0.1055 -0.0602
v 0.1524 0.1063 -0.0504
v 0.1564 0.1089 -0.0414
v 0.1541 0.1082 0.0376
v 0.1519 0.1081 0.0481
v 0.1519 0.1060 0.0607
v 0.1499 0.1021 0.0725
v 0.1491 0.1198 -0.0615
v 0.1525 0.1159 -0.0515
v 0.1561 0.1136 -0.0410
v 0.1569 0.1140 0.0283
v 0.1532 0.1165 0.0370
v 0.1496 0.1200 0.0473
v 0.1463 0.1240 0.0556
v 0.1450 0.1295 -0.0705
v 0.1512 0.1301 -0.0638
v 0.1570 0.1295 -0.0569
v 0.1541 0.1306 0.0506
v 0.1477 0.1309 0.0576
v 0.1504 0.1432 -0.0632
v 0.1570 0.1446 -0.0557
v 0.1555 0.1425 0.0527
v 0.1494 0.1438 0.0595
v 0.1503 0.1566 -0.0621
v 0.1559 0.1548 -0.0552
v 0.1567 0.1506 0.0533
v 0.1527 0.1548 0.0616
v 0.1469 0.1569 0.0684
v 0.1509 0.1693 -0.0623
v 0.1572 0.1666 -0.0561
v 0.1541 0.1685 0.0636
v 0.1482 0.1692 0.0694
v 0.1504 0.1811 -0.0615
v 0.1564 0.1822 -0.0557
v 0.1552 0.1827 0.0638
v 0.1488 0.1829 0.0699
v 0.1478 0.1928 -0.0597
v 0.1535 0.1959 -0.0528
v 0.1525 0.1941 0.0625
v 0.1470 0.1946 0.0685
v 0.1507 0.2066 -0.0508
v 0.1571 0.2040 -0.0436
v 0.1535 0.2058 0.0625
v 0.1471 0.2078 0.0698
v 0.1449 0.2190 -0.0577
v 0.1517 0.2183 -0.0509
v 0.1546 0.2178 0.0630
v 0.1484 0.2188 0.0702
v 0.1454 0.2327 -0.0582
v 0.1521 0.2316 -0.0513
v 0.1549 0.2312 0.0638
v 0.1492 0.2304 0.0706
v 0.1466 0.2460 -0.0577
v 0.1528 0.2432 -0.0508
v 0.1547 0.2442 0.0647
v 0.1488 0.2433 0.0718
v 0.1464 0.2572 -0.0584
v 0.1529 0.2559 -0.0511
v 0.1549 0.2562 0.0644
v 0.1485 0.2558 0.0724
v 0.1459 0.2696 -0.0594
v 0.1536 0.2692 -0.0502
v 0.1550 0.2693 0.0640
v 0.1482 0.2686 0.0728
v 0.1463 0.2802 -0.0594
v 0.1528 0.2816 -0.0513
v 0.1573 0.2791 -0.0446
v 0.1548 0.2818 0.0638
v 0.1486 0.2822 0.0721
v 0.1468 0.2941 -0.0592
v 0.1525 0.2934 -0.0514
v 0.1572 0.2947 -0.0439
v 0.1551 0.2933 0.0628
v 0.1483 0.2943 0.0723
v 0.1467 0.3069 -0.0593
v 0.1522 0.3060 -0.0514
v 0.1570 0.3058 -0.0432
v 0.1549 0.3062 0.0618
v 0.1485 0.3063 0.0717
v 0.1504 0.3222 -0.0600
v 0.1528 0.3192 -0.0515
v 0.1567 0.3180 -0.0427
v 0.1546 0.3178 0.0618
v 0.1510 0.3210 0.0730
v 0.1510 0.3243 0.0806
v 0.1478 0.3339 -0.0849
v 0.1518 0.3306 -0.0762
v 0.1511 0.3259 -0.0665
v 0.1528 0.3284 0.0870
v 0.1489 0.3330 0.0959
v 0.1457 0.3459 -0.0970
v 0.1509 0.3429 -0.0886
v 0.1562 0.3397 -0.0805
v 0.1570 0.3377 0.0924
v 0.1522 0.3426 0.0991
v 0.1461 0.3461 0.1070
v 0.1474 0.3565 -0.0980
v 0.1535 0.3553 -0.0890
v 0.1534 0.3552 0.1008
v 0.1474 0.3583 0.1082
v 0.1485 0.3699 -0.0996
v 0.1549 0.3700 -0.0895
v 0.1572 0.3746 -0.0591
v 0.1561 0.3739 -0.0518
v 0.1569 0.3717 0.0650
v 0.1550 0.3731 0.0722
v 0.1566 0.3741 0.0833
v 0.1543 0.3702 0.1002
v 0.1481 0.3700 0.1093
v 0.1473 0.3814 -0.0994
v 0.1507 0.3819 -0.0879
v 0.1509 0.3814 -0.0764
v 0.1510 0.3800 -0.0638
v 0.1549 0.3819 -0.0507
v 0.1571 0.3862 -0.0433
v 0.1566 0.3821 0.0642
v 0.1523 0.3806 0.0739
v 0.1497 0.3797 0.0852
v 0.1492 0.3801 0.0986
v 0.1467 0.3790 0.1089
v 0.1451 0.3875 -0.0931
v 0.1479 0.3928 -0.0636
v 0.1534 0.3939 -0.0514
v 0.1566 0.3955 -0.0415
v 0.1560 0.3942 0.0646
v 0.1514 0.3943 0.0740
v 0.1465 0.3944 0.0829
v 0.1474 0.4063 -0.0621
v 0.1523 0.4065 -0.0506
v 0.1559 0.4065 -0.0398
v 0.1558 0.4067 0.0624
v 0.1506 0.4068 0.0735
v 0.1463 0.4049 0.0819
v 0.1464 0.4200 -0.0613
v 0.1508 0.4187 -0.0512
v 0.1549 0.4194 -0.0389
v 0.1569 0.4225 -0.0271
v 0.1567 0.4236 0.0526
v 0.1547 0.4187 0.0606
v 0.1492 0.4188 0.0731
v 0.1452 0.4217 0.0802
v 0.1461 0.4314 -0.0601
v 0.1500 0.4315 -0.0508
v 0.1539 0.4320 -0.0377
v 0.1549 0.4312 -0.0284
v 0.1561 0.4327 0.0481
v 0.1525 0.4303 0.0611
v 0.1473 0.4315 0.0729
v 0.1456 0.4434 -0.0594
v 0.1490 0.4442 -0.0506
v 0.1526 0.4444 -0.0378
v 0.1528 0.4388 -0.0310
v 0.1544 0.4442 0.0484
v 0.1499 0.4435 0.0612
v 0.1464 0.4430 0.0702
v 0.1450 0.4533 -0.0586
v 0.1485 0.4565 -0.0491
v 0.1501 0.4550 -0.0421
v 0.1521 0.4557 0.0518
v 0.1487 0.4573 0.0597
v 0.1452 0.4534 0.0685
v 0.1511 0.4689 -0.0489
v 0.1469 0.4635 -0.0448
v 0.1479 0.4646 0.0544
v 0.1499 0.4681 0.0578
v 0.1511 0.4813 -0.0530
v 0.1515 0.4813 0.0621
v 0.1505 0.4941 -0.0551
v 0.1516 0.4936 0.0645
v 0.1518 0.5061 -0.0555
v 0.1505 0.5053 0.0649
v 0.1514 0.5193 -0.0540
v 0.1523 0.5182 0.0636
v 0.1518 0.5322 -0.0503
v 0.1509 0.5307 0.0601
v 0.1497 0.5412 -0.0465
v 0.1522 0.5461 -0.0425
v 0.1525 0.5459 0.0519
v 0.1497 0.5402 0.0559
v 0.1498 0.5539 -0.0366
v 0.1521 0.5601 -0.0277
v 0.1515 0.5598 0.0376
v 0.1509 0.5538 0.0453
v 0.1462 0.5741 -0.0490
v 0.1481 0.5725 -0.0377
v 0.1495 0.5698 -0.0250
v 0.1519 0.5692 -0.0141
v 0.1546 0.5707 -0.0020
v 0.1544 0.5708 0.0119
v 0.1519 0.5686 0.0244
v 0.1505 0.5694 0.0347
v 0.1476 0.5718 0.0480
v 0.1452 0.5728 0.0564
v 0.1468 0.5808 -0.0495
v 0.1493 0.5819 -0.0387
v 0.1503 0.5834 -0.0260
v 0.1519 0.5833 -0.0133
v 0.1527 0.5832 -0.0008
v 0.1525 0.5826 0.0115
v 0.1502 0.5831 0.0237
v 0.1494 0.5817 0.0350
v 0.1472 0.5797 0.0480
v 0.1460 0.5769 0.0561
v 0.1456 0.5989 -0.0472
v 0.1471 0.5953 -0.0390
v 0.1495 0.5937 -0.0260
v 0.1516 0.5935 -0.0137
v 0.1528 0.5932 -0.0007
v 0.1529 0.5937 0.0120
v 0.1517 0.5932 0.0241
v 0.1494 0.5933 0.0363
v 0.1467 0.5946 0.0480
v 0.1449 0.6027 -0.0484
v 0.1471 0.6047 -0.0390
v 0.1491 0.6059 -0.0261
v 0.1497 0.6067 -0.0136
v 0.1506 0.6064 -0.0010
v 0.1506 0.6059 0.0119
v 0.1498 0.6050 0.0238
v 0.1482 0.6041 0.0360
v 0.1464 0.6027 0.0462
v 0.1467 0.6239 -0.0493
v 0.1484 0.6227 -0.0377
v 0.1501 0.6218 -0.0256
v 0.1511 0.6210 -0.0137
v 0.1511 0.6200 -0.0019
v 0.1506 0.6189 0.0108
v 0.1514 0.6195 0.0234
v 0.1510 0.6198 0.0361
v 0.1508 0.6208 0.0489
v 0.1490 0.6209 0.0612
v 0.1485 0.6226 0.0727
v 0.1461 0.6240 0.0852
v 0.1478 0.6353 -0.0863
v 0.1509 0.6335 -0.0754
v 0.1517 0.6308 -0.0644
v 0.1532 0.6288 -0.0516
v 0.1541 0.6270 -0.0397
v 0.1562 0.6264 -0.0271
v 0.1570 0.6251 -0.0111
v 0.1569 0.6265 0.0525
v 0.1549 0.6263 0.0622
v 0.1544 0.6286 0.0745
v 0.1521 0.6305 0.0869
v 0.1503 0.6324 0.0984
v 0.1478 0.6349 0.1093
v 0.1456 0.6483 -0.1103
v 0.1501 0.6455 -0.1000
v 0.1530 0.6413 -0.0894
v 0.1562 0.6392 -0.0788
v 0.1557 0.6401 0.1011
v 0.1533 0.6433 0.1122
v 0.1488 0.6461 0.1215
v 0.1464 0.6599 -0.1215
v 0.1510 0.6568 -0.1127
v 0.1536 0.6537 -0.1046
v 0.1528 0.6554 0.1250
v 0.1470 0.6576 0.1330
v 0.1449 0.6737 -0.1344
v 0.1499 0.6697 -0.1266
v 0.1550 0.6657 -0.1183
v 0.1558 0.6660 0.1291
v 0.1504 0.6694 0.1338
v 0.1493 0.6824 -0.1367
v 0.1547 0.6798 -0.1299
v 0.1515 0.6822 0.1260
v 0.1531 0.6765 0.1311
v 0.1467 0.6968 -0.1481
v 0.1526 0.6926 -0.1401
v 0.1547 0.6952 0.1157
v 0.1499 0.6927 0.1205
v 0.1498 0.7066 -0.1502
v 0.1555 0.7030 -0.1430
v 0.1526 0.7063 0.1143
v 0.1490 0.7005 0.1187
v 0.1463 0.7202 -0.1592
v 0.1522 0.7180 -0.1529
v 0.1557 0.7233 0.1046
v 0.1511 0.7182 0.1101
v 0.1459 0.7242 0.1193
v 0.1482 0.7318 -0.1614
v 0.1541 0.7303 -0.1555
v 0.1565 0.7271 0.1042
v 0.1532 0.7310 0.1115
v 0.1472 0.7320 0.1213
v 0.1498 0.7434 -0.1630
v 0.1563 0.7418 -0.1565
v 0.1556 0.7436 0.1136
v 0.1487 0.7446 0.1231
v 0.1506 0.7564 -0.1645
v 0.1559 0.7558 0.1161
v 0.1505 0.7570 0.1233
v 0.1451 0.7563 0.1300
v 0.1452 0.7640 -0.1702
v 0.1519 0.7676 -0.1644
v 0.1568 0.7694 0.1160
v 0.1510 0.7692 0.1242
v 0.1449 0.7694 0.1318
v 0.1511 0.7817 -0.1654
v 0.1568 0.7814 0.1159
v 0.1517 0.7810 0.1242
v 0.1463 0.7812 0.1312
v 0.1503 0.7948 -0.1652
v 0.1567 0.7919 0.1159
v 0.1516 0.7944 0.1240
v 0.1459 0.7938 0.1314
v 0.1510 0.8065 -0.1629
v 0.1569 0.8089 -0.1570
v 0.1561 0.8067 0.1143
v 0.1503 0.8066 0.1236
v 0.1449 0.8057 0.1309
v 0.1497 0.8176 -0.1614
v 0.1550 0.8205 -0.1558
v 0.1573 0.8233 0.1049
v 0.1540 0.8193 0.1130
v 0.1477 0.8184 0.1232
v 0.1472 0.8298 -0.1596
v 0.1533 0.8322 -0.1531
v 0.1557 0.8329 0.1026
v 0.1506 0.8314 0.1119
v 0.1461 0.8300 0.1201
v 0.1506 0.8427 -0.1509
v 0.1559 0.8473 -0.1434
v 0.1539 0.8401 0.1042
v 0.1502 0.8447 0.1084
v 0.1475 0.8548 -0.1475
v 0.1527 0.8571 -0.1412
v 0.1519 0.8562 0.1123
v 0.1499 0.8681 -0.1374
v 0.1551 0.8711 -0.1303
v 0.1528 0.8685 0.1138
v 0.1475 0.8690 0.1187
v 0.1462 0.8787 -0.1339
v 0.1515 0.8816 -0.1264
v 0.1563 0.8864 -0.1172
v 0.1510 0.8765 0.1166
v 0.1514 0.8825 0.1202
v 0.1473 0.8914 -0.1225
v 0.1523 0.8940 -0.1146
v 0.1572 0.8971 -0.1061
v 0.1568 0.8984 0.1172
v 0.1516 0.8931 0.1229
v 0.1469 0.9041 -0.1109
v 0.1522 0.9069 -0.1018
v 0.1566 0.9103 -0.0924
v 0.1559 0.9102 0.1041
v 0.1536 0.9069 0.1128
v 0.1484 0.9051 0.1220
v 0.1479 0.9146 -0.0983
v 0.1513 0.9189 -0.0885
v 0.1553 0.9218 -0.0782
v 0.1558 0.9219 0.0895
v 0.1516 0.9192 0.0999
v 0.1479 0.9158 0.1110
v 0.1450 0.9134 0.1192
v 0.1465 0.9263 -0.0847
v 0.1503 0.9286 -0.0748
v 0.1518 0.9323 -0.0642
v 0.1543 0.9348 -0.0524
v 0.1573 0.9362 -0.0397
v 0.1566 0.9351 0.0624
v 0.1543 0.9321 0.0744
v 0.1509 0.9298 0.0856
v 0.1472 0.9272 0.0953
v 0.1468 0.9382 -0.0604
v 0.1488 0.9401 -0.0501
v 0.1510 0.9419 -0.0384
v 0.1511 0.9448 -0.0264
v 0.1527 0.9459 -0.0143
v 0.1539 0.9465 -0.0015
v 0.1535 0.9474 0.0115
v 0.1536 0.9468 0.0238
v 0.1532 0.9455 0.0370
v 0.1518 0.9442 0.0487
v 0.1504 0.9423 0.0600
v 0.1483 0.9394 0.0726
v 0.1450 0.9379 0.0824
v 0.1453 0.9501 -0.0239
v 0.1466 0.9513 -0.0119
v 0.1474 0.9519 -0.0008
v 0.1472 0.9527 0.0104
v 0.1475 0.9522 0.0230
v 0.1468 0.9513 0.0356
v 0.1456 0.9507 0.0446
v 0.1643 0.0118 -0.0126
v 0.1639 0.0100 -0.0013
v 0.1637 0.0081 0.0118
v 0.1636 0.0063 0.0244
v 0.1637 0.0048 0.0359
v 0.1637 0.0034 0.0479
v 0.1638 0.0019 0.0621
v 0.1642 0.0009 0.0734
v 0.1644 0.0004 0.0863
v 0.1642 0.0038 0.0979
v 0.1600 0.0103 0.1063
v 0.1599 0.0236 -0.0586
v 0.1632 0.0211 -0.0499
v 0.1658 0.0180 -0.0395
v 0.1636 0.0145 -0.0267
v 0.1639 0.0129 -0.0186
v 0.1685 0.0150 0.1034
v 0.1631 0.0192 0.1076
v 0.1607 0.0318 -0.0617
v 0.1666 0.0313 -0.0522
v 0.1697 0.0368 -0.0449
v 0.1675 0.0334 0.1039
v 0.1627 0.0304 0.1074
v 0.1592 0.0439 -0.0608
v 0.1639 0.0448 -0.0512
v 0.1683 0.0453 -0.0409
v 0.1686 0.0417 0.1042
v 0.1629 0.0435 0.1078
v 0.1578 0.0511 -0.0580
v 0.1613 0.0559 -0.0510
v 0.1674 0.0567 -0.0389
v 0.1682 0.0573 0.1029
v 0.1625 0.0564 0.1078
v 0.1602 0.0684 -0.0500
v 0.1656 0.0688 -0.0392
v 0.1694 0.0696 -0.0308
v 0.1690 0.0722 0.0904
v 0.1638 0.0689 0.0995
v 0.1598 0.0650 0.1068
v 0.1595 0.0802 -0.0482
v 0.1642 0.0814 -0.0384
v 0.1685 0.0824 -0.0284
v 0.1676 0.0857 0.0768
v 0.1638 0.0819 0.0861
v 0.1600 0.0781 0.0953
v 0.1584 0.0918 -0.0464
v 0.1614 0.0936 -0.0395
v 0.1667 0.0937 -0.0263
v 0.1690 0.0967 -0.0153
v 0.1695 0.0999 -0.0053
v 0.1696 0.0992 0.0132
v 0.1696 0.0990 0.0234
v 0.1696 0.0990 0.0368
v 0.1689 0.0982 0.0499
v 0.1662 0.0962 0.0617
v 0.1637 0.0924 0.0723
v 0.1600 0.0891 0.0817
v 0.1599 0.1053 -0.0368
v 0.1634 0.1064 -0.0262
v 0.1668 0.1059 -0.0137
v 0.1681 0.1058 -0.0010
v 0.1665 0.1065 0.0113
v 0.1633 0.1055 0.0240
v 0.1629 0.1036 0.0352
v 0.1624 0.1033 0.0479
v 0.1606 0.1015 0.0589
v 0.1592 0.1214 -0.0490
v 0.1623 0.1189 -0.0378
v 0.1649 0.1174 -0.0263
v 0.1670 0.1171 -0.0136
v 0.1670 0.1165 -0.0013
v 0.1661 0.1182 0.0112
v 0.1623 0.1189 0.0236
v 0.1603 0.1220 0.0343
v 0.1611 0.1309 -0.0507
v 0.1673 0.1310 -0.0387
v 0.1694 0.1260 -0.0310
v 0.1685 0.1289 0.0254
v 0.1642 0.1302 0.0356
v 0.1592 0.1314 0.0443
v 0.1611 0.1431 -0.0500
v 0.1674 0.1440 -0.0386
v 0.1695 0.1418 0.0289
v 0.1662 0.1442 0.0367
v 0.1603 0.1442 0.0469
v 0.1609 0.1563 -0.0500
v 0.1670 0.1558 -0.0396
v 0.1697 0.1552 -0.0314
v 0.1680 0.1546 0.0377
v 0.1628 0.1551 0.0483
v 0.1589 0.1587 0.0565
v 0.1613 0.1688 -0.0513
v 0.1681 0.1691 -0.0410
v 0.1694 0.1664 0.0410
v 0.1655 0.1684 0.0486
v 0.1596 0.1691 0.0574
v 0.1615 0.1814 -0.0501
v 0.1679 0.1818 -0.0407
v 0.1663 0.1813 0.0487
v 0.1603 0.1818 0.0578
v 0.1603 0.1924 -0.0478
v 0.1655 0.1948 -0.0383
v 0.1684 0.1984 -0.0289
v 0.1684 0.1962 0.0378
v 0.1633 0.1942 0.0488
v 0.1590 0.1913 0.0566
v 0.1612 0.2058 -0.0382
v 0.1674 0.2060 -0.0267
v 0.1682 0.2064 0.0376
v 0.1633 0.2063 0.0482
v 0.1586 0.2068 0.0560
v 0.1615 0.2187 -0.0386
v 0.1680 0.2191 -0.0266
v 0.1684 0.2181 0.0383
v 0.1637 0.2186 0.0489
v 0.1591 0.2191 0.0570
v 0.1619 0.2313 -0.0383
v 0.1680 0.2310 -0.0262
v 0.1685 0.2307 0.0383
v 0.1642 0.2309 0.0486
v 0.1587 0.2303 0.0583
v 0.1619 0.2441 -0.0380
v 0.1675 0.2440 -0.0262
v 0.1697 0.2469 -0.0193
v 0.1687 0.2434 0.0371
v 0.1641 0.2433 0.0489
v 0.1597 0.2428 0.0571
v 0.1612 0.2562 -0.0388
v 0.1667 0.2569 -0.0266
v 0.1694 0.2576 -0.0182
v 0.1684 0.2551 0.0368
v 0.1639 0.2557 0.0488
v 0.1591 0.2561 0.0579
v 0.1609 0.2687 -0.0385
v 0.1664 0.2690 -0.0259
v 0.1691 0.2691 -0.0167
v 0.1696 0.2713 0.0291
v 0.1680 0.2684 0.0361
v 0.1638 0.2681 0.0481
v 0.1593 0.2689 0.0572
v 0.1606 0.2818 -0.0382
v 0.1654 0.2814 -0.0267
v 0.1688 0.2822 -0.0143
v 0.1698 0.2872 -0.0066
v 0.1694 0.2821 0.0270
v 0.1673 0.2818 0.0363
v 0.1633 0.2808 0.0480
v 0.1588 0.2806 0.0575
v 0.1601 0.2945 -0.0379
v 0.1648 0.2947 -0.0261
v 0.1679 0.2938 -0.0147
v 0.1694 0.2963 -0.0032
v 0.1697 0.2981 0.0127
v 0.1689 0.2944 0.0246
v 0.1667 0.2945 0.0357
v 0.1625 0.2940 0.0484
v 0.1588 0.2944 0.0564
v 0.1600 0.3059 -0.0366
v 0.1637 0.3057 -0.0269
v 0.1670 0.3065 -0.0138
v 0.1686 0.3067 -0.0006
v 0.1689 0.3061 0.0112
v 0.1679 0.3065 0.0234
v 0.1655 0.3064 0.0363
v 0.1617 0.3066 0.0478
v 0.1582 0.3063 0.0557
v 0.1603 0.3243 -0.0591
v 0.1619 0.3225 -0.0504
v 0.1622 0.3197 -0.0380
v 0.1649 0.3185 -0.0270
v 0.1670 0.3179 -0.0139
v 0.1680 0.3172 -0.0022
v 0.1685 0.3171 0.0114
v 0.1676 0.3176 0.0236
v 0.1661 0.3186 0.0365
v 0.1631 0.3192 0.0488
v 0.1629 0.3213 0.0604
v 0.1613 0.3232 0.0710
v 0.1602 0.3339 -0.0717
v 0.1641 0.3306 -0.0627
v 0.1676 0.3277 -0.0524
v 0.1694 0.3254 -0.0425
v 0.1696 0.3253 0.0543
v 0.1687 0.3267 0.0628
v 0.1660 0.3298 0.0743
v 0.1615 0.3322 0.0836
v 0.1611 0.3439 -0.0750
v 0.1674 0.3423 -0.0653
v 0.1695 0.3431 0.0775
v 0.1638 0.3431 0.0861
v 0.1594 0.3460 0.0925
v 0.1584 0.3584 -0.0830
v 0.1628 0.3560 -0.0758
v 0.1686 0.3576 -0.0661
v 0.1696 0.3624 0.0384
v 0.1695 0.3624 0.0476
v 0.1694 0.3624 0.0610
v 0.1693 0.3602 0.0743
v 0.1657 0.3570 0.0856
v 0.1594 0.3579 0.0947
v 0.1584 0.3683 -0.0836
v 0.1619 0.3696 -0.0756
v 0.1650 0.3695 -0.0632
v 0.1642 0.3689 -0.0504
v 0.1627 0.3691 -0.0384
v 0.1647 0.3684 -0.0267
v 0.1660 0.3679 -0.0137
v 0.1671 0.3679 -0.0019
v 0.1679 0.3689 0.0114
v 0.1682 0.3670 0.0238
v 0.1671 0.3688 0.0358
v 0.1641 0.3679 0.0486
v 0.1621 0.3679 0.0604
v 0.1636 0.3677 0.0737
v 0.1620 0.3683 0.0856
v 0.1589 0.3680 0.0944
v 0.1584 0.3764 -0.0731
v 0.1589 0.3754 -0.0654
v 0.1590 0.3813 -0.0386
v 0.1619 0.3814 -0.0263
v 0.1645 0.3829 -0.0128
v 0.1666 0.3828 -0.0009
v 0.1677 0.3795 0.0092
v 0.1660 0.3810 0.0397
v 0.1654 0.3820 0.0475
v 0.1594 0.3812 0.0583
v 0.1585 0.3925 -0.0358
v 0.1617 0.3951 -0.0254
v 0.1643 0.3938 -0.0141
v 0.1654 0.3893 -0.0044
v 0.1640 0.3945 0.0413
v 0.1646 0.3944 0.0472
v 0.1586 0.3934 0.0584
v 0.1577 0.4042 -0.0342
v 0.1637 0.4067 -0.0259
v 0.1620 0.4082 -0.0175
v 0.1633 0.4069 0.0485
v 0.1583 0.4037 0.0570
v 0.1679 0.4217 -0.0342
v 0.1616 0.4182 -0.0256
v 0.1604 0.4161 -0.0170
v 0.1617 0.4180 0.0412
v 0.1633 0.4182 0.0471
v 0.1648 0.4321 -0.0376
v 0.1593 0.4288 -0.0299
v 0.1593 0.4264 0.0417
v 0.1629 0.4309 0.0478
v 0.1689 0.4457 -0.0461
v 0.1625 0.4434 -0.0411
v 0.1620 0.4444 0.0510
v 0.1685 0.4453 0.0560
v 0.1650 0.4570 -0.0475
v 0.1609 0.4520 -0.0437
v 0.1624 0.4531 0.0532
v 0.1659 0.4584 0.0570
v 0.1644 0.4686 -0.0520
v 0.1644 0.4691 0.0613
v 0.1639 0.4812 -0.0549
v 0.1643 0.4820 0.0647
v 0.1635 0.4939 -0.0560
v 0.1636 0.4941 0.0660
v 0.1643 0.5065 -0.0553
v 0.1636 0.5066 0.0655
v 0.1643 0.5187 -0.0526
v 0.1645 0.5185 0.0633
v 0.1634 0.5299 -0.0486
v 0.1687 0.5361 -0.0433
v 0.1633 0.5314 0.0587
v 0.1607 0.5378 -0.0454
v 0.1643 0.5434 -0.0397
v 0.1641 0.5448 0.0502
v 0.1611 0.5386 0.0555
v 0.1617 0.5511 -0.0339
v 0.1642 0.5558 -0.0260
v 0.1654 0.5611 -0.0150
v 0.1662 0.5614 0.0263
v 0.1643 0.5571 0.0363
v 0.1630 0.5519 0.0441
v 0.1619 0.5640 -0.0111
v 0.1633 0.5653 -0.0014
v 0.1645 0.5652 0.0110
v 0.1619 0.5640 0.0224
v 0.1573 0.6243 0.0050
v 0.1575 0.6242 0.0118
v 0.1574 0.6242 0.0231
v 0.1593 0.6360 -0.0620
v 0.1613 0.6350 -0.0513
v 0.1627 0.6335 -0.0384
v 0.1637 0.6324 -0.0266
v 0.1636 0.6308 -0.0144
v 0.1645 0.6307 -0.0018
v 0.1642 0.6300 0.0107
v 0.1646 0.6305 0.0237
v 0.1646 0.6313 0.0365
v 0.1637 0.6322 0.0491
v 0.1620 0.6329 0.0612
v 0.1607 0.6347 0.0730
v 0.1584 0.6354 0.0828
v 0.1576 0.6488 -0.0952
v 0.1614 0.6477 -0.0862
v 0.1630 0.6444 -0.0756
v 0.1651 0.6419 -0.0632
v 0.1670 0.6404 -0.0520
v 0.1687 0.6391 -0.0393
v 0.1698 0.6384 -0.0298
v 0.1697 0.6388 0.0527
v 0.1687 0.6398 0.0610
v 0.1668 0.6421 0.0744
v 0.1634 0.6426 0.0866
v 0.1611 0.6459 0.0994
v 0.1595 0.6486 0.1085
v 0.1593 0.6617 -0.1087
v 0.1627 0.6575 -0.0995
v 0.1666 0.6549 -0.0888
v 0.1690 0.6523 -0.0788
v 0.1697 0.6507 0.0873
v 0.1673 0.6538 0.0995
v 0.1638 0.6566 0.1108
v 0.1595 0.6591 0.1199
v 0.1594 0.6730 -0.1201
v 0.1625 0.6686 -0.1126
v 0.1676 0.6667 -0.1036
v 0.1679 0.6671 0.1149
v 0.1623 0.6691 0.1235
v 0.1575 0.6717 0.1301
v 0.1610 0.6820 -0.1249
v 0.1668 0.6788 -0.1164
v 0.1639 0.6811 0.1258
v 0.1596 0.6957 -0.1351
v 0.1648 0.6923 -0.1276
v 0.1693 0.6876 -0.1198
v 0.1618 0.6980 0.1156
v 0.1648 0.6924 0.1217
v 0.1621 0.7066 -0.1383
v 0.1682 0.7042 -0.1306
v 0.1635 0.7063 0.1112
v 0.1592 0.7217 -0.1475
v 0.1648 0.7176 -0.1402
v 0.1665 0.7206 0.1039
v 0.1635 0.7157 0.1070
v 0.1609 0.7317 -0.1493
v 0.1678 0.7311 -0.1418
v 0.1634 0.7312 0.1014
v 0.1575 0.7315 0.1050
v 0.1632 0.7436 -0.1500
v 0.1691 0.7441 -0.1437
v 0.1645 0.7429 0.0995
v 0.1590 0.7436 0.1076
v 0.1637 0.7563 -0.1517
v 0.1695 0.7534 -0.1449
v 0.1650 0.7557 0.0985
v 0.1594 0.7557 0.1093
v 0.1575 0.7713 -0.1594
v 0.1647 0.7685 -0.1518
v 0.1650 0.7691 0.0981
v 0.1600 0.7686 0.1087
v 0.1575 0.7807 -0.1595
v 0.1643 0.7813 -0.1526
v 0.1649 0.7814 0.0977
v 0.1598 0.7821 0.1089
v 0.1576 0.7900 -0.1591
v 0.1650 0.7938 -0.1511
v 0.1650 0.7947 0.0974
v 0.1596 0.7940 0.1092
v 0.1632 0.8055 -0.1513
v 0.1691 0.8064 -0.1447
v 0.1644 0.8068 0.0984
v 0.1589 0.8062 0.1087
v 0.1619 0.8179 -0.1496
v 0.1677 0.8194 -0.1429
v 0.1629 0.8194 0.0991
v 0.1586 0.8141 0.1069
v 0.1594 0.8304 -0.1478
v 0.1655 0.8325 -0.1405
v 0.1645 0.8317 0.1007
v 0.1633 0.8423 -0.1383
v 0.1681 0.8464 -0.1309
v 0.1656 0.8428 0.1026
v 0.1609 0.8448 0.1067
v 0.1600 0.8543 -0.1354
v 0.1654 0.8572 -0.1278
v 0.1697 0.8616 -0.1200
v 0.1650 0.8531 0.1044
v 0.1632 0.8576 0.1080
v 0.1617 0.8678 -0.1252
v 0.1674 0.8707 -0.1164
v 0.1645 0.8687 0.1134
v 0.1586 0.8777 -0.1217
v 0.1632 0.8809 -0.1135
v 0.1681 0.8840 -0.1047
v 0.1658 0.8806 0.1156
v 0.1606 0.8825 0.1186
v 0.1599 0.8900 -0.1096
v 0.1642 0.8933 -0.1008
v 0.1684 0.8971 -0.0898
v 0.1681 0.8974 0.1032
v 0.1636 0.8934 0.1120
v 0.1586 0.8920 0.1188
v 0.1597 0.9031 -0.0967
v 0.1636 0.9061 -0.0868
v 0.1673 0.9080 -0.0774
v 0.1695 0.9107 -0.0693
v 0.1697 0.9111 0.0781
v 0.1675 0.9091 0.0870
v 0.1630 0.9061 0.0994
v 0.1599 0.9016 0.1083
v 0.1589 0.9139 -0.0844
v 0.1621 0.9166 -0.0745
v 0.1649 0.9187 -0.0645
v 0.1673 0.9215 -0.0525
v 0.1689 0.9237 -0.0412
v 0.1697 0.9238 0.0505
v 0.1677 0.9218 0.0615
v 0.1653 0.9191 0.0735
v 0.1615 0.9180 0.0845
v 0.1590 0.9142 0.0953
v 0.1590 0.9270 -0.0606
v 0.1613 0.9287 -0.0504
v 0.1635 0.9305 -0.0383
v 0.1655 0.9316 -0.0269
v 0.1671 0.9325 -0.0139
v 0.1675 0.9336 -0.0009
v 0.1676 0.9338 0.0122
v 0.1671 0.9335 0.0243
v 0.1663 0.9321 0.0367
v 0.1642 0.9313 0.0485
v 0.1614 0.9300 0.0608
v 0.1593 0.9279 0.0708
v 0.1573 0.9255 0.0804
v 0.1587 0.9387 -0.0247
v 0.1605 0.9391 -0.0134
v 0.1617 0.9394 -0.0012
v 0.1611 0.9405 0.0115
v 0.1607 0.9402 0.0231
v 0.1597 0.9396 0.0352
v 0.1584 0.9387 0.0460
v 0.1763 0.0118 -0.0102
v 0.1763 0.0101 -0.0011
v 0.1762 0.0077 0.0121
v 0.1752 0.0059 0.0241
v 0.1769 0.0043 0.0365
v 0.1765 0.0029 0.0491
v 0.1758 0.0018 0.0615
v 0.1775 0.0012 0.0742
v 0.1772 0.0037 0.0862
v 0.1740 0.0088 0.0957
v 0.1731 0.0214 -0.0369
v 0.1765 0.0180 -0.0261
v 0.1785 0.0143 -0.0164
v 0.1819 0.0151 0.0918
v 0.1765 0.0192 0.0981
v 0.1701 0.0305 -0.0465
v 0.1738 0.0309 -0.0388
v 0.1792 0.0319 -0.0268
v 0.1816 0.0355 -0.0183
v 0.1815 0.0367 0.0920
v 0.1762 0.0314 0.0980
v 0.1714 0.0423 -0.0361
v 0.1755 0.0431 -0.0264
v 0.1802 0.0446 -0.0154
v 0.1817 0.0397 0.0924
v 0.1763 0.0443 0.0980
v 0.1703 0.0552 -0.0333
v 0.1738 0.0555 -0.0260
v 0.1792 0.0564 -0.0138
v 0.1821 0.0604 -0.0067
v 0.1806 0.0579 0.0897
v 0.1749 0.0558 0.0973
v 0.1728 0.0680 -0.0241
v 0.1769 0.0690 -0.0139
v 0.1806 0.0704 -0.0044
v 0.1799 0.0723 0.0761
v 0.1759 0.0684 0.0859
v 0.1719 0.0639 0.0950
v 0.1714 0.0794 -0.0226
v 0.1741 0.0813 -0.0139
v 0.1783 0.0809 -0.0008
v 0.1803 0.0846 0.0096
v 0.1818 0.0860 0.0238
v 0.1819 0.0862 0.0371
v 0.1820 0.0861 0.0482
v 0.1793 0.0838 0.0623
v 0.1753 0.0809 0.0722
v 0.1717 0.0775 0.0814
v 0.1716 0.0909 -0.0131
v 0.1729 0.0931 -0.0016
v 0.1749 0.0924 0.0113
v 0.1753 0.0940 0.0235
v 0.1762 0.0928 0.0362
v 0.1761 0.0923 0.0484
v 0.1742 0.0904 0.0595
v 0.1715 0.0881 0.0676
v 0.1701 0.1233 -0.0222
v 0.1712 0.1236 -0.0136
v 0.1715 0.1239 -0.0009
v 0.1719 0.1311 -0.0254
v 0.1738 0.1306 -0.0139
v 0.1741 0.1303 -0.0019
v 0.1728 0.1303 0.0108
v 0.1710 0.1323 0.0209
v 0.1700 0.1377 -0.0328
v 0.1721 0.1441 -0.0258
v 0.1747 0.1436 -0.0134
v 0.1755 0.1438 -0.0012
v 0.1744 0.1431 0.0111
v 0.1720 0.1442 0.0221
v 0.1710 0.1597 -0.0339
v 0.1726 0.1565 -0.0261
v 0.1754 0.1568 -0.0145
v 0.1766 0.1564 -0.0016
v 0.1757 0.1561 0.0117
v 0.1733 0.1562 0.0239
v 0.1713 0.1581 0.0337
v 0.1713 0.1693 -0.0345
v 0.1745 0.1685 -0.0260
v 0.1775 0.1693 -0.0136
v 0.1787 0.1692 -0.0013
v 0.1780 0.1685 0.0115
v 0.1756 0.1689 0.0245
v 0.1721 0.1690 0.0352
v 0.1711 0.1810 -0.0349
v 0.1746 0.1813 -0.0257
v 0.1778 0.1815 -0.0133
v 0.1791 0.1817 -0.0005
v 0.1786 0.1824 0.0110
v 0.1763 0.1815 0.0239
v 0.1724 0.1823 0.0359
v 0.1708 0.1877 -0.0333
v 0.1722 0.1939 -0.0254
v 0.1750 0.1945 -0.0141
v 0.1767 0.1944 -0.0016
v 0.1762 0.1948 0.0112
v 0.1741 0.1947 0.0231
v 0.1718 0.1926 0.0334
v 0.1718 0.2067 -0.0144
v 0.1740 0.2063 -0.0011
v 0.1739 0.2063 0.0117
v 0.1721 0.2063 0.0244
v 0.1705 0.2099 0.0313
v 0.1701 0.2180 -0.0210
v 0.1723 0.2190 -0.0132
v 0.1743 0.2189 -0.0009
v 0.1743 0.2184 0.0116
v 0.1727 0.2193 0.0233
v 0.1707 0.2189 0.0314
v 0.1701 0.2252 -0.0209
v 0.1719 0.2310 -0.0138
v 0.1738 0.2316 -0.0022
v 0.1741 0.2306 0.0111
v 0.1725 0.2313 0.0236
v 0.1707 0.2289 0.0316
v 0.1714 0.2438 -0.0134
v 0.1733 0.2438 -0.0005
v 0.1735 0.2437 0.0104
v 0.1721 0.2432 0.0233
v 0.1705 0.2402 0.0315
v 0.1710 0.2560 -0.0119
v 0.1724 0.2571 -0.0020
v 0.1726 0.2569 0.0118
v 0.1713 0.2556 0.0241
v 0.1699 0.2583 0.0305
v 0.1705 0.2686 -0.0106
v 0.1716 0.2689 -0.0012
v 0.1718 0.2693 0.0104
v 0.1708 0.2686 0.0220
v 0.1700 0.2795 -0.0088
v 0.1708 0.2813 -0.0008
v 0.1710 0.2817 0.0105
v 0.1703 0.2803 0.0213
v 0.1701 0.2910 0.0006
v 0.1702 0.2918 0.0116
v 0.1699 0.2913 0.0183
v 0.1715 0.3236 -0.0255
v 0.1723 0.3226 -0.0131
v 0.1727 0.3219 -0.0006
v 0.1731 0.3224 0.0113
v 0.1719 0.3223 0.0238
v 0.1712 0.3233 0.0359
v 0.1699 0.3231 0.0433
v 0.1715 0.3329 -0.0498
v 0.1732 0.3313 -0.0387
v 0.1749 0.3305 -0.0265
v 0.1767 0.3308 -0.0139
v 0.1776 0.3305 -0.0007
v 0.1772 0.3301 0.0121
v 0.1763 0.3304 0.0244
v 0.1749 0.3305 0.0370
v 0.1731 0.3306 0.0493
v 0.1719 0.3325 0.0607
v 0.1713 0.3357 0.0688
v 0.1712 0.3446 -0.0596
v 0.1742 0.3425 -0.0514
v 0.1771 0.3436 -0.0388
v 0.1787 0.3433 -0.0260
v 0.1799 0.3427 -0.0143
v 0.1806 0.3432 -0.0017
v 0.1807 0.3435 0.0107
v 0.1802 0.3435 0.0235
v 0.1791 0.3449 0.0357
v 0.1768 0.3436 0.0478
v 0.1749 0.3430 0.0607
v 0.1717 0.3439 0.0728
v 0.1715 0.3563 -0.0599
v 0.1741 0.3568 -0.0509
v 0.1756 0.3569 -0.0386
v 0.1765 0.3564 -0.0265
v 0.1774 0.3561 -0.0135
v 0.1783 0.3565 0.0000
v 0.1774 0.3578 0.0087
v 0.1717 0.3624 0.0189
v 0.1761 0.3545 0.0401
v 0.1763 0.3565 0.0484
v 0.1761 0.3568 0.0595
v 0.1718 0.3553 0.0717
v 0.1699 0.3646 -0.0580
v 0.1711 0.3638 -0.0507
v 0.1713 0.3635 -0.0396
v 0.1737 0.3648 -0.0254
v 0.1781 0.3695 -0.0124
v 0.1769 0.3684 -0.0013
v 0.1728 0.3674 0.0100
v 0.1706 0.3648 0.0225
v 0.1706 0.3664 0.0381
v 0.1730 0.3694 0.0489
v 0.1792 0.3696 0.0611
v 0.1789 0.3837 -0.0248
v 0.1750 0.3808 -0.0146
v 0.1720 0.3783 -0.0015
v 0.1719 0.3806 0.0515
v 0.1770 0.3815 0.0600
v 0.1795 0.3963 -0.0354
v 0.1741 0.3934 -0.0272
v 0.1707 0.3893 -0.0179
v 0.1708 0.3923 0.0533
v 0.1768 0.3937 0.0612
v 0.1762 0.4076 -0.0380
v 0.1709 0.4088 -0.0307
v 0.1699 0.4078 0.0548
v 0.1759 0.4066 0.0609
v 0.1775 0.4177 -0.0396
v 0.1711 0.4140 -0.0317
v 0.1722 0.4189 0.0530
v 0.1779 0.4181 0.0598
v 0.1786 0.4329 -0.0465
v 0.1739 0.4289 -0.0426
v 0.1700 0.4302 0.0542
v 0.1759 0.4317 0.0584
v 0.1762 0.4438 -0.0486
v 0.1756 0.4439 0.0596
v 0.1760 0.4568 -0.0506
v 0.1764 0.4569 0.0598
v 0.1768 0.4685 -0.0526
v 0.1777 0.4678 0.0616
v 0.1759 0.4811 -0.0550
v 0.1754 0.4810 0.0650
v 0.1765 0.4939 -0.0552
v 0.1768 0.4934 0.0657
v 0.1762 0.5063 -0.0535
v 0.1766 0.5063 0.0644
v 0.1764 0.5192 -0.0493
v 0.1770 0.5181 0.0612
v 0.1740 0.5276 -0.0462
v 0.1780 0.5329 -0.0408
v 0.1773 0.5344 0.0533
v 0.1759 0.5286 0.0571
v 0.1755 0.5411 -0.0356
v 0.1779 0.5467 -0.0277
v 0.1792 0.5481 0.0396
v 0.1759 0.5427 0.0473
v 0.1736 0.5524 -0.0235
v 0.1763 0.5555 -0.0142
v 0.1770 0.5589 -0.0017
v 0.1761 0.5601 0.0112
v 0.1762 0.5578 0.0233
v 0.1755 0.5529 0.0353
v 0.1708 0.5628 0.0041
v 0.1716 0.5625 0.0079
v 0.1705 0.6368 -0.0121
v 0.1715 0.6370 -0.0024
v 0.1716 0.6367 0.0123
v 0.1715 0.6370 0.0256
v 0.1708 0.6368 0.0327
v 0.1713 0.6481 -0.0623
v 0.1731 0.6464 -0.0507
v 0.1748 0.6452 -0.0384
v 0.1761 0.6443 -0.0265
v 0.1770 0.6436 -0.0134
v 0.1782 0.6438 -0.0014
v 0.1777 0.6429 0.0117
v 0.1773 0.6429 0.0245
v 0.1774 0.6442 0.0362
v 0.1754 0.6442 0.0485
v 0.1735 0.6454 0.0616
v 0.1725 0.6480 0.0725
v 0.1706 0.6492 0.0811
v 0.1725 0.6602 -0.0855
v 0.1752 0.6583 -0.0755
v 0.1775 0.6559 -0.0634
v 0.1789 0.6535 -0.0517
v 0.1811 0.6525 -0.0390
v 0.1820 0.6510 -0.0271
v 0.1814 0.6514 0.0495
v 0.1803 0.6536 0.0615
v 0.1779 0.6552 0.0735
v 0.1751 0.6568 0.0854
v 0.1726 0.6595 0.0965
v 0.1732 0.6708 -0.1000
v 0.1778 0.6688 -0.0881
v 0.1805 0.6658 -0.0766
v 0.1820 0.6634 -0.0680
v 0.1821 0.6634 0.0791
v 0.1804 0.6660 0.0885
v 0.1770 0.6682 0.0993
v 0.1727 0.6697 0.1096
v 0.1729 0.6836 -0.1124
v 0.1781 0.6807 -0.1026
v 0.1815 0.6769 -0.0920
v 0.1810 0.6778 0.1029
v 0.1769 0.6813 0.1121
v 0.1716 0.6829 0.1202
v 0.1722 0.6974 -0.1225
v 0.1770 0.6932 -0.1141
v 0.1817 0.6876 -0.1034
v 0.1797 0.6936 0.1149
v 0.1740 0.6944 0.1199
v 0.1748 0.7065 -0.1243
v 0.1806 0.7046 -0.1166
v 0.1769 0.7067 0.1154
v 0.1752 0.7015 0.1183
v 0.1712 0.7216 -0.1347
v 0.1772 0.7187 -0.1269
v 0.1819 0.7144 -0.1198
v 0.1724 0.7218 0.1034
v 0.1776 0.7172 0.1103
v 0.1730 0.7307 -0.1358
v 0.1793 0.7302 -0.1284
v 0.1749 0.7309 0.1007
v 0.1804 0.7279 0.1059
v 0.1747 0.7436 -0.1372
v 0.1807 0.7428 -0.1301
v 0.1762 0.7431 0.0979
v 0.1700 0.7579 -0.1451
v 0.1762 0.7558 -0.1376
v 0.1813 0.7541 -0.1314
v 0.1768 0.7550 0.0964
v 0.1761 0.7693 -0.1389
v 0.1819 0.7688 -0.1322
v 0.1768 0.7680 0.0956
v 0.1709 0.7804 -0.1453
v 0.1764 0.7812 -0.1389
v 0.1820 0.7802 -0.1323
v 0.1765 0.7811 0.0953
v 0.1749 0.7938 -0.1399
v 0.1817 0.7935 -0.1319
v 0.1769 0.7943 0.0953
v 0.1748 0.8063 -0.1381
v 0.1811 0.8074 -0.1306
v 0.1766 0.8070 0.0959
v 0.1731 0.8190 -0.1368
v 0.1793 0.8197 -0.1294
v 0.1762 0.8190 0.0974
v 0.1722 0.8291 -0.1344
v 0.1773 0.8323 -0.1270
v 0.1820 0.8358 -0.1195
v 0.1756 0.8320 0.0997
v 0.1819 0.8368 0.1056
v 0.1737 0.8438 -0.1257
v 0.1795 0.8453 -0.1176
v 0.1738 0.8411 0.1020
v 0.1785 0.8454 0.1070
v 0.1723 0.8536 -0.1218
v 0.1773 0.8560 -0.1139
v 0.1812 0.8601 -0.1058
v 0.1770 0.8565 0.1099
v 0.1732 0.8677 -0.1113
v 0.1789 0.8691 -0.1017
v 0.1819 0.8727 -0.0941
v 0.1816 0.8733 0.1042
v 0.1765 0.8687 0.1107
v 0.1743 0.8793 -0.0995
v 0.1790 0.8819 -0.0899
v 0.1820 0.8851 -0.0809
v 0.1820 0.8854 0.0919
v 0.1795 0.8826 0.1003
v 0.1738 0.8806 0.1092
v 0.1708 0.8883 -0.0962
v 0.1740 0.8922 -0.0863
v 0.1782 0.8943 -0.0761
v 0.1808 0.8973 -0.0656
v 0.1808 0.8971 0.0747
v 0.1788 0.8936 0.0864
v 0.1745 0.8927 0.0977
v 0.1709 0.8904 0.1060
v 0.1731 0.9024 -0.0748
v 0.1758 0.9060 -0.0627
v 0.1794 0.9068 -0.0511
v 0.1804 0.9098 -0.0406
v 0.1820 0.9112 -0.0299
v 0.1821 0.9110 0.0399
v 0.1806 0.9091 0.0506
v 0.1787 0.9069 0.0618
v 0.1754 0.9058 0.0731
v 0.1731 0.9030 0.0844
v 0.1699 0.9016 0.0945
v 0.1718 0.9130 -0.0595
v 0.1727 0.9159 -0.0504
v 0.1748 0.9177 -0.0384
v 0.1775 0.9179 -0.0266
v 0.1780 0.9199 -0.0146
v 0.1787 0.9206 -0.0016
v 0.1788 0.9207 0.0107
v 0.1788 0.9196 0.0231
v 0.1773 0.9187 0.0359
v 0.1750 0.9181 0.0473
v 0.1729 0.9159 0.0595
v 0.1711 0.9142 0.0681
v 0.1710 0.9261 -0.0247
v 0.1721 0.9271 -0.0126
v 0.1732 0.9272 -0.0012
v 0.1732 0.9275 0.0108
v 0.1722 0.9275 0.0242
v 0.1716 0.9259 0.0362
v 0.1699 0.9261 0.0430
v 0.1861 0.0111 0.0006
v 0.1890 0.0094 0.0115
v 0.1891 0.0068 0.0239
v 0.1889 0.0048 0.0364
v 0.1896 0.0038 0.0486
v 0.1900 0.0040 0.0613
v 0.1883 0.0056 0.0729
v 0.1855 0.0093 0.0833
v 0.1825 0.0233 -0.0215
v 0.1858 0.0199 -0.0123
v 0.1904 0.0188 -0.0013
v 0.1938 0.0179 0.0078
v 0.1933 0.0182 0.0760
v 0.1875 0.0194 0.0860
v 0.1827 0.0200 0.0926
v 0.1829 0.0274 -0.0209
v 0.1852 0.0309 -0.0133
v 0.1899 0.0317 -0.0007
v 0.1932 0.0333 0.0099
v 0.1933 0.0327 0.0757
v 0.1875 0.0316 0.0858
v 0.1832 0.0430 -0.0093
v 0.1865 0.0436 -0.0022
v 0.1919 0.0435 0.0102
v 0.1943 0.0477 0.0192
v 0.1931 0.0442 0.0738
v 0.1868 0.0438 0.0857
v 0.1858 0.0567 -0.0011
v 0.1905 0.0568 0.0113
v 0.1934 0.0570 0.0233
v 0.1942 0.0604 0.0357
v 0.1943 0.0606 0.0501
v 0.1942 0.0596 0.0606
v 0.1917 0.0568 0.0735
v 0.1860 0.0552 0.0839
v 0.1842 0.0684 0.0008
v 0.1874 0.0688 0.0108
v 0.1900 0.0691 0.0235
v 0.1913 0.0691 0.0364
v 0.1913 0.0688 0.0490
v 0.1911 0.0688 0.0604
v 0.1869 0.0672 0.0716
v 0.1830 0.0759 0.0038
v 0.1843 0.0780 0.0122
v 0.1852 0.0797 0.0233
v 0.1861 0.0797 0.0361
v 0.1858 0.0803 0.0487
v 0.1861 0.0786 0.0592
v 0.1936 0.3352 0.0017
v 0.1923 0.3332 0.0112
v 0.1917 0.3319 0.0235
v 0.1917 0.3330 0.0360
v 0.1931 0.3349 0.0470
v 0.1935 0.3467 -0.0098
v 0.1906 0.3441 -0.0010
v 0.1868 0.3434 0.0101
v 0.1856 0.3416 0.0234
v 0.1852 0.3427 0.0365
v 0.1873 0.3436 0.0478
v 0.1917 0.3449 0.0593
v 0.1941 0.3499 0.0679
v 0.1934 0.3609 -0.0219
v 0.1913 0.3567 -0.0136
v 0.1860 0.3555 -0.0027
v 0.1832 0.3501 0.0059
v 0.1851 0.3520 0.0506
v 0.1881 0.3561 0.0620
v 0.1925 0.3581 0.0690
v 0.1942 0.3745 -0.0335
v 0.1899 0.3698 -0.0257
v 0.1857 0.3663 -0.0154
v 0.1830 0.3645 -0.0065
v 0.1838 0.3656 0.0663
v 0.1900 0.3690 0.0731
v 0.1903 0.3832 -0.0358
v 0.1862 0.3789 -0.0294
v 0.1888 0.3818 0.0733
v 0.1946 0.3997 -0.0455
v 0.1888 0.3938 -0.0404
v 0.1826 0.3925 0.0673
v 0.1889 0.3936 0.0727
v 0.1900 0.4083 -0.0469
v 0.1846 0.4046 -0.0432
v 0.1891 0.4053 0.0717
v 0.1903 0.4182 -0.0479
v 0.1847 0.4187 -0.0441
v 0.1865 0.4222 0.0645
v 0.1903 0.4189 0.0705
v 0.1890 0.4316 -0.0495
v 0.1884 0.4304 0.0644
v 0.1943 0.4253 0.0678
v 0.1882 0.4446 -0.0519
v 0.1884 0.4434 0.0645
v 0.1892 0.4564 -0.0531
v 0.1890 0.4559 0.0635
v 0.1889 0.4694 -0.0524
v 0.1893 0.4686 0.0613
v 0.1884 0.4808 -0.0534
v 0.1881 0.4807 0.0632
v 0.1890 0.4933 -0.0528
v 0.1888 0.4937 0.0634
v 0.1887 0.5058 -0.0501
v 0.1891 0.5063 0.0611
v 0.1868 0.5158 -0.0470
v 0.1909 0.5207 -0.0419
v 0.1927 0.5208 0.0543
v 0.1890 0.5187 0.0573
v 0.1882 0.5295 -0.0370
v 0.1924 0.5337 -0.0311
v 0.1894 0.5322 0.0505
v 0.1918 0.5271 0.0557
v 0.1839 0.5376 -0.0333
v 0.1895 0.5415 -0.0248
v 0.1896 0.5469 -0.0146
v 0.1924 0.5492 -0.0028
v 0.1936 0.5497 0.0140
v 0.1921 0.5478 0.0245
v 0.1889 0.5441 0.0366
v 0.1880 0.5393 0.0441
v 0.1845 0.5513 -0.0120
v 0.1870 0.5525 -0.0010
v 0.1877 0.5529 0.0112
v 0.1861 0.5520 0.0230
v 0.1837 0.6498 0.0015
v 0.1837 0.6496 0.0104
v 0.1831 0.6491 0.0215
v 0.1832 0.6617 -0.0595
v 0.1843 0.6596 -0.0494
v 0.1856 0.6580 -0.0378
v 0.1873 0.6577 -0.0264
v 0.1876 0.6562 -0.0140
v 0.1880 0.6556 -0.0014
v 0.1887 0.6561 0.0113
v 0.1883 0.6562 0.0233
v 0.1874 0.6565 0.0360
v 0.1864 0.6579 0.0483
v 0.1852 0.6598 0.0600
v 0.1835 0.6605 0.0681
v 0.1851 0.6714 -0.0747
v 0.1873 0.6691 -0.0632
v 0.1906 0.6695 -0.0513
v 0.1918 0.6676 -0.0400
v 0.1929 0.6663 -0.0278
v 0.1937 0.6653 -0.0148
v 0.1941 0.6646 -0.0015
v 0.1942 0.6645 0.0118
v 0.1940 0.6648 0.0228
v 0.1929 0.6650 0.0371
v 0.1925 0.6674 0.0490
v 0.1906 0.6686 0.0610
v 0.1871 0.6683 0.0735
v 0.1851 0.6712 0.0849
v 0.1828 0.6739 0.0946
v 0.1837 0.6849 -0.0970
v 0.1863 0.6821 -0.0877
v 0.1903 0.6810 -0.0759
v 0.1926 0.6789 -0.0651
v 0.1940 0.6765 -0.0548
v 0.1942 0.6764 0.0643
v 0.1926 0.6785 0.0742
v 0.1903 0.6813 0.0859
v 0.1861 0.6827 0.0973
v 0.1824 0.6861 0.1073
v 0.1838 0.6999 -0.1095
v 0.1860 0.6937 -0.1009
v 0.1913 0.6936 -0.0892
v 0.1937 0.6898 -0.0783
v 0.1934 0.6908 0.0896
v 0.1901 0.6937 0.0993
v 0.1850 0.6941 0.1081
v 0.1855 0.7070 -0.1111
v 0.1905 0.7060 -0.1019
v 0.1937 0.7031 -0.0927
v 0.1933 0.7048 0.1005
v 0.1871 0.7062 0.1102
v 0.1840 0.7233 -0.1207
v 0.1879 0.7187 -0.1133
v 0.1934 0.7177 -0.1036
v 0.1941 0.7171 0.1045
v 0.1884 0.7184 0.1103
v 0.1844 0.7319 -0.1228
v 0.1903 0.7312 -0.1144
v 0.1942 0.7286 -0.1075
v 0.1832 0.7345 0.1049
v 0.1892 0.7300 0.1083
v 0.1856 0.7437 -0.1242
v 0.1919 0.7429 -0.1152
v 0.1855 0.7443 0.1032
v 0.1914 0.7421 0.1064
v 0.1867 0.7569 -0.1249
v 0.1921 0.7551 -0.1169
v 0.1875 0.7561 0.1022
v 0.1928 0.7531 0.1053
v 0.1870 0.7693 -0.1257
v 0.1925 0.7687 -0.1175
v 0.1890 0.7687 0.1021
v 0.1869 0.7819 -0.1261
v 0.1925 0.7815 -0.1176
v 0.1890 0.7818 0.1017
v 0.1872 0.7934 -0.1249
v 0.1925 0.7941 -0.1164
v 0.1896 0.7943 0.1023
v 0.1859 0.8057 -0.1247
v 0.1917 0.8059 -0.1156
v 0.1885 0.8068 0.1024
v 0.1848 0.8179 -0.1229
v 0.1903 0.8187 -0.1141
v 0.1942 0.8216 -0.1074
v 0.1885 0.8188 0.1036
v 0.1897 0.8228 0.1051
v 0.1838 0.8268 -0.1211
v 0.1877 0.8316 -0.1129
v 0.1927 0.8329 -0.1045
v 0.1907 0.8303 0.1040
v 0.1876 0.8323 0.1059
v 0.1850 0.8435 -0.1112
v 0.1898 0.8443 -0.1023
v 0.1944 0.8476 -0.0924
v 0.1923 0.8443 0.1027
v 0.1865 0.8439 0.1071
v 0.1863 0.8558 -0.1002
v 0.1921 0.8577 -0.0890
v 0.1945 0.8608 -0.0802
v 0.1943 0.8605 0.0915
v 0.1910 0.8568 0.0998
v 0.1854 0.8550 0.1071
v 0.1839 0.8664 -0.0961
v 0.1874 0.8682 -0.0886
v 0.1921 0.8696 -0.0764
v 0.1942 0.8728 -0.0668
v 0.1942 0.8732 0.0767
v 0.1923 0.8697 0.0867
v 0.1869 0.8685 0.0990
v 0.1830 0.8667 0.1059
v 0.1840 0.8785 -0.0846
v 0.1873 0.8802 -0.0752
v 0.1911 0.8812 -0.0636
v 0.1934 0.8838 -0.0523
v 0.1944 0.8863 -0.0436
v 0.1945 0.8862 0.0523
v 0.1933 0.8837 0.0616
v 0.1907 0.8818 0.0733
v 0.1868 0.8813 0.0855
v 0.1845 0.8783 0.0952
v 0.1841 0.8882 -0.0714
v 0.1849 0.8923 -0.0630
v 0.1883 0.8930 -0.0513
v 0.1914 0.8933 -0.0393
v 0.1929 0.8952 -0.0272
v 0.1934 0.8975 -0.0143
v 0.1942 0.8979 -0.0014
v 0.1942 0.8979 0.0113
v 0.1935 0.8973 0.0247
v 0.1927 0.8954 0.0367
v 0.1910 0.8938 0.0485
v 0.1877 0.8935 0.0607
v 0.1852 0.8914 0.0724
v 0.1840 0.8884 0.0813
v 0.1841 0.9015 -0.0480
v 0.1854 0.9038 -0.0373
v 0.1863 0.9060 -0.0259
v 0.1877 0.9066 -0.0143
v 0.1892 0.9060 -0.0015
v 0.1893 0.9059 0.0118
v 0.1882 0.9061 0.0242
v 0.1865 0.9060 0.0357
v 0.1852 0.9036 0.0477
v 0.1833 0.9016 0.0587
v 0.1834 0.9130 -0.0136
v 0.1839 0.9139 -0.0004
v 0.1839 0.9140 0.0103
v 0.1835 0.9132 0.0240
v 0.1964 0.0104 0.0255
v 0.1974 0.0091 0.0368
v 0.1972 0.0087 0.0482
v 0.1966 0.0103 0.0591
v 0.1961 0.0201 0.0133
v 0.1988 0.0193 0.0236
v 0.2007 0.0189 0.0360
v 0.2009 0.0193 0.0485
v 0.1988 0.0191 0.0615
v 0.1963 0.0207 0.0706
v 0.1960 0.0288 0.0135
v 0.1980 0.0312 0.0235
v 0.2003 0.0315 0.0362
v 0.2005 0.0319 0.0485
v 0.1988 0.0315 0.0615
v 0.1963 0.0307 0.0704
v 0.1961 0.0435 0.0245
v 0.1978 0.0433 0.0356
v 0.1981 0.0438 0.0483
v 0.1966 0.0434 0.0615
v 0.1953 0.0490 0.0678
v 0.1951 0.0517 0.0268
v 0.1957 0.0547 0.0370
v 0.1960 0.0543 0.0477
v 0.1954 0.0538 0.0613
v 0.1951 0.0528 0.0686
v 0.2051 0.2850 0.0748
v 0.2052 0.2849 0.0833
v 0.2051 0.2952 0.0656
v 0.2005 0.2934 0.0732
v 0.2012 0.2933 0.0862
v 0.2056 0.2954 0.0938
v 0.2046 0.3063 0.0638
v 0.1983 0.3060 0.0728
v 0.1983 0.3056 0.0854
v 0.2044 0.3057 0.0946
v 0.2056 0.3162 0.0644
v 0.2022 0.3181 0.0729
v 0.2027 0.3180 0.0855
v 0.2057 0.3148 0.0937
v 0.2038 0.3327 -0.0119
v 0.2019 0.3288 -0.0018
v 0.2009 0.3264 0.0104
v 0.2011 0.3261 0.0231
v 0.2014 0.3278 0.0361
v 0.2015 0.3311 0.0489
v 0.2024 0.3349 0.0590
v 0.2066 0.3255 0.0750
v 0.2067 0.3254 0.0811
v 0.2039 0.3461 -0.0220
v 0.1994 0.3425 -0.0149
v 0.1959 0.3377 -0.0056
v 0.2000 0.3394 0.0637
v 0.2028 0.3447 0.0720
v 0.2056 0.3604 -0.0332
v 0.2011 0.3547 -0.0261
v 0.1959 0.3517 -0.0184
v 0.1994 0.3561 0.0757
v 0.2052 0.3590 0.0815
v 0.2020 0.3701 -0.0358
v 0.1981 0.3648 -0.0302
v 0.1988 0.3667 0.0770
v 0.2030 0.3712 0.0817
v 0.2007 0.3818 -0.0407
v 0.2017 0.3818 0.0838
v 0.2020 0.3958 -0.0463
v 0.1994 0.3917 -0.0442
v 0.1968 0.3950 0.0787
v 0.2025 0.3929 0.0828
v 0.2009 0.4066 -0.0497
v 0.1993 0.4083 0.0779
v 0.2047 0.4050 0.0811
v 0.2009 0.4203 -0.0524
v 0.2011 0.4197 0.0760
v 0.2017 0.4308 -0.0515
v 0.1962 0.4319 0.0672
v 0.2024 0.4302 0.0704
v 0.2010 0.4433 -0.0528
v 0.1997 0.4453 0.0667
v 0.2040 0.4417 0.0680
v 0.2017 0.4559 -0.0531
v 0.2013 0.4560 0.0649
v 0.2009 0.4683 -0.0520
v 0.2014 0.4694 0.0611
v 0.2010 0.4805 -0.0501
v 0.2015 0.4807 0.0588
v 0.2014 0.4938 -0.0484
v 0.2011 0.4937 0.0590
v 0.1983 0.5041 -0.0466
v 0.2033 0.5073 -0.0420
v 0.2051 0.5063 0.0538
v 0.2005 0.5059 0.0571
v 0.2021 0.5187 -0.0376
v 0.1981 0.5149 0.0541
v 0.2011 0.5187 0.0573
v 0.2005 0.5289 -0.0349
v 0.2034 0.5354 -0.0287
v 0.2058 0.5359 0.0394
v 0.2019 0.5318 0.0494
v 0.1988 0.5261 0.0563
v 0.1999 0.5395 -0.0244
v 0.2021 0.5429 -0.0140
v 0.2017 0.5458 -0.0010
v 0.2024 0.5458 0.0113
v 0.2014 0.5446 0.0235
v 0.2007 0.5410 0.0352
v 0.1984 0.5377 0.0437
v 0.1958 0.6735 -0.0370
v 0.1968 0.6724 -0.0254
v 0.1974 0.6714 -0.0137
v 0.1978 0.6709 -0.0015
v 0.1979 0.6709 0.0116
v 0.1973 0.6706 0.0241
v 0.1968 0.6716 0.0355
v 0.1962 0.6732 0.0465
v 0.1963 0.6853 -0.0634
v 0.1977 0.6821 -0.0512
v 0.1997 0.6814 -0.0382
v 0.2013 0.6814 -0.0264
v 0.2025 0.6815 -0.0141
v 0.2028 0.6807 -0.0014
v 0.2030 0.6811 0.0112
v 0.2023 0.6807 0.0235
v 0.2016 0.6815 0.0363
v 0.1995 0.6809 0.0488
v 0.1979 0.6824 0.0610
v 0.1962 0.6844 0.0720
v 0.1954 0.6982 -0.0837
v 0.1971 0.6949 -0.0750
v 0.2001 0.6939 -0.0635
v 0.2026 0.6934 -0.0520
v 0.2047 0.6930 -0.0396
v 0.2056 0.6911 -0.0270
v 0.2064 0.6900 -0.0129
v 0.2067 0.6895 -0.0012
v 0.2065 0.6891 0.0116
v 0.2063 0.6901 0.0245
v 0.2059 0.6920 0.0377
v 0.2049 0.6934 0.0493
v 0.2028 0.6935 0.0611
v 0.1998 0.6937 0.0741
v 0.1974 0.6960 0.0847
v 0.1969 0.7070 -0.0880
v 0.2009 0.7065 -0.0763
v 0.2043 0.7060 -0.0640
v 0.2061 0.7032 -0.0528
v 0.2067 0.7002 -0.0444
v 0.2063 0.7024 0.0615
v 0.2045 0.7057 0.0740
v 0.2002 0.7058 0.0869
v 0.1968 0.7080 0.0958
v 0.1965 0.7206 -0.0986
v 0.2001 0.7190 -0.0886
v 0.2043 0.7188 -0.0763
v 0.2066 0.7168 -0.0667
v 0.2062 0.7143 0.0778
v 0.2043 0.7187 0.0858
v 0.1985 0.7192 0.0978
v 0.1948 0.7242 0.1051
v 0.1981 0.7317 -0.1003
v 0.2030 0.7307 -0.0877
v 0.2060 0.7299 -0.0784
v 0.2057 0.7310 0.0877
v 0.1993 0.7312 0.0998
v 0.1963 0.7457 -0.1090
v 0.1995 0.7437 -0.1013
v 0.2045 0.7433 -0.0885
v 0.2067 0.7408 -0.0812
v 0.2058 0.7427 0.0895
v 0.2005 0.7441 0.0993
v 0.1967 0.7572 -0.1103
v 0.2010 0.7563 -0.1005
v 0.2054 0.7556 -0.0889
v 0.2063 0.7563 0.0891
v 0.2009 0.7560 0.0988
v 0.1967 0.7697 -0.1116
v 0.2015 0.7678 -0.1006
v 0.2057 0.7682 -0.0897
v 0.2065 0.7682 0.0883
v 0.2003 0.7692 0.0995
v 0.1969 0.7820 -0.1110
v 0.2015 0.7814 -0.1011
v 0.2055 0.7814 -0.0908
v 0.2058 0.7810 0.0892
v 0.1998 0.7819 0.0997
v 0.1966 0.7948 -0.1102
v 0.2009 0.7940 -0.1011
v 0.2056 0.7940 -0.0894
v 0.2058 0.7940 0.0881
v 0.2002 0.7936 0.0985
v 0.1957 0.8053 -0.1097
v 0.1997 0.8063 -0.1014
v 0.2050 0.8061 -0.0881
v 0.2071 0.8110 -0.0808
v 0.2055 0.8069 0.0872
v 0.1999 0.8066 0.0979
v 0.1981 0.8180 -0.1012
v 0.2035 0.8181 -0.0881
v 0.2063 0.8201 -0.0793
v 0.2050 0.8190 0.0865
v 0.1985 0.8182 0.0989
v 0.1969 0.8307 -0.0980
v 0.2010 0.8309 -0.0883
v 0.2053 0.8322 -0.0759
v 0.2070 0.8357 -0.0683
v 0.2065 0.8326 0.0785
v 0.2037 0.8314 0.0865
v 0.1982 0.8306 0.0978
v 0.1979 0.8430 -0.0877
v 0.2023 0.8437 -0.0756
v 0.2056 0.8447 -0.0644
v 0.2067 0.8498 -0.0555
v 0.2057 0.8447 0.0742
v 0.2017 0.8438 0.0859
v 0.1974 0.8436 0.0956
v 0.1956 0.8536 -0.0846
v 0.1983 0.8560 -0.0751
v 0.2020 0.8556 -0.0645
v 0.2047 0.8577 -0.0528
v 0.2067 0.8602 -0.0405
v 0.2069 0.8604 0.0500
v 0.2053 0.8575 0.0618
v 0.2026 0.8561 0.0733
v 0.1984 0.8558 0.0854
v 0.1956 0.8538 0.0938
v 0.1958 0.8639 -0.0735
v 0.1975 0.8679 -0.0635
v 0.2005 0.8693 -0.0514
v 0.2040 0.8682 -0.0383
v 0.2053 0.8703 -0.0265
v 0.2062 0.8718 -0.0143
v 0.2066 0.8732 -0.0007
v 0.2067 0.8729 0.0122
v 0.2063 0.8722 0.0236
v 0.2053 0.8707 0.0362
v 0.2041 0.8682 0.0483
v 0.2010 0.8689 0.0604
v 0.1978 0.8685 0.0724
v 0.1962 0.8651 0.0819
v 0.1969 0.8778 -0.0504
v 0.1983 0.8809 -0.0389
v 0.2003 0.8816 -0.0264
v 0.2022 0.8810 -0.0141
v 0.2031 0.8812 -0.0014
v 0.2031 0.8811 0.0116
v 0.2023 0.8810 0.0239
v 0.2008 0.8807 0.0360
v 0.1983 0.8807 0.0481
v 0.1968 0.8783 0.0594
v 0.1950 0.8759 0.0698
v 0.1951 0.8883 -0.0354
v 0.1962 0.8897 -0.0255
v 0.1973 0.8908 -0.0129
v 0.1978 0.8915 -0.0012
v 0.1977 0.8916 0.0117
v 0.1969 0.8912 0.0244
v 0.1963 0.8893 0.0355
v 0.1953 0.8883 0.0434
v 0.2137 0.2838 0.0740
v 0.2137 0.2838 0.0850
v 0.2135 0.2941 0.0641
v 0.2158 0.2885 0.0681
v 0.2149 0.2886 0.0916
v 0.2134 0.2942 0.0952
v 0.2141 0.3058 0.0600
v 0.2141 0.3059 0.0977
v 0.2180 0.3241 0.0285
v 0.2180 0.3223 0.0363
v 0.2179 0.3223 0.0477
v 0.2141 0.3183 0.0592
v 0.2095 0.3231 0.0905
v 0.2146 0.3180 0.0959
v 0.2154 0.3344 -0.0227
v 0.2139 0.3297 -0.0137
v 0.2140 0.3281 -0.0015
v 0.2139 0.3292 0.0107
v 0.2135 0.3283 0.0232
v 0.2119 0.3280 0.0358
v 0.2124 0.3297 0.0491
v 0.2140 0.3314 0.0604
v 0.2136 0.3319 0.0727
v 0.2143 0.3304 0.0853
v 0.2170 0.3262 0.0929
v 0.2144 0.3431 -0.0278
v 0.2138 0.3385 0.0647
v 0.2143 0.3435 0.0729
v 0.2155 0.3493 0.0802
v 0.2152 0.3578 -0.0354
v 0.2109 0.3533 -0.0308
v 0.2143 0.3560 0.0842
v 0.2144 0.3680 -0.0402
v 0.2133 0.3696 0.0863
v 0.2163 0.3848 -0.0462
v 0.2123 0.3797 -0.0436
v 0.2140 0.3819 0.0871
v 0.2126 0.3939 -0.0483
v 0.2145 0.3935 0.0876
v 0.2135 0.4068 -0.0522
v 0.2138 0.4057 0.0838
v 0.2137 0.4193 -0.0548
v 0.2119 0.4213 0.0784
v 0.2150 0.4156 0.0809
v 0.2139 0.4304 -0.0527
v 0.2139 0.4322 0.0730
v 0.2141 0.4439 -0.0520
v 0.2155 0.4477 0.0667
v 0.2132 0.4417 0.0685
v 0.2141 0.4566 -0.0513
v 0.2140 0.4563 0.0641
v 0.2133 0.4690 -0.0493
v 0.2137 0.4691 0.0594
v 0.2119 0.4800 -0.0465
v 0.2167 0.4831 -0.0430
v 0.2158 0.4821 0.0525
v 0.2115 0.4789 0.0558
v 0.2094 0.4904 -0.0455
v 0.2144 0.4944 -0.0408
v 0.2149 0.4935 0.0518
v 0.2127 0.4952 0.0554
v 0.2138 0.5060 -0.0397
v 0.2118 0.5038 0.0535
v 0.2139 0.5059 0.0571
v 0.2136 0.5179 -0.0382
v 0.2188 0.5233 -0.0297
v 0.2190 0.5235 0.0392
v 0.2157 0.5195 0.0506
v 0.2109 0.5156 0.0568
v 0.2101 0.5269 -0.0345
v 0.2130 0.5304 -0.0259
v 0.2151 0.5328 -0.0136
v 0.2161 0.5340 -0.0025
v 0.2163 0.5339 0.0116
v 0.2156 0.5326 0.0239
v 0.2139 0.5299 0.0361
v 0.2111 0.5277 0.0460
v 0.2096 0.5385 -0.0116
v 0.2102 0.5396 -0.0010
v 0.2108 0.5392 0.0106
v 0.2097 0.5384 0.0229
v 0.2079 0.5379 0.0306
v 0.2077 0.6985 -0.0342
v 0.2082 0.6970 -0.0249
v 0.2089 0.6962 -0.0124
v 0.2089 0.6953 -0.0012
v 0.2090 0.6958 0.0116
v 0.2087 0.6961 0.0229
v 0.2083 0.6976 0.0353
v 0.2076 0.6986 0.0440
v 0.2083 0.7083 -0.0495
v 0.2097 0.7068 -0.0385
v 0.2129 0.7076 -0.0262
v 0.2141 0.7045 -0.0143
v 0.2140 0.7024 -0.0016
v 0.2144 0.7024 0.0110
v 0.2141 0.7043 0.0239
v 0.2129 0.7076 0.0358
v 0.2098 0.7066 0.0485
v 0.2087 0.7089 0.0608
v 0.2080 0.7115 0.0684
v 0.2084 0.7190 -0.0615
v 0.2106 0.7184 -0.0509
v 0.2141 0.7183 -0.0397
v 0.2149 0.7131 -0.0311
v 0.2147 0.7172 0.0490
v 0.2122 0.7197 0.0601
v 0.2091 0.7202 0.0731
v 0.2082 0.7337 -0.0729
v 0.2101 0.7310 -0.0642
v 0.2142 0.7301 -0.0508
v 0.2148 0.7306 0.0621
v 0.2109 0.7305 0.0728
v 0.2083 0.7312 0.0813
v 0.2090 0.7438 -0.0748
v 0.2134 0.7447 -0.0617
v 0.2156 0.7397 -0.0560
v 0.2157 0.7382 0.0663
v 0.2130 0.7438 0.0725
v 0.2085 0.7442 0.0830
v 0.2076 0.7570 -0.0829
v 0.2095 0.7562 -0.0763
v 0.2139 0.7558 -0.0642
v 0.2132 0.7554 0.0743
v 0.2086 0.7562 0.0829
v 0.2078 0.7703 -0.0839
v 0.2100 0.7686 -0.0765
v 0.2148 0.7682 -0.0656
v 0.2130 0.7684 0.0761
v 0.2085 0.7696 0.0827
v 0.2079 0.7816 -0.0839
v 0.2102 0.7812 -0.0765
v 0.2149 0.7825 -0.0655
v 0.2134 0.7814 0.0757
v 0.2085 0.7804 0.0821
v 0.2078 0.7920 -0.0833
v 0.2100 0.7932 -0.0760
v 0.2143 0.7941 -0.0641
v 0.2126 0.7946 0.0739
v 0.2081 0.7915 0.0821
v 0.2091 0.8056 -0.0762
v 0.2138 0.8058 -0.0619
v 0.2165 0.8100 -0.0561
v 0.2149 0.8109 0.0656
v 0.2121 0.8064 0.0717
v 0.2079 0.8039 0.0813
v 0.2086 0.8181 -0.0731
v 0.2114 0.8183 -0.0636
v 0.2148 0.8197 -0.0518
v 0.2147 0.8196 0.0609
v 0.2097 0.8188 0.0732
v 0.2076 0.8167 0.0801
v 0.2079 0.8271 -0.0709
v 0.2095 0.8306 -0.0632
v 0.2122 0.8320 -0.0513
v 0.2155 0.8321 -0.0387
v 0.2168 0.8365 -0.0304
v 0.2171 0.8359 0.0397
v 0.2155 0.8317 0.0485
v 0.2120 0.8311 0.0605
v 0.2087 0.8311 0.0724
v 0.2080 0.8405 -0.0602
v 0.2095 0.8437 -0.0508
v 0.2119 0.8439 -0.0388
v 0.2148 0.8425 -0.0254
v 0.2160 0.8442 -0.0144
v 0.2162 0.8463 -0.0014
v 0.2162 0.8459 0.0114
v 0.2157 0.8443 0.0241
v 0.2148 0.8430 0.0358
v 0.2122 0.8437 0.0485
v 0.2099 0.8435 0.0602
v 0.2080 0.8412 0.0694
v 0.2078 0.8523 -0.0475
v 0.2090 0.8547 -0.0380
v 0.2102 0.8566 -0.0268
v 0.2119 0.8560 -0.0140
v 0.2124 0.8569 -0.0011
v 0.2127 0.8561 0.0111
v 0.2120 0.8563 0.0230
v 0.2106 0.8561 0.0367
v 0.2090 0.8552 0.0487
v 0.2081 0.8525 0.0575
v 0.2081 0.8639 -0.0246
v 0.2087 0.8660 -0.0123
v 0.2089 0.8671 -0.0008
v 0.2094 0.8660 0.0107
v 0.2089 0.8656 0.0232
v 0.2082 0.8641 0.0351
v 0.2299 0.2349 0.0369
v 0.2283 0.2340 0.0483
v 0.2288 0.2351 0.0587
v 0.2313 0.2366 0.0675
v 0.2315 0.2460 0.0285
v 0.2274 0.2431 0.0357
v 0.2226 0.2436 0.0484
v 0.2228 0.2430 0.0613
v 0.2268 0.2437 0.0730
v 0.2295 0.2475 0.0828
v 0.2296 0.2549 0.0367
v 0.2250 0.2564 0.0487
v 0.2223 0.2568 0.0610
v 0.2231 0.2563 0.0736
v 0.2277 0.2567 0.0858
v 0.2314 0.2594 0.0935
v 0.2310 0.2639 0.0491
v 0.2286 0.2655 0.0611
v 0.2280 0.2667 0.0733
v 0.2297 0.2674 0.0853
v 0.2315 0.2645 0.0936
v 0.2213 0.2861 0.0760
v 0.2215 0.2860 0.0822
v 0.2224 0.2973 0.0651
v 0.2254 0.2933 0.0729
v 0.2251 0.2932 0.0856
v 0.2218 0.2970 0.0936
v 0.2316 0.3110 0.0405
v 0.2306 0.3110 0.0492
v 0.2266 0.3069 0.0605
v 0.2308 0.3013 0.0719
v 0.2302 0.3034 0.0876
v 0.2249 0.3069 0.0949
v 0.2297 0.3230 0.0137
v 0.2266 0.3199 0.0241
v 0.2257 0.3166 0.0354
v 0.2242 0.3164 0.0483
v 0.2237 0.3158 0.0560
v 0.2258 0.3179 0.0957
v 0.2259 0.3344 -0.0240
v 0.2261 0.3327 -0.0139
v 0.2254 0.3339 -0.0011
v 0.2244 0.3290 0.0098
v 0.2220 0.3252 0.0191
v 0.2255 0.3341 0.0890
v 0.2265 0.3273 0.0939
v 0.2272 0.3459 -0.0342
v 0.2254 0.3400 -0.0304
v 0.2313 0.3381 -0.0087
v 0.2296 0.3380 -0.0052
v 0.2229 0.3430 0.0753
v 0.2282 0.3406 0.0828
v 0.2261 0.3566 -0.0379
v 0.2275 0.3522 0.0775
v 0.2258 0.3576 0.0846
v 0.2293 0.3737 -0.0459
v 0.2257 0.3675 -0.0425
v 0.2262 0.3693 0.0896
v 0.2260 0.3816 -0.0473
v 0.2204 0.3771 -0.0447
v 0.2261 0.3822 0.0882
v 0.2261 0.3938 -0.0505
v 0.2265 0.3937 0.0889
v 0.2255 0.4062 -0.0527
v 0.2257 0.4065 0.0850
v 0.2266 0.4189 -0.0538
v 0.2262 0.4227 0.0785
v 0.2255 0.4162 0.0813
v 0.2260 0.4318 -0.0526
v 0.2253 0.4325 0.0742
v 0.2265 0.4439 -0.0493
v 0.2276 0.4459 0.0652
v 0.2266 0.4400 0.0689
v 0.2253 0.4564 -0.0477
v 0.2309 0.4596 -0.0441
v 0.2264 0.4563 0.0610
v 0.2225 0.4663 -0.0465
v 0.2278 0.4704 -0.0421
v 0.2284 0.4710 0.0525
v 0.2250 0.4663 0.0568
v 0.2263 0.4807 -0.0377
v 0.2308 0.4855 -0.0305
v 0.2310 0.4858 0.0411
v 0.2268 0.4815 0.0467
v 0.2252 0.4945 -0.0354
v 0.2297 0.4899 -0.0305
v 0.2258 0.4923 0.0494
v 0.2211 0.4986 0.0552
v 0.2255 0.5051 -0.0373
v 0.2309 0.5083 -0.0298
v 0.2310 0.5098 0.0383
v 0.2266 0.5060 0.0488
v 0.2208 0.5027 0.0553
v 0.2228 0.5149 -0.0349
v 0.2255 0.5177 -0.0257
v 0.2276 0.5196 -0.0134
v 0.2281 0.5210 -0.0015
v 0.2290 0.5201 0.0110
v 0.2277 0.5197 0.0232
v 0.2259 0.5176 0.0351
v 0.2225 0.5156 0.0462
v 0.2215 0.5264 -0.0132
v 0.2224 0.5275 -0.0014
v 0.2225 0.5275 0.0114
v 0.2219 0.5265 0.0219
v 0.2207 0.5251 0.0306
v 0.2263 0.7094 -0.0249
v 0.2267 0.7052 -0.0140
v 0.2262 0.7027 -0.0017
v 0.2260 0.7025 0.0105
v 0.2263 0.7046 0.0236
v 0.2257 0.7092 0.0361
v 0.2234 0.7249 -0.0459
v 0.2262 0.7186 -0.0389
v 0.2255 0.7131 -0.0317
v 0.2264 0.7165 0.0476
v 0.2283 0.7232 0.0553
v 0.2260 0.7311 -0.0508
v 0.2260 0.7314 0.0618
v 0.2265 0.7454 -0.0591
v 0.2255 0.7392 -0.0560
v 0.2308 0.7378 0.0664
v 0.2267 0.7452 0.0701
v 0.2259 0.7559 -0.0626
v 0.2259 0.7568 0.0740
v 0.2257 0.7679 -0.0648
v 0.2262 0.7688 0.0756
v 0.2266 0.7815 -0.0647
v 0.2266 0.7817 0.0752
v 0.2258 0.7941 -0.0624
v 0.2261 0.7945 0.0727
v 0.2266 0.8032 -0.0593
v 0.2261 0.8099 -0.0561
v 0.2263 0.8105 0.0659
v 0.2263 0.8045 0.0690
v 0.2257 0.8192 -0.0499
v 0.2315 0.8247 0.0542
v 0.2267 0.8191 0.0598
v 0.2258 0.8301 -0.0390
v 0.2277 0.8359 -0.0299
v 0.2260 0.8359 0.0390
v 0.2264 0.8296 0.0488
v 0.2250 0.8391 -0.0236
v 0.2261 0.8423 -0.0135
v 0.2265 0.8443 -0.0009
v 0.2258 0.8442 0.0112
v 0.2264 0.8417 0.0241
v 0.2261 0.8387 0.0329
v 0.2400 0.2336 0.0249
v 0.2385 0.2295 0.0357
v 0.2383 0.2295 0.0476
v 0.2391 0.2326 0.0610
v 0.2395 0.2360 0.0710
v 0.2430 0.2449 0.0160
v 0.2369 0.2434 0.0224
v 0.2380 0.2387 0.0764
v 0.2387 0.2439 0.0858
v 0.2413 0.2488 0.0944
v 0.2436 0.2527 0.0159
v 0.2387 0.2562 0.0239
v 0.2347 0.2594 0.0330
v 0.2333 0.2509 0.0907
v 0.2386 0.2563 0.0988
v 0.2438 0.2614 0.1054
v 0.2430 0.2645 0.0270
v 0.2403 0.2673 0.0374
v 0.2390 0.2704 0.0482
v 0.2367 0.2720 0.0604
v 0.2350 0.2732 0.0722
v 0.2333 0.2729 0.0864
v 0.2366 0.2692 0.0993
v 0.2429 0.2686 0.1061
v 0.2435 0.2765 0.0508
v 0.2427 0.2808 0.0615
v 0.2393 0.2805 0.0736
v 0.2370 0.2800 0.0864
v 0.2393 0.2806 0.0991
v 0.2433 0.2789 0.1053
v 0.2440 0.2961 0.0646
v 0.2430 0.2946 0.0730
v 0.2410 0.2931 0.0857
v 0.2422 0.2923 0.0975
v 0.2434 0.3108 0.0147
v 0.2412 0.3087 0.0249
v 0.2390 0.3070 0.0364
v 0.2389 0.3052 0.0490
v 0.2387 0.3054 0.0609
v 0.2383 0.3044 0.0731
v 0.2395 0.3063 0.0863
v 0.2439 0.3046 0.0940
v 0.2417 0.3214 0.0016
v 0.2382 0.3180 0.0108
v 0.2352 0.3147 0.0223
v 0.2414 0.3149 0.0914
v 0.2373 0.3197 0.0936
v 0.2346 0.3363 -0.0226
v 0.2387 0.3347 -0.0121
v 0.2371 0.3297 -0.0027
v 0.2335 0.3253 0.0059
v 0.2390 0.3339 0.0912
v 0.2378 0.3276 0.0933
v 0.2391 0.3450 -0.0352
v 0.2394 0.3395 -0.0269
v 0.2385 0.3394 -0.0134
v 0.2327 0.3380 -0.0069
v 0.2381 0.3428 0.0863
v 0.2384 0.3568 -0.0398
v 0.2376 0.3584 0.0794
v 0.2381 0.3572 0.0818
v 0.2361 0.3741 -0.0462
v 0.2390 0.3690 -0.0434
v 0.2389 0.3689 0.0872
v 0.2395 0.3810 -0.0482
v 0.2386 0.3822 0.0882
v 0.2388 0.3932 -0.0501
v 0.2386 0.3943 0.0863
v 0.2384 0.4063 -0.0512
v 0.2392 0.4065 0.0841
v 0.2385 0.4188 -0.0516
v 0.2394 0.4198 0.0776
v 0.2360 0.4147 0.0809
v 0.2381 0.4331 -0.0501
v 0.2438 0.4361 0.0674
v 0.2381 0.4311 0.0724
v 0.2376 0.4417 -0.0467
v 0.2408 0.4464 -0.0428
v 0.2387 0.4449 0.0629
v 0.2363 0.4396 0.0684
v 0.2326 0.4511 -0.0457
v 0.2389 0.4569 -0.0401
v 0.2414 0.4584 0.0517
v 0.2372 0.4545 0.0570
v 0.2377 0.4669 -0.0364
v 0.2421 0.4711 -0.0294
v 0.2426 0.4725 0.0393
v 0.2381 0.4681 0.0474
v 0.2342 0.4763 -0.0340
v 0.2378 0.4807 -0.0260
v 0.2425 0.4836 -0.0142
v 0.2445 0.4855 -0.0058
v 0.2447 0.4842 0.0171
v 0.2430 0.4837 0.0252
v 0.2378 0.4819 0.0366
v 0.2342 0.4774 0.0438
v 0.2367 0.4934 -0.0256
v 0.2424 0.4936 -0.0143
v 0.2439 0.4978 -0.0026
v 0.2438 0.4981 0.0115
v 0.2430 0.4946 0.0243
v 0.2384 0.4937 0.0364
v 0.2337 0.4945 0.0441
v 0.2348 0.5046 -0.0252
v 0.2382 0.5057 -0.0140
v 0.2399 0.5059 -0.0014
v 0.2395 0.5067 0.0121
v 0.2385 0.5058 0.0236
v 0.2356 0.5045 0.0352
v 0.2325 0.5037 0.0430
v 0.2336 0.5129 -0.0115
v 0.2339 0.5139 -0.0019
v 0.2341 0.5139 0.0127
v 0.2333 0.5136 0.0210
v 0.2379 0.7102 -0.0236
v 0.2393 0.7072 -0.0146
v 0.2384 0.7041 -0.0012
v 0.2382 0.7038 0.0110
v 0.2395 0.7061 0.0232
v 0.2374 0.7098 0.0347
v 0.2392 0.7199 -0.0381
v 0.2408 0.7141 -0.0287
v 0.2411 0.7136 0.0405
v 0.2386 0.7187 0.0487
v 0.2374 0.7236 0.0551
v 0.2384 0.7314 -0.0492
v 0.2423 0.7258 -0.0432
v 0.2389 0.7310 0.0606
v 0.2365 0.7471 -0.0587
v 0.2400 0.7423 -0.0552
v 0.2413 0.7409 0.0656
v 0.2365 0.7450 0.0693
v 0.2386 0.7559 -0.0607
v 0.2386 0.7560 0.0719
v 0.2392 0.7680 -0.0625
v 0.2386 0.7692 0.0735
v 0.2388 0.7814 -0.0625
v 0.2388 0.7819 0.0730
v 0.2381 0.7931 -0.0606
v 0.2427 0.7992 -0.0568
v 0.2437 0.7975 0.0673
v 0.2385 0.7942 0.0706
v 0.2364 0.8022 -0.0583
v 0.2392 0.8080 -0.0541
v 0.2399 0.8076 0.0643
v 0.2370 0.8027 0.0682
v 0.2383 0.8172 -0.0484
v 0.2406 0.8227 -0.0421
v 0.2403 0.8229 0.0518
v 0.2377 0.8173 0.0585
v 0.2375 0.8287 -0.0367
v 0.2390 0.8340 -0.0267
v 0.2427 0.8364 -0.0151
v 0.2426 0.8360 0.0255
v 0.2388 0.8336 0.0366
v 0.2376 0.8281 0.0471
v 0.2345 0.8384 -0.0210
v 0.2374 0.8394 -0.0131
v 0.2387 0.8408 -0.0014
v 0.2385 0.8407 0.0114
v 0.2366 0.8394 0.0233
v 0.2336 0.8380 0.0316
v 0.2510 0.2364 0.0162
v 0.2510 0.2314 0.0234
v 0.2507 0.2290 0.0353
v 0.2512 0.2310 0.0486
v 0.2515 0.2340 0.0607
v 0.2500 0.2364 0.0701
v 0.2510 0.2439 0.0123
v 0.2518 0.2388 0.0761
v 0.2511 0.2428 0.0860
v 0.2510 0.2482 0.0954
v 0.2511 0.2561 0.0113
v 0.2461 0.2612 0.0183
v 0.2514 0.2538 0.1013
v 0.2510 0.2604 0.1063
v 0.2544 0.2681 0.0133
v 0.2493 0.2692 0.0222
v 0.2462 0.2724 0.0342
v 0.2510 0.2685 0.1083
v 0.2562 0.2804 0.0154
v 0.2533 0.2806 0.0237
v 0.2500 0.2808 0.0361
v 0.2474 0.2826 0.0479
v 0.2455 0.2850 0.0574
v 0.2506 0.2817 0.1087
v 0.2552 0.2954 0.0121
v 0.2529 0.2940 0.0241
v 0.2500 0.2943 0.0369
v 0.2480 0.2933 0.0484
v 0.2459 0.2923 0.0602
v 0.2471 0.2958 0.1029
v 0.2520 0.2922 0.1071
v 0.2536 0.3070 0.0005
v 0.2493 0.3057 0.0105
v 0.2475 0.3028 0.0229
v 0.2468 0.3012 0.0351
v 0.2460 0.3007 0.0460
v 0.2501 0.3071 0.1001
v 0.2555 0.3018 0.1055
v 0.2539 0.3208 -0.0101
v 0.2490 0.3173 -0.0029
v 0.2459 0.3131 0.0061
v 0.2508 0.3177 0.0956
v 0.2507 0.3309 -0.0135
v 0.2458 0.3253 -0.0066
v 0.2511 0.3336 0.0915
v 0.2513 0.3278 0.0933
v 0.2500 0.3470 -0.0351
v 0.2513 0.3445 -0.0254
v 0.2497 0.3413 -0.0180
v 0.2505 0.3440 0.0878
v 0.2510 0.3555 -0.0395
v 0.2518 0.3609 0.0788
v 0.2508 0.3549 0.0826
v 0.2505 0.3688 -0.0429
v 0.2525 0.3669 0.0762
v 0.2495 0.3713 0.0828
v 0.2505 0.3832 -0.0470
v 0.2525 0.3786 -0.0435
v 0.2516 0.3826 0.0841
v 0.2514 0.3940 -0.0477
v 0.2550 0.3963 0.0785
v 0.2500 0.3941 0.0823
v 0.2512 0.4068 -0.0476
v 0.2563 0.4114 -0.0450
v 0.2538 0.4087 0.0785
v 0.2495 0.4051 0.0821
v 0.2497 0.4185 -0.0475
v 0.2556 0.4199 -0.0439
v 0.2514 0.4187 0.0738
v 0.2479 0.4299 -0.0464
v 0.2533 0.4330 -0.0419
v 0.2523 0.4334 0.0641
v 0.2492 0.4282 0.0693
v 0.2457 0.4387 -0.0456
v 0.2509 0.4443 -0.0388
v 0.2561 0.4487 -0.0309
v 0.2518 0.4483 0.0530
v 0.2496 0.4440 0.0584
v 0.2480 0.4541 -0.0347
v 0.2529 0.4571 -0.0278
v 0.2561 0.4616 -0.0192
v 0.2549 0.4587 0.0374
v 0.2503 0.4537 0.0477
v 0.2484 0.4671 -0.0245
v 0.2528 0.4697 -0.0141
v 0.2550 0.4718 -0.0012
v 0.2548 0.4719 0.0111
v 0.2528 0.4700 0.0242
v 0.2488 0.4677 0.0357
v 0.2463 0.4635 0.0433
v 0.2471 0.4779 -0.0128
v 0.2482 0.4806 -0.0012
v 0.2482 0.4811 0.0109
v 0.2472 0.4783 0.0222
v 0.2458 0.4756 0.0306
v 0.2450 0.4913 -0.0085
v 0.2459 0.4916 -0.0014
v 0.2461 0.4921 0.0107
v 0.2453 0.4908 0.0204
v 0.2465 0.7103 -0.0112
v 0.2478 0.7095 -0.0016
v 0.2477 0.7089 0.0110
v 0.2472 0.7102 0.0227
v 0.2472 0.7225 -0.0347
v 0.2491 0.7191 -0.0258
v 0.2533 0.7186 -0.0139
v 0.2544 0.7166 -0.0015
v 0.2546 0.7162 0.0109
v 0.2539 0.7178 0.0240
v 0.2506 0.7189 0.0359
v 0.2473 0.7214 0.0460
v 0.2465 0.7338 -0.0463
v 0.2510 0.7309 -0.0382
v 0.2559 0.7298 -0.0271
v 0.2570 0.7259 -0.0173
v 0.2562 0.7276 0.0370
v 0.2523 0.7305 0.0482
v 0.2474 0.7333 0.0568
v 0.2498 0.7440 -0.0492
v 0.2559 0.7422 -0.0394
v 0.2573 0.7378 -0.0312
v 0.2563 0.7418 0.0511
v 0.2506 0.7436 0.0594
v 0.2460 0.7601 -0.0580
v 0.2528 0.7560 -0.0509
v 0.2571 0.7517 -0.0431
v 0.2573 0.7599 -0.0209
v 0.2564 0.7580 -0.0128
v 0.2553 0.7567 -0.0010
v 0.2553 0.7560 0.0116
v 0.2560 0.7580 0.0219
v 0.2531 0.7555 0.0613
v 0.2460 0.7576 0.0680
v 0.2470 0.7699 -0.0585
v 0.2539 0.7698 -0.0528
v 0.2566 0.7690 -0.0220
v 0.2539 0.7678 -0.0142
v 0.2531 0.7678 -0.0008
v 0.2531 0.7692 0.0113
v 0.2543 0.7684 0.0246
v 0.2569 0.7692 0.0312
v 0.2539 0.7687 0.0629
v 0.2472 0.7695 0.0687
v 0.2470 0.7808 -0.0583
v 0.2540 0.7815 -0.0524
v 0.2564 0.7811 -0.0227
v 0.2533 0.7823 -0.0146
v 0.2530 0.7820 -0.0010
v 0.2531 0.7811 0.0114
v 0.2534 0.7814 0.0243
v 0.2564 0.7809 0.0313
v 0.2542 0.7820 0.0621
v 0.2468 0.7816 0.0688
v 0.2457 0.7890 -0.0579
v 0.2524 0.7938 -0.0509
v 0.2570 0.7986 -0.0436
v 0.2568 0.7923 -0.0223
v 0.2552 0.7937 -0.0132
v 0.2544 0.7945 -0.0014
v 0.2542 0.7947 0.0116
v 0.2548 0.7943 0.0235
v 0.2568 0.7935 0.0326
v 0.2569 0.7986 0.0533
v 0.2529 0.7938 0.0606
v 0.2459 0.7909 0.0679
v 0.2492 0.8055 -0.0488
v 0.2552 0.8079 -0.0406
v 0.2572 0.8019 -0.0123
v 0.2571 0.8030 -0.0004
v 0.2571 0.8036 0.0122
v 0.2570 0.8031 0.0235
v 0.2572 0.8031 0.0312
v 0.2554 0.8080 0.0494
v 0.2496 0.8059 0.0584
v 0.2463 0.8141 -0.0459
v 0.2501 0.8186 -0.0376
v 0.2547 0.8210 -0.0273
v 0.2566 0.8238 -0.0150
v 0.2573 0.8244 -0.0060
v 0.2572 0.8244 0.0154
v 0.2566 0.8231 0.0253
v 0.2546 0.8202 0.0366
v 0.2497 0.8180 0.0480
v 0.2462 0.8144 0.0556
v 0.2458 0.8264 -0.0332
v 0.2485 0.8287 -0.0249
v 0.2509 0.8307 -0.0135
v 0.2517 0.8318 -0.0010
v 0.2518 0.8316 0.0112
v 0.2504 0.8306 0.0239
v 0.2486 0.8281 0.0347
v 0.2456 0.8261 0.0427
v 0.2592 0.2369 0.0163
v 0.2617 0.2346 0.0238
v 0.2622 0.2340 0.0358
v 0.2614 0.2353 0.0484
v 0.2595 0.2367 0.0592
v 0.2630 0.2443 0.0119
v 0.2673 0.2392 0.0213
v 0.2688 0.2385 0.0354
v 0.2671 0.2390 0.0496
v 0.2647 0.2403 0.0626
v 0.2632 0.2425 0.0738
v 0.2625 0.2465 0.0857
v 0.2589 0.2487 0.0933
v 0.2686 0.2614 0.0048
v 0.2632 0.2561 0.0066
v 0.2669 0.2515 0.0900
v 0.2632 0.2564 0.0987
v 0.2582 0.2614 0.1058
v 0.2668 0.2684 0.0031
v 0.2604 0.2687 0.0074
v 0.2662 0.2672 0.1025
v 0.2605 0.2692 0.1068
v 0.2656 0.2817 0.0020
v 0.2595 0.2812 0.0092
v 0.2684 0.2821 0.1048
v 0.2625 0.2815 0.1079
v 0.2644 0.2941 -0.0011
v 0.2589 0.2905 0.0088
v 0.2672 0.2946 0.1042
v 0.2611 0.2920 0.1073
v 0.2649 0.3077 -0.0098
v 0.2612 0.3031 -0.0050
v 0.2637 0.3069 0.1026
v 0.2596 0.3026 0.1054
v 0.2626 0.3179 -0.0133
v 0.2633 0.3177 0.0972
v 0.2662 0.3357 -0.0201
v 0.2628 0.3299 -0.0179
v 0.2642 0.3332 0.0894
v 0.2621 0.3275 0.0937
v 0.2582 0.3492 -0.0333
v 0.2625 0.3454 -0.0226
v 0.2579 0.3385 -0.0197
v 0.2690 0.3483 0.0782
v 0.2635 0.3431 0.0845
v 0.2633 0.3566 -0.0368
v 0.2655 0.3519 -0.0259
v 0.2645 0.3568 0.0750
v 0.2607 0.3515 0.0814
v 0.2634 0.3693 -0.0401
v 0.2667 0.3703 0.0627
v 0.2612 0.3697 0.0714
v 0.2582 0.3872 -0.0457
v 0.2634 0.3820 -0.0408
v 0.2648 0.3811 0.0754
v 0.2584 0.3823 0.0806
v 0.2591 0.3913 -0.0455
v 0.2650 0.3940 -0.0424
v 0.2630 0.3950 0.0748
v 0.2584 0.3893 0.0804
v 0.2639 0.4066 -0.0411
v 0.2679 0.4017 0.0673
v 0.2636 0.4064 0.0729
v 0.2628 0.4183 -0.0392
v 0.2659 0.4198 0.0636
v 0.2609 0.4169 0.0697
v 0.2617 0.4299 -0.0359
v 0.2668 0.4325 -0.0292
v 0.2670 0.4336 0.0507
v 0.2622 0.4299 0.0590
v 0.2587 0.4419 -0.0338
v 0.2631 0.4442 -0.0268
v 0.2681 0.4472 -0.0153
v 0.2667 0.4465 0.0373
v 0.2620 0.4436 0.0474
v 0.2589 0.4384 0.0554
v 0.2595 0.4523 -0.0237
v 0.2626 0.4560 -0.0138
v 0.2658 0.4565 -0.0021
v 0.2663 0.4565 0.0114
v 0.2646 0.4555 0.0245
v 0.2614 0.4536 0.0353
v 0.2589 0.4510 0.0437
v 0.2582 0.4646 -0.0106
v 0.2599 0.4653 -0.0007
v 0.2596 0.4657 0.0101
v 0.2591 0.4636 0.0203
v 0.2575 0.7233 -0.0085
v 0.2578 0.7227 0.0002
v 0.2578 0.7221 0.0114
v 0.2575 0.7228 0.0209
v 0.2575 0.7331 -0.0235
v 0.2578 0.7307 -0.0142
v 0.2580 0.7312 -0.0016
v 0.2580 0.7309 0.0112
v 0.2579 0.7304 0.0237
v 0.2577 0.7327 0.0345
v 0.2574 0.7365 0.0438
v 0.2576 0.7460 -0.0355
v 0.2578 0.7429 -0.0261
v 0.2578 0.7438 -0.0141
v 0.2577 0.7438 -0.0010
v 0.2577 0.7430 0.0125
v 0.2578 0.7435 0.0244
v 0.2578 0.7441 0.0368
v 0.2577 0.7445 0.0461
v 0.2574 0.7605 -0.0457
v 0.2577 0.7557 -0.0390
v 0.2577 0.7554 -0.0268
v 0.2575 0.7520 -0.0139
v 0.2574 0.7501 -0.0031
v 0.2574 0.7528 0.0260
v 0.2577 0.7562 0.0365
v 0.2578 0.7554 0.0490
v 0.2575 0.7577 0.0554
v 0.2576 0.7689 -0.0465
v 0.2579 0.7691 -0.0386
v 0.2576 0.7672 -0.0285
v 0.2577 0.7687 0.0381
v 0.2579 0.7683 0.0479
v 0.2576 0.7700 0.0566
v 0.2577 0.7805 -0.0467
v 0.2579 0.7815 -0.0388
v 0.2576 0.7818 -0.0292
v 0.2576 0.7806 0.0380
v 0.2578 0.7810 0.0482
v 0.2576 0.7813 0.0561
v 0.2574 0.7901 -0.0457
v 0.2578 0.7946 -0.0391
v 0.2576 0.7945 -0.0291
v 0.2575 0.7933 0.0391
v 0.2576 0.7937 0.0490
v 0.2574 0.7893 0.0554
v 0.2577 0.8042 -0.0362
v 0.2578 0.8065 -0.0264
v 0.2575 0.8074 -0.0139
v 0.2575 0.8091 -0.0024
v 0.2575 0.8091 0.0108
v 0.2575 0.8090 0.0231
v 0.2577 0.8079 0.0370
v 0.2576 0.8041 0.0451
v 0.2577 0.8165 -0.0241
v 0.2577 0.8179 -0.0139
v 0.2577 0.8192 -0.0016
v 0.2577 0.8190 0.0112
v 0.2577 0.8179 0.0234
v 0.2577 0.8156 0.0332
v 0.2722 0.2474 0.0147
v 0.2742 0.2448 0.0236
v 0.2755 0.2446 0.0359
v 0.2753 0.2452 0.0483
v 0.2741 0.2461 0.0605
v 0.2723 0.2477 0.0724
v 0.2706 0.2496 0.0815
v 0.2716 0.2614 0.0048
v 0.2758 0.2562 0.0101
v 0.2802 0.2520 0.0215
v 0.2814 0.2507 0.0352
v 0.2813 0.2508 0.0491
v 0.2805 0.2519 0.0617
v 0.2789 0.2549 0.0745
v 0.2745 0.2562 0.0853
v 0.2711 0.2598 0.0944
v 0.2747 0.2692 0.0020
v 0.2803 0.2642 0.0064
v 0.2790 0.2675 0.0875
v 0.2732 0.2693 0.0964
v 0.2757 0.2815 -0.0019
v 0.2811 0.2813 0.0907
v 0.2748 0.2811 0.0981
v 0.2768 0.2988 -0.0084
v 0.2750 0.2927 -0.0053
v 0.2811 0.2941 0.0913
v 0.2753 0.2937 0.0977
v 0.2755 0.3070 -0.0115
v 0.2800 0.3060 0.0902
v 0.2737 0.3050 0.0967
v 0.2760 0.3187 -0.0154
v 0.2774 0.3192 0.0879
v 0.2723 0.3156 0.0941
v 0.2718 0.3364 -0.0202
v 0.2761 0.3309 -0.0182
v 0.2792 0.3333 0.0765
v 0.2744 0.3295 0.0849
v 0.2735 0.3444 -0.0209
v 0.2795 0.3432 -0.0190
v 0.2806 0.3480 0.0651
v 0.2762 0.3433 0.0740
v 0.2714 0.3394 0.0810
v 0.2723 0.3607 -0.0344
v 0.2754 0.3574 -0.0251
v 0.2803 0.3571 -0.0186
v 0.2803 0.3608 0.0529
v 0.2772 0.3570 0.0613
v 0.2727 0.3534 0.0704
v 0.2738 0.3701 -0.0356
v 0.2805 0.3677 -0.0299
v 0.2805 0.3731 0.0387
v 0.2768 0.3705 0.0486
v 0.2722 0.3685 0.0582
v 0.2742 0.3813 -0.0352
v 0.2796 0.3830 -0.0309
v 0.2809 0.3753 0.0409
v 0.2797 0.3767 0.0495
v 0.2769 0.3807 0.0617
v 0.2722 0.3831 0.0695
v 0.2735 0.3944 -0.0362
v 0.2797 0.3936 -0.0295
v 0.2773 0.3955 0.0625
v 0.2722 0.3924 0.0694
v 0.2727 0.4054 -0.0350
v 0.2784 0.4070 -0.0287
v 0.2810 0.4060 0.0525
v 0.2751 0.4066 0.0610
v 0.2704 0.4068 0.0677
v 0.2708 0.4153 -0.0334
v 0.2756 0.4186 -0.0259
v 0.2804 0.4207 -0.0164
v 0.2813 0.4217 0.0401
v 0.2779 0.4200 0.0489
v 0.2734 0.4172 0.0581
v 0.2718 0.4303 -0.0237
v 0.2767 0.4306 -0.0140
v 0.2796 0.4324 -0.0025
v 0.2805 0.4335 0.0112
v 0.2796 0.4331 0.0239
v 0.2771 0.4311 0.0362
v 0.2725 0.4300 0.0467
v 0.2721 0.4413 -0.0127
v 0.2740 0.4439 -0.0017
v 0.2754 0.4434 0.0110
v 0.2737 0.4438 0.0236
v 0.2719 0.4408 0.0343
v 0.2704 0.4512 -0.0004
v 0.2707 0.4519 0.0107
v 0.2706 0.4511 0.0192
v 0.2838 0.2602 0.0145
v 0.2854 0.2579 0.0237
v 0.2861 0.2569 0.0356
v 0.2863 0.2570 0.0485
v 0.2856 0.2584 0.0605
v 0.2837 0.2598 0.0706
v 0.2837 0.2730 0.0032
v 0.2871 0.2689 0.0107
v 0.2916 0.2687 0.0226
v 0.2923 0.2671 0.0365
v 0.2920 0.2664 0.0497
v 0.2915 0.2677 0.0607
v 0.2873 0.2684 0.0734
v 0.2836 0.2703 0.0826
v 0.2864 0.2821 0.0007
v 0.2925 0.2797 0.0090
v 0.2944 0.2778 0.0654
v 0.2914 0.2810 0.0737
v 0.2849 0.2815 0.0853
v 0.2889 0.2935 -0.0025
v 0.2917 0.2939 0.0746
v 0.2856 0.2936 0.0845
v 0.2856 0.3071 -0.0096
v 0.2914 0.3041 -0.0054
v 0.2946 0.3114 0.0675
v 0.2913 0.3059 0.0748
v 0.2850 0.3056 0.0840
v 0.2876 0.3184 -0.0112
v 0.2937 0.3170 -0.0065
v 0.2932 0.3211 0.0643
v 0.2891 0.3177 0.0734
v 0.2838 0.3166 0.0819
v 0.2886 0.3304 -0.0123
v 0.2941 0.3326 0.0535
v 0.2904 0.3310 0.0612
v 0.2851 0.3291 0.0717
v 0.2884 0.3432 -0.0129
v 0.2940 0.3453 -0.0067
v 0.2935 0.3477 0.0403
v 0.2913 0.3443 0.0494
v 0.2867 0.3421 0.0603
v 0.2832 0.3392 0.0683
v 0.2865 0.3568 -0.0132
v 0.2930 0.3571 -0.0037
v 0.2944 0.3616 0.0107
v 0.2930 0.3600 0.0246
v 0.2908 0.3565 0.0361
v 0.2862 0.3556 0.0478
v 0.2839 0.3516 0.0567
v 0.2852 0.3690 -0.0239
v 0.2893 0.3691 -0.0137
v 0.2913 0.3685 -0.0012
v 0.2915 0.3698 0.0114
v 0.2886 0.3698 0.0238
v 0.2846 0.3691 0.0351
v 0.2830 0.3644 0.0441
v 0.2855 0.3820 -0.0251
v 0.2919 0.3823 -0.0152
v 0.2935 0.3757 0.0136
v 0.2917 0.3773 0.0246
v 0.2896 0.3803 0.0367
v 0.2859 0.3820 0.0483
v 0.2829 0.3846 0.0573
v 0.2845 0.3949 -0.0236
v 0.2901 0.3946 -0.0134
v 0.2932 0.3970 -0.0033
v 0.2943 0.3996 0.0072
v 0.2943 0.3992 0.0248
v 0.2925 0.3954 0.0363
v 0.2872 0.3948 0.0486
v 0.2832 0.3931 0.0565
v 0.2843 0.4043 -0.0224
v 0.2880 0.4061 -0.0140
v 0.2917 0.4058 -0.0015
v 0.2926 0.4062 0.0111
v 0.2916 0.4063 0.0238
v 0.2886 0.4066 0.0366
v 0.2844 0.4061 0.0470
v 0.2839 0.4170 -0.0123
v 0.2866 0.4183 -0.0011
v 0.2875 0.4195 0.0110
v 0.2876 0.4184 0.0233
v 0.2847 0.4185 0.0358
v 0.2834 0.4148 0.0457
v 0.2830 0.4271 0.0007
v 0.2835 0.4278 0.0113
v 0.2830 0.4271 0.0234
v 0.2953 0.2749 0.0264
v 0.2953 0.2735 0.0341
v 0.2954 0.2728 0.0484
v 0.2953 0.2736 0.0574
v 0.2960 0.2837 0.0127
v 0.2975 0.2812 0.0234
v 0.2983 0.2812 0.0355
v 0.2982 0.2811 0.0483
v 0.2967 0.2810 0.0602
v 0.2951 0.2842 0.0675
v 0.2962 0.2966 0.0024
v 0.2992 0.2942 0.0107
v 0.3016 0.2936 0.0238
v 0.3020 0.2943 0.0374
v 0.3015 0.2936 0.0481
v 0.2984 0.2933 0.0608
v 0.2953 0.2938 0.0683
v 0.2976 0.3072 0.0002
v 0.3028 0.3061 0.0117
v 0.3044 0.3063 0.0233
v 0.3038 0.3064 0.0368
v 0.3026 0.3053 0.0482
v 0.2985 0.3064 0.0610
v 0.2952 0.3037 0.0688
v 0.2984 0.3185 -0.0005
v 0.3033 0.3188 0.0110
v 0.3049 0.3194 0.0234
v 0.3033 0.3188 0.0362
v 0.3003 0.3185 0.0490
v 0.2970 0.3167 0.0595
v 0.2977 0.3313 -0.0018
v 0.3026 0.3311 0.0112
v 0.3033 0.3310 0.0240
v 0.3012 0.3308 0.0365
v 0.2974 0.3301 0.0476
v 0.2955 0.3257 0.0555
v 0.2971 0.3438 -0.0010
v 0.3003 0.3435 0.0108
v 0.3000 0.3431 0.0238
v 0.2973 0.3431 0.0350
v 0.2957 0.3389 0.0449
v 0.2959 0.3541 0.0015
v 0.2969 0.3552 0.0105
v 0.2964 0.3537 0.0224
v 0.2950 0.3520 0.0306
v 0.2952 0.3749 -0.0024
v 0.2951 0.3790 -0.0089
v 0.2968 0.3813 -0.0011
v 0.2976 0.3818 0.0111
v 0.2965 0.3832 0.0236
v 0.2954 0.3865 0.0323
v 0.2960 0.3921 0.0001
v 0.2968 0.3940 0.0115
v 0.2962 0.3938 0.0232
v 0.2955 0.3892 0.0314
f 10359 10366 10367
f 9596 9599 9988
f 9991 9988 9599
f 9601 9243 9246
f 9601 9246 9603
f 8915 9246 9243
f 8915 9243 8912
f 8912 8591 8594
f 8912 8594 8915
f 8915 8594 8598
f 8915 8598 8918
f 8594 8591 8265
f 8594 8265 8270
f 8594 8270 8271
f 8594 8271 8595
f 8595 8271 8275
f 8594 8595 8599
f 8599 8595 8275
f 8598 8594 8599
f 8599 8275 8602
f 8602 8275 8279
f 8918 8598 8599
f 8599 8602 8922
f 8599 8922 8918
f 8918 8922 8921
f 8922 9254 8921
f 8926 8922 8602
f 8926 8602 8606
f 8283 8606 8602
f 8279 8283 8602
f 8609 8606 8287
f 8606 8283 8287
f 8283 8284 8288
f 8283 8288 8287
f 8284 7967 8288
f 8288 7967 7971
f 8287 8288 8609
f 10786 10367 10793
f 10367 10786 10359
f 10786 10793 10787
f 10787 10793 10794
f 10787 10794 11220
f 10787 11220 11213
f 11220 11221 11213
f 11213 11221 11214
f 11213 11214 10787
f 10787 11214 10788
f 10788 11214 11215
f 10789 10788 11215
f 10786 10787 10359
f 10787 10360 10359
f 10360 10787 10361
f 10361 10787 10788
f 10361 10788 10362
f 10362 10788 10789
f 11216 10789 11215
f 10790 10789 11216
f 11216 11215 11649
f 11215 11648 11649
f 11638 11650 12034
f 11650 11638 11202
f 11202 11638 11639
f 11639 11203 11202
f 10790 11216 11217
f 11217 11216 11650
f 11650 11216 11649
f 11217 11650 11202
f 10791 10790 11217
f 10791 11217 11202
f 10791 11202 10775
f 10775 11202 11203
f 10775 11203 10776
f 10775 10348 10791
f 10775 10776 10348
f 10776 10349 10348
f 10348 10349 10364
f 10791 10348 10364
f 10791 10364 10363
f 10791 10363 10790
f 10790 10363 10789
f 10789 10363 10362
f 10362 9983 10361
f 9982 10361 9983
f 10361 9982 10360
f 10360 9982 9981
f 10360 9981 10359
f 10359 9981 9980
f 9979 10359 9980
f 10793 10367 10366
f 10366 9989 10369
f 10369 9989 9992
f 9989 9988 9991
f 9989 9991 9992
f 9991 9994 9992
f 9601 9991 9599
f 9991 9601 9994
f 9994 9601 9998
f 9994 9998 9995
f 9992 9994 9995
f 10372 10369 9995
f 9995 10369 9992
f 10366 10369 10796
f 10366 10796 10793
f 10796 10369 10370
f 10793 10796 10797
f 10794 10793 10797
f 10794 10797 11225
f 11220 10794 11225
f 11220 11225 11221
f 11221 11225 11226
f 11221 11226 11227
f 11214 11221 11654
f 11654 11221 11653
f 11215 11214 11648
f 11648 11214 11654
f 11648 11654 11655
f 11648 11655 11649
f 12041 11655 11656
f 11655 12041 12040
f 11649 11655 12033
f 12033 11655 12040
f 12033 12040 12041
f 12033 12041 12034
f 12033 12034 11649
f 12041 12042 12034
f 12034 12042 12035
f 11649 12034 11650
f 12034 12035 12025
f 12034 12025 11638
f 11638 12025 11639
f 12301 12036 12307
f 12043 12036 12035
f 12036 12043 12307
f 12301 12307 12308
f 12302 12301 12308
f 12303 12302 12308
f 12303 12308 12309
f 12303 12309 12304
f 12309 12310 12304
f 12304 12310 12311
f 12305 12304 12311
f 12303 12304 12299
f 12298 12303 12299
f 12302 12303 12297
f 12297 12303 12298
f 12297 12298 12027
f 12027 12298 12028
f 12304 12305 12299
f 12300 12299 12305
f 12306 12305 12311
f 12305 12306 12031
f 12300 12305 12031
f 12300 12031 12030
f 12298 12299 12029
f 12298 12029 12028
f 12029 12299 12030
f 12030 12299 12300
f 12030 12031 11644
f 12031 11645 11644
f 11645 12031 11646
f 11210 11646 11211
f 11211 10783 11210
f 10783 10356 10782
f 10356 10355 10782
f 11210 10783 11209
f 11209 10783 10782
f 11646 11210 11209
f 11646 11209 11645
f 11209 10782 10781
f 10781 10782 10355
f 10781 10355 10354
f 10355 9975 9974
f 10355 9974 10354
f 9973 9974 9582
f 10354 9974 10353
f 9974 9973 10353
f 9973 9581 9580
f 9973 9580 9972
f 9973 9582 9581
f 9581 9221 9580
f 9580 9221 9220
f 9219 9579 9220
f 9220 9579 9580
f 10353 9973 9972
f 10353 9972 10352
f 10352 9972 9971
f 9971 9972 9580
f 9970 9971 9578
f 9578 9971 9579
f 9578 9577 9970
f 9217 9577 9218
f 9218 9577 9578
f 9218 9578 9579
f 9218 9579 9219
f 9580 9579 9971
f 10796 10370 10799
f 10373 10799 10370
f 10373 10370 10372
f 10372 10370 10369
f 10372 9995 10375
f 10375 9995 9998
f 10376 10372 10375
f 10372 10376 10373
f 10799 10373 10802
f 10799 10800 10796
f 10796 10800 10797
f 10797 10800 11225
f 10800 11230 11225
f 11230 10800 11231
f 11225 11230 11231
f 11226 11225 11231
f 11232 11231 11236
f 11236 11231 11235
f 11226 11231 11232
f 11227 11226 11232
f 11227 11659 11222
f 11227 11222 11221
f 11222 11659 11654
f 11222 11654 11221
f 11660 11654 11659
f 11654 11660 11655
f 11660 11659 11665
f 11665 11659 11227
f 11660 11661 11655
f 11655 11661 11656
f 11656 11661 12041
f 12041 11661 12046
f 12047 12046 11661
f 12046 12047 12042
f 12042 12041 12046
f 12042 12047 12048
f 12047 12046 12052
f 12046 11661 11666
f 12052 12046 11666
f 12052 11666 11667
f 11667 11666 11672
f 11667 11672 12052
f 11672 11666 11671
f 11672 12060 12052
f 11665 11661 11660
f 11661 11665 11666
f 11671 11666 11670
f 11670 11666 11665
f 11237 11670 11665
f 11676 11671 11670
f 11677 11671 11676
f 11237 11676 11670
f 11676 11237 11243
f 11237 11236 11243
f 11243 11236 11242
f 11232 11236 11237
f 11232 11237 11665
f 11664 11232 11665
f 11227 11232 11665
f 10373 10376 10802
f 10376 10375 10380
f 10380 10375 10379
f 10379 10375 10001
f 10001 10375 9998
f 10380 10379 10001
f 9998 9997 9604
f 9997 9998 9603
f 9997 9603 9604
f 9603 9998 9601
f 9604 9603 9608
f 9603 9607 9608
f 9604 9608 10001
f 9604 10001 9998
f 10001 10003 10379
f 10003 10004 10379
f 10004 10003 10382
f 10004 10382 10380
f 10004 10380 10379
f 10382 10004 10009
f 10382 10009 10386
f 10004 10003 10009
f 10003 10008 10009
f 10009 10008 9614
f 10014 10009 9614
f 9614 10008 10003
f 9614 10003 9611
f 10003 10001 9608
f 10003 9608 9611
f 9611 9608 9254
f 9607 9603 9249
f 9249 9603 9246
f 9607 9249 9608
f 9608 9249 9250
f 9608 9250 9254
f 8918 9249 9246
f 9246 8915 8918
f 9249 8918 8921
f 9249 8921 9253
f 9253 8921 9254
f 9253 9254 9249
f 9249 9254 9250
f 9257 9254 8922
f 9257 8922 8926
f 9611 9254 9257
f 9611 9257 9614
f 9614 9257 9260
f 9614 9260 9617
f 8926 8606 8609
f 8926 8609 8929
f 8926 8929 9257
f 9257 8929 9260
f 8932 9260 8929
f 9260 8932 9263
f 9260 9263 9621
f 9260 9621 9617
f 9614 9617 9618
f 9614 9618 10014
f 8932 8929 8612
f 8612 8929 8609
f 10803 10799 10802
f 10799 10803 10800
f 10804 10800 10803
f 10800 10804 11231
f 11231 10804 11235
f 10804 10803 10809
f 11241 10804 10809
f 10804 11241 11235
f 10809 10803 10808
f 10803 10802 10808
f 10808 10802 10376
f 10376 10380 10808
f 10808 10380 10807
f 10380 10382 10808
f 10808 10382 10813
f 10813 10382 10383
f 10813 10814 10808
f 10813 10818 10814
f 10814 10818 10819
f 10814 11247 11248
f 11248 10814 10819
f 11259 11248 10819
f 11259 11260 11248
f 11248 11260 11249
f 11260 11261 11249
f 11248 11249 11242
f 11242 11249 11243
f 11248 11242 11241
f 11248 11241 11247
f 10814 11247 11241
f 10814 11241 10809
f 10814 10809 10808
f 9989 10366 10359
f 9989 10359 9979
f 9989 9979 9980
f 9588 9980 9981
f 9981 9589 9588
f 9981 9982 9590
f 9589 9981 9590
f 9590 9591 9230
f 9230 9591 9231
f 9231 9591 9592
f 9231 9592 9232
f 9232 9592 9233
f 9233 9592 9593
f 9233 9234 8900
f 9234 8901 8900
f 8901 8580 8900
f 8901 8885 8580
f 8885 8901 9217
f 8886 8885 9217
f 9218 8886 9217
f 9217 8901 9234
f 8886 9218 8887
f 8887 9218 9219
f 8887 9219 9220
f 8887 9220 8888
f 8568 8887 8888
f 8568 8888 8569
f 8886 8887 8568
f 8567 8886 8568
f 8885 8886 8566
f 8566 8886 8567
f 8566 8567 8239
f 8580 8566 8238
f 8238 8566 8239
f 8580 8238 8251
f 8238 8239 8251
f 8239 8567 8240
f 8240 8567 8568
f 8240 8568 8569
f 8569 8888 8889
f 8569 8889 8570
f 8570 8241 8569
f 8241 8570 8242
f 8242 8243 7924
f 8569 8241 8240
f 7922 8240 8241
f 8239 8240 7922
f 8239 7922 7921
f 7921 7922 7933
f 7933 7922 7934
f 8239 7921 7932
f 8239 7932 8251
f 7933 7932 7921
f 8251 7932 8250
f 8580 8251 8579
f 8251 8250 8579
f 8566 8580 8885
f 8580 8579 8900
f 8578 8579 8249
f 8249 8579 8250
f 8578 8249 8248
f 8578 8248 8577
f 7929 8248 8249
f 8248 7929 8247
f 8247 7929 7928
f 7929 7582 7928
f 7928 7582 7581
f 7582 7929 7930
f 7929 8249 7930
f 7582 7930 7583
f 7930 8249 7931
f 7931 8249 8250
f 7930 7931 7583
f 7583 7931 7584
f 7582 7583 7251
f 7582 7251 7250
f 7931 8250 7932
f 7931 7932 7585
f 7931 7585 7584
f 7585 7932 7933
f 7585 7933 7586
f 7584 7585 7253
f 7584 7253 7252
f 7583 7584 7251
f 7251 7584 7252
f 7251 7252 7257
f 7252 7258 7257
f 7250 7251 7256
f 7256 7251 7257
f 7256 7257 7262
f 7257 7263 7262
f 7267 7262 7263
f 7267 7263 7268
f 7267 7268 7272
f 7267 7272 7271
f 7272 7268 7269
f 7272 7269 7273
f 7611 7273 7612
f 7277 7273 7611
f 7611 7612 7618
f 7611 7618 7277
f 7619 7618 7612
f 7619 7628 7618
f 7619 7620 7629
f 7619 7629 7628
f 7628 7627 7618
f 7618 7627 7277
f 7627 7280 7277
f 7276 7277 7280
f 7273 7277 7272
f 7277 7276 7272
f 7272 7276 7275
f 7271 7272 7275
f 7275 7276 7279
f 7279 7276 7280
f 7279 7280 7626
f 7626 7280 7627
f 7279 7626 7627
f 7626 7627 7634
f 7634 7627 7635
f 7626 7634 7625
f 7634 7633 7625
f 7625 7633 7624
f 7625 7278 7626
f 7626 7278 7279
f 7279 7278 7275
f 7275 7278 7625
f 7275 7625 7624
f 7617 7275 7624
f 7275 7617 7274
f 7275 7274 7270
f 7274 7617 7270
f 7270 7617 7610
f 7270 7271 7275
f 7271 7270 7266
f 7267 7271 7266
f 7266 7270 7610
f 7266 7610 7603
f 7602 7603 7609
f 7609 7603 7610
f 7609 7610 7617
f 7609 7617 7616
f 7616 7617 7624
f 7623 7616 7624
f 7632 7624 7633
f 7632 7631 7624
f 7624 7631 7623
f 7616 7623 7622
f 7615 7616 7622
f 7615 7622 7960
f 7960 7622 7964
f 7615 7960 7955
f 7608 7615 7955
f 7616 7615 7609
f 7609 7615 7608
f 7601 7608 7955
f 7609 7608 7601
f 7602 7609 7601
f 7950 7601 7955
f 7955 7954 7950
f 7950 7954 7949
f 7950 7949 7601
f 7601 7949 7596
f 7949 7944 7596
f 7601 7596 7602
f 7602 7596 7597
f 7603 7602 7266
f 7260 7266 7602
f 7260 7602 7597
f 7261 7266 7260
f 7266 7261 7267
f 7262 7267 7261
f 7262 7261 7256
f 7256 7261 7255
f 7255 7261 7260
f 7255 7260 7254
f 7260 7597 7254
f 7597 7590 7254
f 7254 7590 7255
f 7590 7597 7589
f 7589 7597 7596
f 7945 7596 7944
f 7939 7596 7945
f 7596 7939 7589
f 7939 7945 7944
f 7939 7944 7938
f 7590 7589 7939
f 7590 7939 7940
f 7590 7940 7927
f 7590 7927 7580
f 7580 7927 7928
f 7581 7580 7928
f 7927 7940 7939
f 7927 7939 7926
f 7927 7926 8246
f 7926 7939 8245
f 7926 8245 8246
f 7939 8257 8245
f 8245 8574 8246
f 8246 8574 8575
f 8246 8575 8576
f 8246 8576 8247
f 7927 8246 7928
f 7928 8246 8247
f 7580 7581 7590
f 7590 7581 7591
f 7590 7591 7255
f 7255 7591 7581
f 7256 7255 7250
f 7250 7255 7581
f 7582 7250 7581
f 9597 9989 9979
f 9597 9979 9587
f 9587 9979 9980
f 9587 9980 9588
f 9587 9588 9227
f 9597 9587 9237
f 9237 9587 9227
f 9228 9227 9588
f 9588 9589 9229
f 9588 9229 9228
f 8895 9227 9228
f 8895 9228 8896
f 8896 9228 9229
f 9589 9590 9229
f 9229 9590 9230
f 9229 9230 8896
f 8896 9230 8897
f 9230 9231 8897
f 8898 8897 9231
f 9231 9232 8898
f 8898 9232 8899
f 8578 8898 8899
f 8898 8578 8577
f 8900 8579 8578
f 8900 8578 8899
f 9232 8900 8899
f 8900 9232 9233
f 9596 9988 9989
f 9596 9989 9597
f 9236 9596 9597
f 9236 9597 9237
f 8904 9236 9237
f 8904 9237 8905
f 8904 8909 9236
f 9240 9236 8909
f 9236 9240 9599
f 9236 9599 9596
f 9601 9599 9243
f 9243 9599 9240
f 9240 8909 9243
f 9243 8909 8912
f 8912 8909 8588
f 8591 8912 8588
f 8591 8588 8265
f 8909 8904 8583
f 8588 8909 8583
f 8588 8260 8265
f 8260 8261 8265
f 8261 8260 7944
f 8265 8261 7949
f 7949 8261 7944
f 8256 7938 7944
f 7939 7938 8256
f 7939 8256 8257
f 8257 8256 8584
f 8257 8584 8585
f 8574 8257 8585
f 8257 8574 8245
f 8574 8585 8584
f 8895 8574 8584
f 8905 8895 8584
f 8584 8256 8583
f 8256 8255 8583
f 8583 8255 8260
f 8588 8583 8260
f 8583 8904 8905
f 8583 8905 8584
f 8895 8905 9237
f 8895 9237 9227
f 10363 10364 9984
f 10362 10363 9984
f 9983 10362 9984
f 9982 9983 9590
f 9590 9983 9591
f 9591 9983 9592
f 9593 9592 9985
f 9985 9592 9984
f 9984 9592 9983
f 9593 9985 9986
f 9593 9986 9594
f 9594 9986 9969
f 9969 9986 9985
f 9594 9969 9577
f 9593 9594 9233
f 9234 9233 9594
f 9234 9594 9577
f 9217 9234 9577
f 9577 9969 9970
f 10350 9970 9969
f 10349 10350 9969
f 9969 9985 10349
f 10349 9985 10348
f 9985 10364 10348
f 10364 9985 9984
f 10350 10349 10777
f 10777 10349 10776
f 10776 11203 10777
f 10777 11203 11204
f 10777 11204 11205
f 10778 10777 11205
f 10778 11205 10779
f 10779 11205 11206
f 11206 11205 11641
f 11642 11206 11641
f 11205 11204 11641
f 11641 11204 11640
f 11204 11203 11640
f 11641 11640 12027
f 11640 12026 12027
f 12026 11640 11639
f 12026 11639 12025
f 11639 11640 11203
f 12025 12035 12036
f 12025 12036 12026
f 12297 12027 12026
f 12302 12297 12301
f 12301 12297 12026
f 12027 12028 11641
f 11642 11641 12028
f 12028 12029 11642
f 11642 12029 11643
f 12029 12030 11643
f 11643 12030 11644
f 11643 11207 11206
f 11643 11206 11642
f 10779 11206 11207
f 10780 10779 11207
f 10352 10779 10780
f 10352 10780 10353
f 10354 10353 10781
f 10353 10780 10781
f 10781 11208 11209
f 11645 11209 11644
f 11644 11209 11208
f 11643 11644 11207
f 11207 11644 11208
f 10780 11207 10781
f 10781 11207 11208
f 12035 12042 12043
f 12043 12042 12048
f 12048 12047 12053
f 12053 12047 12052
f 12313 12048 12049
f 12049 12048 12053
f 12054 12049 12053
f 12314 12313 12319
f 12313 12314 12308
f 12308 12314 12309
f 12313 12308 12048
f 12043 12048 12308
f 12043 12308 12307
f 12310 12309 12314
f 12315 12310 12314
f 12320 12315 12314
f 12315 12320 12321
f 12316 12315 12321
f 12316 12311 12315
f 12315 12311 12310
f 12026 12036 12301
f 12054 12053 12062
f 12062 12053 12061
f 12053 12052 12061
f 12052 12060 12061
f 12060 12067 12061
f 12067 12060 11678
f 11678 12060 11672
f 12061 12067 12068
f 12067 11678 12068
f 11672 11671 11678
f 11678 11679 12068
f 11688 11679 11678
f 11688 11678 11687
f 11678 11677 11687
f 11686 11687 11677
f 11677 11678 11671
f 11677 11676 11243
f 11243 11249 11677
f 11677 11249 11686
f 11686 11249 11250
f 11250 11249 11261
f 11686 11250 11687
f 11250 11261 11251
f 11250 11251 11687
f 11261 11262 11251
f 11251 11262 11687
f 11687 11262 11688
f 11688 11262 11263
f 11688 11263 11252
f 11688 11252 11689
f 11252 11263 11253
f 11252 11253 11689
f 11264 11253 11263
f 11264 11263 11273
f 11264 11273 11274
f 11264 11274 10828
f 11265 11264 10821
f 10821 11264 10828
f 10821 10822 11266
f 10821 11266 11265
f 11253 11264 11254
f 11253 11254 11689
f 11254 11264 11265
f 11254 11265 11690
f 11254 11690 11689
f 11254 11265 11255
f 11255 11265 11266
f 11690 11254 11691
f 11691 11254 11255
f 11691 11682 11681
f 11690 11691 11681
f 11681 11682 12070
f 12070 11682 12071
f 11680 11689 11690
f 11690 11681 11680
f 11680 11681 12069
f 11681 12070 12069
f 12071 12072 12064
f 12064 12072 12065
f 12070 12071 12063
f 12063 12071 12064
f 12065 12057 12056
f 12065 12056 12064
f 12057 12321 12320
f 12056 12057 12320
f 12320 12314 12319
f 12056 12320 12319
f 12319 12313 12318
f 12319 12318 12054
f 12319 12054 12055
f 12318 12313 12049
f 12318 12049 12054
f 12055 12054 12063
f 12063 12054 12062
f 12063 12064 12055
f 12319 12055 12056
f 12056 12055 12064
f 12070 12063 12062
f 12069 12070 12062
f 11679 12069 12068
f 12069 11679 11680
f 11689 11680 11679
f 11688 11689 11679
f 12068 12069 12061
f 12061 12069 12062
f 10350 10777 10778
f 10350 10778 10351
f 10350 10351 9970
f 9970 10351 9971
f 10778 10779 10352
f 10778 10352 10351
f 9971 10351 10352
f 10383 10382 10387
f 10383 10387 10813
f 10813 10387 10818
f 10386 10387 10382
f 10386 10009 10392
f 10009 10014 10392
f 10386 10392 10393
f 10386 10393 10387
f 10396 10392 10014
f 10396 10014 10018
f 10013 10018 10014
f 10017 10018 10013
f 10017 10013 9621
f 9621 10013 9617
f 9617 10013 9618
f 10017 9621 9623
f 10017 10020 10018
f 10018 10020 10021
f 10018 10021 10396
f 10396 10021 10399
f 10833 10832 10396
f 10399 10400 10837
f 10399 10837 10396
f 10396 10837 10833
f 10841 10842 10837
f 10837 10842 10838
f 10838 10842 11287
f 10833 10837 10838
f 10833 10838 11276
f 10833 11276 10834
f 11276 10838 11282
f 11282 10838 11287
f 11288 11282 11287
f 11708 11715 11709
f 11288 11708 11289
f 11708 11709 11289
f 11716 11717 11710
f 11710 11709 11716
f 11710 11717 11718
f 11710 11718 11711
f 11711 11718 11719
f 11709 11710 11703
f 11703 11710 11704
f 11289 11709 11288
f 11288 11709 11703
f 11703 11697 11702
f 11703 11704 11697
f 11704 11710 11711
f 11705 11704 11711
f 11712 11705 11711
f 11712 11711 11719
f 11713 11720 11721
f 11713 11721 11714
f 11290 11713 11714
f 11290 11285 11713
f 11707 11713 11285
f 11707 11285 11284
f 11713 11707 11712
f 11712 11707 11706
f 11712 11706 11705
f 11706 11700 11705
f 11699 11705 11700
f 11700 11706 11707
f 11701 11700 11707
f 11696 11699 11700
f 11696 11700 11273
f 11696 11273 11272
f 11699 11696 11695
f 11699 11695 11698
f 11695 11696 11271
f 11271 11696 11272
f 11279 11274 11273
f 11279 11273 11700
f 11279 11700 11701
f 11279 11701 11284
f 11284 11701 11707
f 11279 11284 11280
f 11284 11285 11280
f 11281 11280 11285
f 11280 11281 10830
f 10830 11281 10835
f 11275 11280 10830
f 11279 11280 11274
f 11274 11280 11275
f 10828 11274 10829
f 11274 11275 10829
f 10828 10829 10821
f 10821 10829 10822
f 10822 10829 10830
f 10822 10388 10823
f 10823 10388 10389
f 10388 10822 10830
f 10394 10388 10830
f 10394 10830 10395
f 10388 10394 10010
f 10015 10394 10395
f 10394 10015 10010
f 10389 10388 10010
f 11242 11236 11235
f 11241 11242 11235
f 10825 10392 10396
f 10393 10392 10825
f 10825 10396 10833
f 10826 10825 11268
f 11268 10825 10834
f 10834 10825 10833
f 11268 10834 11276
f 11276 11282 11277
f 11277 11282 11283
f 11277 11702 11697
f 11702 11277 11283
f 11702 11283 11703
f 11703 11283 11288
f 11288 11283 11282
f 10819 10820 11259
f 11260 11259 11269
f 11260 11269 11270
f 11259 10820 11269
f 11269 10820 10827
f 10819 10818 10826
f 10818 10387 10825
f 10818 10825 10826
f 10387 10393 10825
f 10826 10827 10819
f 10819 10827 10820
f 11261 11260 11270
f 11273 11263 11272
f 11272 11263 11262
f 10826 11268 11269
f 10826 11269 10827
f 11268 11276 11277
f 11268 11277 11269
f 11269 11277 11278
f 11269 11278 11270
f 11278 11277 11697
f 11270 11278 11697
f 11698 11697 11704
f 11698 11704 11699
f 11699 11704 11705
f 11698 11695 11697
f 11697 11695 11694
f 11695 11271 11270
f 11695 11270 11694
f 11697 11694 11270
f 11270 11271 11261
f 11261 11271 11262
f 11262 11271 11272
f 10404 10400 10399
f 10400 10404 10841
f 10400 10841 10837
f 10404 10399 10403
f 10403 10399 10024
f 10024 10399 10021
f 10020 9623 10021
f 9623 10020 10017
f 10024 10021 9623
f 10024 9623 9627
f 9623 9626 9627
f 10841 10404 10407
f 10846 10841 10407
f 11293 10846 10850
f 10850 10851 11293
f 10851 11298 11293
f 10851 10850 10855
f 10855 10850 10854
f 10855 11302 10851
f 10851 11302 11298
f 11302 10855 11303
f 10855 10858 10859
f 10855 10859 11303
f 11299 11298 11302
f 10846 11293 10847
f 10841 10846 11293
f 11293 11287 10841
f 10841 11287 10842
f 11287 11293 11288
f 11287 11293 11294
f 11288 11287 11294
f 11288 11715 11708
f 11288 11294 11715
f 11715 11716 11709
f 11718 11717 11725
f 11725 11717 11724
f 11718 11725 11719
f 11726 11719 11725
f 11733 11726 11725
f 11726 11733 11734
f 11726 11734 11727
f 11726 11727 11719
f 11720 11719 11727
f 11720 11727 11728
f 11720 11728 11721
f 11721 11728 11296
f 11296 11728 11300
f 11306 11300 11305
f 11305 11300 11728
f 11305 11728 11735
f 11728 11727 11735
f 11735 11727 11734
f 11306 11305 11311
f 11311 11305 11310
f 11316 11311 11310
f 11310 11315 11316
f 11321 11316 11315
f 11321 11315 11320
f 11327 11321 11320
f 11326 11327 11320
f 11333 11327 11326
f 11333 11326 11332
f 11326 11756 11332
f 11756 11326 11757
f 11757 11326 11320
f 11752 11757 11320
f 11752 11320 11746
f 11746 11320 11315
f 11751 11752 11746
f 11745 11746 11739
f 11746 11745 11751
f 11740 11739 11746
f 11740 11746 11315
f 11740 11315 11310
f 11740 11310 11739
f 11310 11305 11739
f 11739 11305 11735
f 11739 11735 11734
f 11738 11739 11734
f 11738 11734 11733
f 11732 11733 11725
f 11738 11733 11732
f 11738 11732 11737
f 11738 11737 11744
f 11737 11736 11743
f 11742 11743 11736
f 11736 11309 11314
f 11304 11309 11730
f 11730 11309 11731
f 11731 11309 11736
f 11303 11304 11730
f 11309 11304 11303
f 11308 11309 11303
f 10859 11308 11303
f 11302 11303 11299
f 11729 11303 11730
f 11729 11730 11723
f 11723 11730 11731
f 11731 11736 11737
f 11731 11737 11732
f 11732 11725 11731
f 11725 11732 11724
f 11731 11725 11724
f 11731 11724 11723
f 11723 11724 11716
f 11717 11716 11724
f 11716 11715 11723
f 11715 11722 11723
f 11722 11715 11299
f 11715 11294 11299
f 11294 11293 11299
f 11299 11293 11298
f 11299 11303 11722
f 11722 11303 11729
f 11722 11729 11723
f 10014 9618 10013
f 9621 9265 9623
f 9621 9263 9265
f 9265 9263 8934
f 8934 9263 8932
f 8612 8291 8615
f 8291 8295 8615
f 8295 8291 8296
f 8615 8295 8616
f 8295 8296 8616
f 8620 8296 8299
f 8616 8296 8620
f 8296 8616 8615
f 8932 8612 8615
f 8934 8932 8615
f 8615 8619 8934
f 8619 8615 8620
f 8620 8615 8616
f 8937 8619 8620
f 8620 8299 8623
f 8623 8299 8302
f 8620 8938 8937
f 8620 8623 8619
f 8937 8619 8622
f 8622 8619 8623
f 8937 8622 8940
f 8619 8937 8934
f 9623 9265 9626
f 9626 9265 9268
f 9627 9626 9268
f 8937 9268 9265
f 8934 8937 9265
f 8940 8622 8623
f 8940 8623 8941
f 8623 8302 8305
f 8305 8302 7992
f 8305 7992 7993
f 8305 8625 8623
f 8625 8305 8627
f 8627 8305 8309
f 8305 8306 8309
f 8306 8305 7993
f 8306 7993 8310
f 8306 8310 8309
f 8310 7993 7995
f 8623 8625 8941
f 8941 8625 8943
f 8941 8943 8940
f 8937 8940 9270
f 9268 9270 9626
f 9270 9629 9626
f 9270 9268 8937
f 9627 9626 9630
f 9627 9630 10024
f 9626 9629 9630
f 10024 9630 10027
f 9630 9629 9270
f 9630 9270 9272
f 9632 9630 9272
f 9272 9270 8940
f 9272 8940 8943
f 8945 8943 8627
f 8627 8943 8625
f 8943 8945 9274
f 8943 9274 9272
f 9632 9272 9274
f 9632 9274 9634
f 9630 9632 10027
f 9632 10029 10027
f 10029 9632 9634
f 10029 9634 10031
f 10027 10029 10406
f 10024 10027 10403
f 10027 10406 10403
f 10404 10403 10406
f 10407 10404 10406
f 10407 10406 10411
f 10406 10410 10411
f 10410 10406 10029
f 10410 10029 10031
f 10414 10410 10031
f 10411 10410 10415
f 10415 10410 10414
f 10414 10031 10415
f 10415 10031 10032
f 10850 10411 10415
f 10850 10846 10411
f 10411 10846 10407
f 10854 10850 10415
f 10854 10415 10419
f 10855 10854 10419
f 10855 10419 10858
f 10419 10415 10418
f 10419 10418 10858
f 10859 10858 11308
f 11308 10858 10863
f 11313 11308 10863
f 10858 10418 10863
f 10863 10418 10422
f 10863 10422 10862
f 10422 10425 10866
f 10422 10866 10867
f 10422 10867 10863
f 10863 10867 11313
f 10867 11318 11313
f 10867 10871 11318
f 11318 10871 11323
f 10874 10875 10871
f 10874 10871 10870
f 10432 10874 10428
f 10428 10874 10870
f 10428 10870 10871
f 10867 10866 10871
f 10428 10871 10866
f 10428 10866 10425
f 10432 10049 10048
f 10432 10428 10045
f 10048 10432 10045
f 10045 10428 10041
f 10428 10425 10041
f 10425 10042 10041
f 10042 10425 10039
f 10039 10425 10422
f 10041 10042 10038
f 10042 10039 10038
f 10045 10041 9644
f 9644 10041 9642
f 10048 10045 9646
f 9646 10045 9644
f 9646 9288 9287
f 9646 9287 9291
f 9287 9288 9284
f 9284 9288 9646
f 9291 9287 8960
f 8960 9287 8958
f 8958 9287 9283
f 9287 9288 9283
f 9283 9288 9284
f 9283 8954 8958
f 9283 9284 8954
f 8955 8954 9284
f 8641 8958 8954
f 8958 8641 8960
f 8960 8641 8644
f 8644 8641 8329
f 8325 8329 8641
f 8326 8329 8325
f 8326 8325 8641
f 8329 8326 8330
f 8016 8329 8330
f 8016 8330 8326
f 8011 8016 8326
f 8326 8641 8642
f 8642 8641 8638
f 8641 8637 8638
f 8637 8641 8954
f 8326 8642 8638
f 8637 8954 8955
f 8638 8637 8955
f 8638 8955 8952
f 8638 8952 8635
f 8952 8955 9281
f 9281 8955 9284
f 8952 9281 9279
f 8950 8952 9279
f 9279 9277 8950
f 8950 9277 8948
f 8635 8952 8950
f 8950 8633 8635
f 8633 8950 8630
f 8630 8950 8948
f 8322 8638 8635
f 8322 8635 8320
f 8638 8322 8326
f 8326 8322 8011
f 8011 8322 8008
f 8635 8633 8320
f 8320 8633 8316
f 8316 8633 8630
f 8312 8316 8630
f 8948 9277 9274
f 8948 9274 8945
f 9636 9277 9279
f 9636 9279 9639
f 9639 9279 9281
f 9639 9281 9642
f 9642 9281 9284
f 9642 9284 9644
f 9644 9284 9646
f 12031 12032 11646
f 12037 12031 12306
f 12312 12306 12311
f 12306 12312 12044
f 12037 12306 12044
f 12311 12316 12312
f 12044 12045 12037
f 12045 12038 12037
f 12037 12038 12031
f 12031 12038 12032
f 12032 12038 11646
f 11646 11647 11211
f 11211 10784 10783
f 10356 10783 10784
f 10356 10784 10357
f 10785 10784 11212
f 11212 10784 11211
f 11212 11211 11219
f 11219 11211 11218
f 11218 11211 11652
f 11652 11211 11647
f 11219 11218 11652
f 11647 11646 11652
f 11652 11646 11651
f 11651 11646 12038
f 11219 11652 11224
f 11219 11224 10795
f 11219 10795 10792
f 10792 10795 10368
f 10365 10792 10368
f 10365 10368 9990
f 10365 9990 9987
f 11212 11219 10785
f 11219 10792 10785
f 10785 10792 10358
f 10358 10792 10365
f 10358 10365 9987
f 9987 9978 10358
f 10785 10358 10784
f 10357 10784 10358
f 10357 10358 9978
f 10357 9978 9977
f 9977 9978 9585
f 9585 9978 9586
f 9584 9585 9225
f 9225 9224 9584
f 9225 9585 9226
f 9585 9586 9226
f 9226 9586 9235
f 9235 9586 9595
f 9225 9226 8893
f 8893 9226 8894
f 8903 8894 9226
f 8903 9226 9235
f 8894 8903 8902
f 9235 9239 8903
f 8908 8903 9239
f 8903 8908 8907
f 8902 8903 8907
f 8907 8908 9239
f 9239 9238 8907
f 9598 9239 9235
f 9598 9235 9595
f 9595 9987 9598
f 9987 9990 9598
f 9238 9239 9242
f 9239 9598 9242
f 9242 9598 9600
f 9600 9598 9993
f 9993 9598 9990
f 9990 10368 9993
f 9993 10368 10371
f 9993 10371 9996
f 9996 10371 10374
f 9993 9996 9602
f 9600 9993 9602
f 9241 9242 9244
f 9242 9241 9238
f 9241 8911 9238
f 9238 8911 8907
f 8911 9241 8914
f 8911 8914 8910
f 8907 8911 8906
f 8911 8910 8906
f 8906 8910 8590
f 8913 8910 8914
f 8910 8913 8590
f 8590 8913 8593
f 8590 8593 8592
f 8590 8592 8589
f 8916 8913 8914
f 8913 8916 8597
f 8913 8597 8593
f 8597 8916 8596
f 8596 8916 8920
f 8596 8920 8601
f 8920 8919 8601
f 8920 8916 9251
f 8916 9247 9251
f 9247 8916 8917
f 8917 8916 8914
f 9247 8917 9248
f 9247 9248 9251
f 9244 8917 8914
f 8917 9244 9248
f 9605 9610 9248
f 9248 9610 9252
f 9248 9252 9251
f 9251 9252 9610
f 9251 9610 9609
f 9251 9609 9256
f 9609 9613 9256
f 9609 9610 9613
f 10002 9610 9605
f 9610 10002 9999
f 9999 10002 9605
f 9999 9605 10000
f 10000 9605 9606
f 10000 9606 9602
f 10000 9602 9996
f 9606 9605 9602
f 9605 9244 9602
f 9244 9605 9248
f 9602 9244 9245
f 9245 9244 9242
f 9241 9244 8914
f 12316 12050 12312
f 12312 12050 12044
f 12050 12051 12044
f 12051 12045 12044
f 11657 12045 12051
f 11658 12045 11657
f 11652 12045 11658
f 12045 11652 12038
f 11652 11651 12038
f 12039 11652 12038
f 12050 12316 12317
f 12317 12316 12322
f 12050 12317 12322
f 12316 12321 12322
f 12321 12058 12322
f 12058 12321 12057
f 12322 12058 12050
f 12050 12058 12059
f 12050 12059 12051
f 12066 12058 12057
f 12057 12065 12066
f 12066 12065 12072
f 12066 12072 11684
f 12066 11684 11673
f 11684 12072 11683
f 12066 11673 11674
f 12058 12066 12059
f 12059 12066 11674
f 11668 12059 11674
f 11674 11675 11669
f 11674 11669 11668
f 11233 11669 11239
f 11239 11669 11675
f 11239 11675 11674
f 11239 11674 11238
f 11239 11238 11245
f 11245 11238 11674
f 11245 11674 11685
f 11674 11673 11685
f 11685 11673 11684
f 11245 11685 11684
f 11245 11684 11244
f 11245 11244 11257
f 11245 11257 11258
f 11258 11257 10816
f 10816 11257 10815
f 10815 10824 10816
f 10384 10816 10824
f 10384 10824 10391
f 10391 10824 10390
f 10816 10384 10817
f 10384 10385 10817
f 11258 10816 11245
f 11245 10816 10810
f 10810 10816 10811
f 10811 10816 10817
f 10810 10811 11245
f 10811 11246 11245
f 11245 11246 11239
f 11246 10811 11239
f 10805 11239 10811
f 11239 10805 10806
f 11240 11239 10806
f 10811 10806 10805
f 10806 10811 10812
f 10812 10811 10381
f 10806 10812 10378
f 11240 10806 11234
f 11234 10806 10801
f 10801 10806 10378
f 10801 10378 10374
f 10374 10378 9996
f 9996 10378 10000
f 10381 10378 10812
f 10381 10811 10385
f 10385 10811 10817
f 10006 10385 10384
f 10385 10006 10007
f 10385 10007 10381
f 10381 10007 10002
f 10378 10381 10377
f 10378 10377 10000
f 10000 10377 10002
f 10002 10377 10381
f 10000 10002 9999
f 10002 10006 9610
f 10006 10002 10007
f 9610 10006 9613
f 9613 10006 10007
f 9613 10006 9616
f 9613 9616 9612
f 10006 10005 10011
f 10006 10011 9616
f 9612 9616 9255
f 9259 9255 9616
f 9612 9255 9613
f 9613 9255 9256
f 9256 8925 9251
f 9256 9255 8925
f 9251 8925 8920
f 8919 8920 8925
f 8919 8925 8601
f 9258 8924 8925
f 8924 8604 8925
f 8925 8604 8605
f 8925 8605 8601
f 8601 8605 8604
f 8604 8600 8601
f 8597 8596 8593
f 8593 8596 8592
f 8589 8592 8269
f 8264 8589 8269
f 8587 8590 8589
f 8590 8587 8906
f 8906 8587 8907
f 8587 8586 8259
f 8581 8587 8259
f 8906 8587 8902
f 8902 8587 8581
f 8907 8906 8902
f 8902 8893 8894
f 9225 8893 8892
f 9224 9225 8892
f 8893 8902 8892
f 8892 8902 8581
f 8892 8581 8573
f 8902 8582 8581
f 8581 8253 8254
f 8253 8581 8259
f 8586 8587 8589
f 8586 8589 8259
f 8258 8259 8264
f 8263 8258 8264
f 8264 8259 8589
f 8258 8263 7942
f 7942 8263 7948
f 7948 8263 8262
f 7948 8262 8267
f 7948 8267 7953
f 8267 8262 8263
f 8267 8263 8268
f 7953 8272 7958
f 7953 8267 8272
f 8273 8267 8268
f 8267 8273 8272
f 8269 8268 8264
f 8264 8268 8263
f 8269 8592 8274
f 8269 8274 8268
f 8274 8592 8596
f 8268 8274 8273
f 8274 8596 8273
f 8596 8601 8600
f 8273 8596 8600
f 8273 8600 8278
f 8277 8272 8273
f 8277 8273 8278
f 9975 10355 10356
f 9975 10356 9976
f 9977 10356 10357
f 10356 9977 9976
f 9975 9583 9974
f 9974 9583 9582
f 9583 9975 9584
f 9584 9975 9976
f 9976 9977 9584
f 9977 9585 9584
f 9584 9224 9223
f 9584 9223 9583
f 9583 9223 9222
f 9583 9222 9582
f 9582 9222 9221
f 9582 9221 9581
f 9221 9222 8889
f 8889 9222 8890
f 9221 8889 9220
f 9220 8889 8888
f 8889 8890 8570
f 8571 8570 8890
f 8890 9222 9223
f 8890 9223 8891
f 8571 8890 8891
f 8572 8571 8891
f 9223 9224 8891
f 9224 8892 8891
f 8891 8892 8572
f 8892 8573 8572
f 8243 8571 8572
f 8571 8243 8570
f 8570 8243 8242
f 8244 8243 8572
f 8243 8244 8252
f 8252 8244 8253
f 8243 8252 7937
f 8243 7937 7925
f 8244 8572 8573
f 8573 8581 8253
f 8573 8253 8244
f 11652 11658 11224
f 11658 11223 11224
f 11663 11658 11662
f 11662 11658 11657
f 11662 11657 12051
f 11662 12051 11663
f 12051 12059 11663
f 11668 11663 12059
f 11663 11668 11669
f 11663 11669 11233
f 11233 11234 11663
f 11663 11228 11658
f 11658 11228 11223
f 11229 11663 11228
f 11229 11663 11234
f 11234 11233 11239
f 11239 11240 11234
f 11234 10801 11229
f 11229 10801 10798
f 10371 10798 10801
f 10795 10798 10368
f 10368 10798 10371
f 10374 10371 10801
f 9602 9245 9242
f 9602 9242 9600
f 11223 11228 11224
f 11224 11228 11229
f 11229 10798 10795
f 11229 10795 11224
f 9586 9978 9987
f 9987 9595 9586
f 12072 12071 11682
f 11683 12072 11682
f 11683 11692 11684
f 11684 11692 11693
f 11257 11684 11693
f 11244 11684 11257
f 10815 11257 10824
f 10824 11257 11267
f 10823 10824 11267
f 11256 11267 11257
f 11256 11257 11692
f 11692 11257 11693
f 11692 11683 11691
f 11691 11683 11682
f 11692 11691 11256
f 11256 11691 11255
f 11255 11266 11256
f 11256 11266 11267
f 11267 11266 10823
f 10823 11266 10822
f 10389 10390 10823
f 10823 10390 10824
f 10384 10391 10006
f 9259 9258 8925
f 9259 8925 9255
f 9258 9259 9616
f 9258 9616 9615
f 9615 9616 10011
f 9615 10011 10010
f 10010 10011 10390
f 10010 10390 10389
f 10390 10011 10391
f 10391 10011 10012
f 10391 10012 10006
f 10006 10012 10011
f 9615 10010 10015
f 9615 10015 9619
f 9619 10015 9620
f 10016 9620 10015
f 10831 10395 10830
f 10395 10831 10836
f 10395 10836 10397
f 10831 10830 10835
f 10836 10831 10835
f 10830 10829 11275
f 11281 11285 11286
f 11281 11286 10835
f 11286 11285 11291
f 11291 11285 11290
f 11286 11291 10843
f 10839 11286 10843
f 10839 10843 10844
f 10840 10839 10844
f 10843 11291 10844
f 11291 11292 10844
f 11292 11291 11296
f 11296 11291 11290
f 11290 11714 11721
f 11290 11721 11295
f 11290 11295 11296
f 11296 11295 11721
f 11719 11720 11713
f 11719 11713 11712
f 10836 10835 10840
f 10835 10839 10840
f 10839 10835 11286
f 10836 10840 10397
f 10840 10401 10397
f 10848 10844 11292
f 10844 10848 10849
f 10844 10849 10845
f 10845 10849 10405
f 10405 10849 10408
f 11297 10848 11292
f 11297 11292 11296
f 10395 10397 10015
f 10397 10398 10015
f 10015 10398 10019
f 10397 10401 10402
f 10398 10397 10402
f 10402 10405 10025
f 10402 10025 10022
f 10405 10402 10845
f 10845 10402 10401
f 10845 10401 10844
f 10844 10401 10840
f 10408 10028 10405
f 10405 10028 10025
f 10026 10025 10028
f 10026 10405 10025
f 10028 9631 9628
f 10028 9628 10026
f 9628 9631 9269
f 10022 10025 10023
f 10023 10025 10026
f 10026 9628 9625
f 10026 9625 10023
f 9628 9269 9625
f 9625 9269 9267
f 9269 8939 8936
f 9269 8936 9267
f 9625 9267 9266
f 9266 9264 9624
f 9624 9264 9622
f 9622 9620 10019
f 9620 10016 10019
f 10019 10016 10015
f 10019 10398 10402
f 10402 10022 10019
f 10019 10022 9624
f 10023 9625 10022
f 10022 9625 9624
f 9625 9266 9624
f 9624 9622 10019
f 9258 9615 9619
f 9258 9619 9261
f 9261 8930 9258
f 8924 9258 8928
f 8600 8604 8603
f 8923 8924 8928
f 8927 8923 8928
f 8927 8928 8607
f 8927 8607 8923
f 8607 8928 8608
f 8928 8930 8608
f 8930 8928 9258
f 8931 8930 9261
f 8931 9261 9262
f 8930 8931 8611
f 8930 8611 8610
f 8930 8610 8608
f 8608 8610 8607
f 8286 8607 8290
f 8290 8607 8610
f 8289 8286 8290
f 8289 7974 8286
f 8286 7974 7970
f 7974 7973 7970
f 7981 7977 7978
f 7981 7978 7982
f 8293 7982 7978
f 7982 8293 8297
f 8293 7978 7977
f 8293 7977 7974
f 8293 7974 8290
f 8290 7974 8289
f 8290 8610 8613
f 8290 8613 8293
f 8614 8610 8611
f 8613 8610 8614
f 8294 8293 8613
f 8297 8293 8294
f 8298 8297 8294
f 8298 8294 8614
f 8618 8298 8617
f 8618 8617 8936
f 8936 8617 8935
f 8614 8617 8298
f 8614 8294 8613
f 8614 8611 8931
f 8933 8614 8931
f 8614 8933 8935
f 8614 8935 8617
f 9266 8935 9264
f 8935 8933 9264
f 9264 8933 9262
f 9622 9264 9620
f 9264 9262 9620
f 9262 8933 8931
f 9262 9261 9619
f 9619 9620 9262
f 13251 13252 13247
f 13260 13265 13264
f 13259 13260 13264
f 13401 13260 13259
f 13401 13259 13400
f 13400 13259 13264
f 13400 13264 13409
f 13400 13409 13401
f 13409 13264 13268
f 13272 13417 13413
f 13272 13413 13268
f 13416 13417 13420
f 13268 13413 13409
f 13401 13409 13410
f 13260 13401 13251
f 13251 13401 13393
f 13251 13393 13394
f 13251 13394 13252
f 13393 13401 13394
f 13247 13252 13248
f 13252 13394 13253
f 13252 13253 13248
f 13253 13394 13395
f 13248 13253 13254
f 13248 13254 13249
f 13254 13253 13395
f 13249 13254 13255
f 13249 13255 13250
f 13250 13255 13058
f 13058 13255 13256
f 13058 13256 13059
f 13059 13256 13061
f 13062 13061 13256
f 13062 13256 13257
f 13397 13255 13254
f 13254 13396 13397
f 13396 13254 13395
f 13396 13395 13404
f 13404 13395 13403
f 13404 13403 13484
f 13484 13403 13395
f 13485 13404 13484
f 13396 13404 13397
f 13404 13485 13405
f 13404 13405 13397
f 13405 13485 13486
f 13255 13397 13256
f 13256 13397 13398
f 13398 13397 13406
f 13406 13397 13405
f 13257 13256 13398
f 13257 13398 13399
f 13257 13262 13258
f 13257 13261 13262
f 13261 13407 13262
f 13262 13407 13408
f 13407 13261 13257
f 13407 13257 13399
f 13407 13399 13398
f 13407 13398 13406
f 13406 13405 13487
f 13487 13405 13486
f 13485 13492 13486
f 13486 13492 13493
f 13493 13492 13572
f 13492 13571 13572
f 13572 13571 13577
f 13577 13571 13576
f 13572 13577 13493
f 13493 13577 13498
f 13493 13498 13499
f 13494 13493 13499
f 13486 13493 13487
f 13487 13493 13494
f 13407 13406 13411
f 13411 13406 13494
f 13494 13406 13487
f 13495 13411 13494
f 13407 13411 13412
f 13407 13412 13408
f 13266 13412 13415
f 13415 13412 13411
f 13415 13411 13414
f 13411 13495 13414
f 13414 13495 13500
f 13500 13494 13499
f 13494 13500 13495
f 13498 13577 13499
f 13499 13577 13578
f 13584 13583 13591
f 13583 13590 13591
f 13590 13583 13582
f 13590 13582 13589
f 13582 13583 13575
f 13575 13583 13576
f 13575 13576 13571
f 13575 13571 13491
f 13570 13575 13491
f 13574 13575 13569
f 13569 13575 13570
f 13570 13491 13490
f 13569 13570 13490
f 13574 13569 13490
f 13497 13574 13490
f 13490 13489 13497
f 13490 13483 13489
f 13489 13483 13482
f 13483 13490 13491
f 13483 13491 13484
f 13403 13483 13484
f 13483 13403 13402
f 13484 13491 13485
f 13492 13485 13491
f 13492 13491 13571
f 13248 13056 13247
f 13248 13249 13057
f 13248 13057 13056
f 13056 13057 12893
f 13247 13056 13055
f 12898 12897 12892
f 12897 13060 12892
f 12892 13060 13054
f 12892 13054 13055
f 13054 13060 13246
f 13246 13060 13251
f 13055 13054 13247
f 13247 13054 13246
f 13247 13246 13251
f 13251 13060 13064
f 13251 13064 13260
f 13265 13260 13064
f 13068 13265 13064
f 13264 13265 13268
f 13269 13268 13265
f 13272 13268 13273
f 13273 13268 13269
f 13272 13273 13078
f 13273 13269 13078
f 13079 13078 13073
f 13073 13080 13079
f 13088 13079 13080
f 13087 13079 13088
f 13087 13088 12927
f 13088 12928 12927
f 13080 13081 13088
f 12928 12929 12772
f 12771 12928 12772
f 12779 12928 12771
f 12779 12771 12780
f 12780 12771 12772
f 12781 12780 12772
f 12781 12772 12773
f 12773 12772 12929
f 12930 12773 12929
f 12930 12929 13081
f 13081 12929 13089
f 13089 12929 12928
f 13089 12928 13088
f 13089 13088 13081
f 13074 13080 13073
f 13080 13074 13081
f 13081 13074 13075
f 13082 13081 13075
f 13082 13075 13076
f 12922 13082 12923
f 12922 13082 12917
f 12917 13082 13076
f 12922 12917 12918
f 12922 12918 12923
f 12917 13076 13075
f 12916 12917 13075
f 12916 13075 12910
f 12916 12910 12917
f 12917 12910 12911
f 12918 12924 12923
f 12924 12918 12919
f 12918 12917 12911
f 12918 12911 12912
f 12918 12912 12919
f 12762 12912 12911
f 12761 12762 12911
f 12757 12762 12756
f 12756 12762 12761
f 12762 12757 12758
f 12763 12762 12758
f 12757 12756 12751
f 12752 12757 12751
f 12756 12750 12751
f 12756 12755 12750
f 12755 12760 12754
f 12754 12760 12909
f 12909 12760 12910
f 12904 12754 12909
f 12904 12903 12754
f 12754 12749 12750
f 12754 12750 12755
f 12749 12748 12898
f 12748 12749 12754
f 12898 12748 12754
f 12898 12903 12897
f 13060 12897 12902
f 13060 12902 13064
f 12902 12897 12903
f 13064 12902 12903
f 13064 12903 13065
f 13064 13065 13069
f 13068 13064 13069
f 13069 13065 12903
f 13069 12903 12908
f 12903 12904 12909
f 12754 12903 12898
f 12893 13055 13056
f 13055 12893 12892
f 12892 12893 12744
f 12898 12892 12744
f 12898 12744 12749
f 12745 12749 12744
f 12749 12745 12750
f 12750 12745 12746
f 12750 12746 12751
f 12752 12751 12746
f 12752 12746 12747
f 12752 12747 12896
f 12752 12896 12899
f 12896 12747 12895
f 12895 12747 12746
f 12899 12896 13061
f 12894 12895 12746
f 12894 12746 12745
f 12745 12744 12893
f 12894 12745 12893
f 12894 12893 13057
f 12894 13057 12895
f 12895 13057 13058
f 12896 12895 13059
f 12895 13058 13059
f 12896 13059 13061
f 13249 13250 13058
f 13249 13058 13057
f 11742 11736 11741
f 11741 11736 11314
f 11741 11314 11742
f 11741 11314 11319
f 11747 11742 11741
f 11747 11741 11319
f 11748 11742 11747
f 11748 11747 11319
f 11749 11748 11753
f 11748 11319 11753
f 11753 11319 11324
f 11319 11314 11313
f 11318 11319 11313
f 11318 11324 11319
f 11324 11318 11323
f 11308 11313 11309
f 11314 11309 11313
f 11743 11742 11749
f 11749 11742 11748
f 11749 11750 11743
f 11743 11750 11744
f 11743 11744 11737
f 11744 11750 11745
f 11745 11750 11751
f 11744 11745 11739
f 11744 11739 11738
f 11752 11751 11757
f 11757 11751 11756
f 11750 11749 11755
f 11755 11749 11754
f 11760 11755 11754
f 11759 11754 11753
f 11753 11754 11749
f 11758 11753 11331
f 11331 11753 11324
f 11324 11753 11325
f 11330 11324 11323
f 11330 11323 11329
f 11323 10871 10875
f 11323 10875 11329
f 11755 11751 11750
f 11751 11755 11756
f 11756 11755 11760
f 11756 11760 11761
f 13401 13402 13394
f 13402 13401 13483
f 13483 13401 13482
f 13394 13402 13395
f 13395 13402 13403
f 13482 13401 13489
f 13401 13410 13489
f 13489 13410 13409
f 13497 13573 13574
f 13497 13489 13496
f 13488 13496 13489
f 13488 13489 13409
f 13488 13409 13413
f 13488 13413 13496
f 13413 13417 13496
f 13417 13416 13501
f 13417 13501 13496
f 13496 13501 13497
f 13580 13497 13501
f 13580 13501 13579
f 13497 13580 13573
f 13501 13505 13579
f 13505 13501 13504
f 13504 13501 13416
f 13504 13416 13420
f 13420 13276 13280
f 13420 13280 13423
f 13280 13283 13423
f 13427 13423 13283
f 13420 13423 13509
f 13420 13509 13504
f 13504 13509 13505
f 13505 13509 13510
f 13505 13510 13586
f 13510 13593 13586
f 13505 13586 13579
f 13599 13593 13510
f 13593 13599 13600
f 13594 13593 13600
f 13593 13594 13586
f 13586 13594 13587
f 13586 13587 13580
f 13586 13580 13579
f 13587 13588 13580
f 13580 13588 13581
f 13588 13589 13581
f 13581 13589 13582
f 13581 13582 13575
f 13574 13581 13575
f 13574 13573 13580
f 13574 13580 13581
f 13068 13069 13073
f 13068 13073 13072
f 13265 13068 13269
f 13068 13072 13269
f 13269 13072 13078
f 13078 13072 13073
f 13074 13073 13069
f 13070 13074 13069
f 13070 13069 12909
f 13069 12908 12909
f 12908 12903 12909
f 13070 12909 13074
f 12909 12910 13075
f 12909 13075 13074
f 12760 12761 12910
f 12760 12755 12761
f 12761 12755 12756
f 12910 12761 12911
f 11756 11761 11332
f 11761 11762 11332
f 11762 11761 11339
f 11332 11762 11339
f 11766 11339 11761
f 11339 11766 11338
f 11339 11340 11332
f 11333 11332 11340
f 11334 11333 11341
f 11341 11333 11340
f 11333 11334 11328
f 10876 11334 10880
f 10880 11334 11341
f 10877 10876 10881
f 10434 10433 10438
f 10433 10877 10437
f 10433 10437 10438
f 10437 10877 10881
f 10442 10438 10437
f 10442 10437 10441
f 10446 10059 10442
f 10442 10059 10056
f 10056 10059 10060
f 10056 10060 10057
f 9660 10060 10064
f 10060 9660 9657
f 9663 9660 10064
f 10068 9663 10064
f 9663 10068 9667
f 9667 10068 10073
f 10067 10450 10454
f 10067 10063 10450
f 10454 10459 10067
f 10067 10072 10068
f 10068 10072 10073
f 10072 10067 10459
f 10072 10459 10460
f 10073 10072 10460
f 10074 10073 10461
f 10466 10074 10461
f 10073 10460 10461
f 10466 10461 10460
f 10907 10460 10459
f 10454 10459 10453
f 10900 10901 10896
f 10901 10453 10896
f 10895 10900 10896
f 10900 11378 11377
f 11378 10900 11367
f 11378 11367 11377
f 11367 10900 10895
f 11377 11367 11366
f 11376 11377 11366
f 11365 11376 11366
f 11366 11367 11358
f 11366 11358 11357
f 11357 11358 11349
f 11348 11357 11349
f 11348 11340 11339
f 11348 11339 11347
f 11357 11348 11347
f 11357 11347 11356
f 11366 11357 11356
f 11366 11356 11365
f 11365 11356 11364
f 11376 11365 11364
f 11376 11364 11375
f 11374 11375 11364
f 11363 11374 11364
f 11373 11374 11362
f 11362 11374 11363
f 11361 11362 11353
f 11361 11353 11352
f 11353 11362 11363
f 11363 11364 11354
f 11354 11364 11355
f 11354 11355 11772
f 11772 11355 11773
f 11772 11355 11770
f 11772 11770 11769
f 11770 11355 11346
f 11765 11769 11770
f 11769 11765 11764
f 11765 11770 11766
f 11346 11355 11356
f 11355 11364 11356
f 11346 11356 11347
f 11347 11339 11338
f 11346 11347 11338
f 11770 11346 11338
f 11338 11766 11770
f 11766 11761 11760
f 11765 11766 11760
f 11764 11765 11760
f 11760 11759 11764
f 11764 11759 11758
f 11764 11768 11769
f 11764 11763 11768
f 11768 11763 11767
f 11768 11767 11344
f 11344 11345 11768
f 11769 11768 11771
f 11769 11771 11772
f 11771 11768 11345
f 11771 11345 11353
f 11353 11345 11344
f 11353 11344 11352
f 11771 11353 11772
f 11772 11353 11363
f 11772 11363 11354
f 11759 11753 11758
f 11758 11763 11764
f 11754 11759 11760
f 11331 11324 11330
f 11758 11331 11337
f 11758 11337 11763
f 11336 11330 11335
f 11335 11330 11329
f 11329 10875 10879
f 11335 11329 10879
f 10875 10874 10879
f 10878 10874 10432
f 10874 10878 10879
f 10878 10432 10436
f 10878 10882 10879
f 10882 10878 10436
f 10879 10882 10883
f 11335 10879 10884
f 11342 11335 10884
f 11336 11335 11343
f 11342 11343 11335
f 11343 11344 11336
f 11337 11336 11344
f 11330 11336 11331
f 11331 11336 11337
f 11763 11337 11767
f 11767 11337 11344
f 11344 11343 11352
f 11351 11352 11343
f 11352 11351 11361
f 11351 11360 11361
f 11343 11342 11351
f 11350 11351 11342
f 11350 11342 10888
f 10889 11350 10888
f 11350 11360 11351
f 11359 11360 11350
f 11360 11359 11371
f 11371 11359 11370
f 11350 10889 10894
f 10894 10889 10888
f 10894 10888 10893
f 10883 10888 11342
f 10883 11342 10884
f 10883 10884 10879
f 10883 10882 10888
f 10887 10888 10882
f 10440 10882 10436
f 10431 10432 10048
f 10436 10432 10431
f 10436 10431 10435
f 10435 10431 10052
f 10052 10431 10048
f 10048 9649 10052
f 9649 10048 9646
f 9648 9649 9646
f 9649 9652 10052
f 9648 9646 9291
f 9649 9651 9652
f 9651 9649 9648
f 9651 9648 9294
f 9652 10055 10052
f 9291 9294 9648
f 9291 8960 8962
f 8960 8644 8646
f 8646 8644 8329
f 8646 8329 8333
f 8333 8329 8022
f 8022 8329 8015
f 8015 8329 8016
f 10415 10032 10036
f 10415 10036 10418
f 10036 10032 10035
f 10032 10031 9634
f 10032 9634 10035
f 9634 9636 10035
f 9634 9274 9277
f 9634 9277 9636
f 10035 9636 10038
f 10038 9636 9639
f 9639 9642 10041
f 10038 9639 10041
f 10422 10418 10039
f 10418 10036 10039
f 10039 10036 10038
f 10038 10036 10035
f 10436 10435 10439
f 10436 10439 10440
f 10439 10435 10055
f 10055 10435 10052
f 10055 9652 9656
f 10055 9656 10058
f 9656 9652 9651
f 9656 9651 9655
f 9656 9655 10058
f 10439 10055 10443
f 10055 10058 10443
f 10440 10439 10443
f 10444 10440 10443
f 10882 10440 10444
f 10882 10444 10887
f 10444 10448 10887
f 10887 10448 10892
f 10888 10887 10893
f 10893 10887 10892
f 10893 10892 10898
f 10898 10892 10897
f 10897 10892 10448
f 10899 10893 10898
f 10893 10899 10894
f 10894 10899 11370
f 11359 10894 11370
f 10899 10898 11370
f 10898 11369 11370
f 11369 10898 10897
f 11369 11368 11382
f 11368 11369 10897
f 11368 11381 11382
f 11368 10897 11381
f 10897 10905 11381
f 11381 10905 10904
f 11380 11381 10904
f 11380 10904 11388
f 10904 10910 11388
f 10910 10904 10909
f 10904 10903 10909
f 10903 10456 10909
f 10909 10456 10464
f 10464 10456 10463
f 10456 10455 10463
f 11394 10915 11393
f 11388 10915 11394
f 10915 11388 10909
f 10909 11388 10910
f 11389 11388 11394
f 11389 11792 11381
f 11792 11793 11381
f 11381 11793 11781
f 11793 11794 11781
f 11795 11794 11807
f 11807 11794 11806
f 11806 11794 11793
f 11805 11806 11793
f 11805 11793 11792
f 11805 11792 11804
f 11395 11804 11792
f 11395 11792 11389
f 11389 11394 11395
f 11804 11395 11404
f 11395 11394 11404
f 11404 11394 11403
f 11804 11404 11816
f 11804 11816 11817
f 11816 11404 11405
f 11816 11405 11817
f 11403 11394 11393
f 11393 11394 11402
f 11402 11394 10915
f 11393 11402 11403
f 11402 10915 10919
f 11404 11403 11419
f 11403 11418 11419
f 11419 11418 10930
f 10930 11418 10929
f 10929 11418 11403
f 11403 11402 10929
f 10928 10929 11402
f 11402 10919 10928
f 10918 10919 10914
f 10914 10919 10915
f 10928 10918 10927
f 10918 10928 10919
f 10929 10928 10482
f 10928 10481 10482
f 10481 10928 10491
f 10491 10928 10938
f 10490 10491 10938
f 10490 10938 10927
f 10938 10928 10927
f 10927 10480 10490
f 10480 10927 10479
f 10479 10927 10474
f 10490 10480 10489
f 10479 10489 10480
f 10489 10479 10478
f 10488 10489 10478
f 10488 10478 10098
f 10489 10488 10099
f 10098 10099 10488
f 10097 10098 10092
f 10092 10098 10093
f 10093 10098 10478
f 10479 10474 10478
f 10475 10474 10918
f 10918 10474 10927
f 10474 10475 10470
f 10474 10470 10469
f 10475 10918 10914
f 10470 10475 10914
f 10470 10914 10908
f 10470 10908 10463
f 10908 10914 10915
f 10908 10915 10909
f 10908 10909 10464
f 10908 10464 10463
f 10462 10463 10076
f 10076 10463 10077
f 10075 10076 9671
f 10075 9671 9670
f 10076 10075 10083
f 10084 10076 10083
f 10076 10084 10469
f 10076 10469 10462
f 10462 10469 10463
f 10463 10469 10470
f 10083 10469 10084
f 10469 10083 10468
f 10469 10468 10474
f 10083 10075 9681
f 9681 10075 9670
f 10082 10083 9681
f 9670 9671 9681
f 9681 9671 9682
f 10077 9672 9671
f 10077 9671 10076
f 9672 10077 10078
f 9672 10078 9673
f 9672 9673 9665
f 10077 10070 10078
f 10077 10463 10455
f 10077 10455 10069
f 10455 10456 10070
f 10455 10070 10069
f 10077 10069 10070
f 9673 10078 9666
f 9666 10078 10070
f 9673 9666 9665
f 9666 10070 10065
f 9666 10065 9662
f 9666 9662 9303
f 10065 10061 9662
f 10065 10066 10061
f 10065 10070 10071
f 10065 10071 10066
f 10066 10071 10451
f 10062 10066 10451
f 10061 10066 10062
f 9662 10061 9659
f 9659 10061 10062
f 9659 10062 10058
f 9659 10058 9655
f 10447 10062 10451
f 10058 10062 10443
f 10443 10062 10447
f 10444 10443 10448
f 10448 10443 10447
f 10448 10447 10452
f 10452 10447 10451
f 10457 10451 10071
f 10448 10452 10897
f 10452 10458 10905
f 10452 10905 10897
f 10905 10457 10904
f 10457 10905 10458
f 10904 10457 10903
f 10903 10457 10456
f 10458 10452 10451
f 10457 10458 10451
f 10457 10071 10070
f 10457 10070 10456
f 13584 13576 13583
f 13576 13584 13577
f 13584 13585 13577
f 13577 13585 13578
f 13585 13502 13499
f 13585 13499 13578
f 13502 13503 13499
f 13500 13499 13503
f 13500 13503 13418
f 13414 13500 13418
f 13415 13414 13419
f 13419 13414 13418
f 13415 13270 13271
f 13415 13271 13266
f 13266 13271 13267
f 13275 13271 13274
f 13274 13271 13270
f 13274 13270 13415
f 13274 13415 13419
f 13274 13419 13278
f 13278 13419 13422
f 13419 13418 13421
f 13418 13503 13508
f 13418 13508 13421
f 13508 13503 13507
f 13507 13503 13502
f 13419 13421 13422
f 13274 13278 13275
f 13278 13279 13275
f 13275 13279 13091
f 13091 13279 13278
f 13091 13278 13090
f 13084 13091 13090
f 13091 13084 13275
f 13084 13090 13083
f 13271 13275 13084
f 13084 13077 13271
f 13271 13071 13267
f 13271 13077 13071
f 13063 13066 12901
f 13063 12901 13062
f 13062 12901 12900
f 12900 12899 13061
f 13062 12900 13061
f 13063 13062 13258
f 13258 13062 13257
f 13063 13258 13066
f 13258 13262 13066
f 13262 13408 13412
f 13262 13412 13266
f 13266 13267 13262
f 13263 13262 13267
f 13263 13267 13067
f 13067 13267 13071
f 13263 13067 13262
f 13262 13067 13066
f 12752 12753 12757
f 12757 12753 12758
f 12753 12752 12900
f 12752 12899 12900
f 12753 12900 12758
f 12900 12905 12758
f 12900 12901 12906
f 12900 12906 12905
f 12905 12906 12758
f 12758 12906 12759
f 12763 12758 12764
f 12764 12758 12759
f 12762 12763 12912
f 12912 12763 12913
f 12912 12913 12919
f 12919 12920 12924
f 12924 12920 12925
f 12914 12920 12919
f 12914 12919 12913
f 12913 12763 12914
f 12763 12764 12914
f 12914 12764 12759
f 12914 12759 12906
f 12906 12901 13066
f 12906 13066 13067
f 12906 13067 12907
f 12907 13067 12915
f 12906 12907 12914
f 12914 12907 12915
f 12915 13067 13071
f 12915 13071 12921
f 12914 12915 12921
f 12921 13071 13077
f 12920 12914 12921
f 12921 13077 12920
f 12920 13077 13084
f 12920 13084 12925
f 12925 13084 13083
f 12925 13083 13090
f 12933 12925 13090
f 12925 12933 12932
f 12925 12932 12924
f 12923 12924 12932
f 12923 12932 12931
f 12923 12931 12930
f 12923 12930 12922
f 12922 12930 13082
f 13081 13082 12930
f 12768 12558 12557
f 12768 12557 12767
f 12555 12558 12768
f 12555 12768 12765
f 12930 12931 12773
f 12773 12931 12774
f 12773 12774 12768
f 12773 12768 12767
f 12557 12558 12555
f 12558 12555 12323
f 12555 12556 12324
f 12323 12327 12326
f 12327 12323 12324
f 12324 12323 12555
f 12323 12326 12558
f 12558 12326 12325
f 12558 12325 12557
f 12325 12326 12329
f 12329 12326 12330
f 12557 12325 12329
f 12557 12329 12561
f 12329 12330 12334
f 12329 12334 12333
f 12326 12327 12331
f 12326 12331 12330
f 12330 12331 12335
f 12330 12335 12334
f 12566 12333 12334
f 12576 12566 12577
f 12577 12566 12334
f 12773 12767 12557
f 12561 12773 12557
f 12561 12329 12566
f 12566 12329 12333
f 12566 12781 12773
f 12566 12773 12561
f 12769 12766 12768
f 12768 12766 12765
f 12765 12766 12556
f 12765 12556 12555
f 12556 12766 12769
f 12556 12559 12560
f 12559 12556 12769
f 12560 12559 12769
f 12560 12769 12770
f 12769 12768 12774
f 12769 12774 12775
f 12775 12774 12932
f 12932 12774 12931
f 12769 12775 12776
f 12770 12769 12776
f 12560 12770 12562
f 12770 12776 12562
f 12568 12562 12776
f 12568 12776 12782
f 12568 12782 12789
f 12579 12568 12789
f 12335 12336 12568
f 12335 12568 12567
f 12567 12568 12578
f 12578 12568 12579
f 12578 12579 12788
f 12788 12579 12789
f 12949 12795 12788
f 12949 12788 12943
f 12943 12788 12944
f 12944 12788 12789
f 13098 12943 12944
f 13099 13098 12944
f 13099 12944 13095
f 13095 12944 12938
f 12938 12944 12789
f 12782 12938 12789
f 12782 12776 12938
f 12938 12776 12932
f 12938 12932 12937
f 12776 12775 12932
f 12937 12932 13090
f 12932 12933 13090
f 11296 11300 11297
f 11297 11300 11301
f 11297 11301 10848
f 10852 10848 11301
f 10848 10852 10853
f 11300 11306 11307
f 11300 11307 11301
f 11301 11307 10852
f 11316 11317 11311
f 11317 11316 11322
f 11322 11316 11321
f 11317 11322 10864
f 10868 10864 11322
f 10864 10868 10869
f 10864 10869 10865
f 10865 10869 10423
f 10423 10869 10426
f 10426 10869 10873
f 10869 10868 10872
f 10869 10872 10873
f 10873 10872 10877
f 10877 10872 10876
f 10877 10433 10873
f 10873 10433 10429
f 10429 10433 10434
f 10429 10434 10430
f 10434 10050 10430
f 10429 10430 10427
f 10429 10427 10426
f 10429 10426 10873
f 10423 10426 10427
f 10423 10861 10865
f 10423 10420 10861
f 10864 10865 10860
f 10865 10861 10860
f 10861 10420 10857
f 10860 10861 10857
f 10860 10857 10856
f 10420 10416 10857
f 10416 10420 10417
f 10417 10420 10421
f 10416 10417 10033
f 10417 10421 10037
f 10033 10417 10034
f 10034 10417 10037
f 10033 10034 10416
f 10416 10412 10853
f 10412 10413 10030
f 10030 10412 10033
f 10033 10412 10416
f 10030 10033 10034
f 9635 10034 10037
f 10412 10413 10409
f 10412 10409 10408
f 10409 10413 10030
f 10408 10409 10028
f 10028 10409 10030
f 10408 10849 10853
f 10412 10408 10853
f 10849 10848 10853
f 10856 10852 11307
f 10852 10856 10853
f 11307 11306 10856
f 10856 11306 11312
f 11312 11306 11311
f 11312 11311 10860
f 11312 10860 10856
f 10856 10857 10853
f 10853 10857 10416
f 10857 10856 10416
f 10028 10030 9631
f 9631 10030 9633
f 9633 9273 9631
f 9631 9273 9271
f 9631 9271 9269
f 9269 9271 8942
f 9269 8942 8939
f 8624 8942 8944
f 8624 8944 8626
f 8628 8626 8944
f 8628 8944 8946
f 8628 8946 8947
f 8629 8628 8947
f 8628 8629 8632
f 8626 8628 8311
f 8626 8311 8308
f 8307 8308 8311
f 7994 8307 8311
f 7994 8311 7997
f 7997 8311 7998
f 7994 7681 7674
f 7994 7997 7681
f 7674 7681 7680
f 7997 8000 7686
f 7997 7686 7681
f 7686 8000 8001
f 7686 8001 8003
f 7686 8003 7691
f 8003 8001 8314
f 7998 8001 7997
f 7997 8001 8000
f 8001 7998 8311
f 8001 8311 8314
f 8311 8628 8631
f 8314 8311 8631
f 8314 8631 8632
f 8315 8314 8632
f 8314 8318 8003
f 8318 8314 8319
f 8319 8314 8315
f 8319 8315 8634
f 8634 8315 8632
f 8632 8631 8628
f 8632 8949 8634
f 8949 8632 8947
f 8632 8629 8947
f 9273 8946 8944
f 8946 9273 9275
f 8947 8946 9275
f 9271 9273 8944
f 9271 8944 8942
f 9275 9273 9633
f 9275 9633 9635
f 10030 10034 9635
f 10030 9635 9633
f 9637 9635 10037
f 9637 10037 10040
f 9637 10040 9640
f 9641 9640 10040
f 9637 9640 9638
f 9641 9638 9640
f 9641 10040 10044
f 9641 10044 9643
f 10040 10043 10044
f 10044 10043 9643
f 9643 10043 10047
f 9643 10047 9645
f 10046 10047 10043
f 10051 10047 10046
f 10050 10051 10046
f 10050 10046 10430
f 10046 10043 10430
f 10430 10043 10427
f 10427 10424 10423
f 10424 10427 10043
f 10424 10043 10040
f 10421 10424 10040
f 10424 10420 10423
f 10420 10424 10421
f 10040 10037 10421
f 10868 11322 11328
f 10868 11328 10872
f 11328 11322 11321
f 10876 10872 11334
f 11334 10872 11328
f 11328 11327 11333
f 11327 11328 11321
f 11312 11311 11317
f 10860 11312 10864
f 10864 11312 11317
f 10876 10880 10881
f 10437 10881 10441
f 10441 10881 10886
f 10442 10441 10445
f 10445 10441 10886
f 10886 10891 10445
f 10445 10446 10442
f 10059 10446 10063
f 10059 10063 10060
f 10063 10446 10450
f 10060 10063 10064
f 10064 10063 10068
f 10063 10067 10068
f 12324 12556 12327
f 12556 12559 12327
f 12327 12559 12560
f 12327 12560 12328
f 12332 12328 12560
f 12327 12328 12332
f 12562 12332 12560
f 12332 12562 12568
f 12332 12568 12336
f 12332 12336 12335
f 11341 11340 11348
f 11341 11348 11349
f 11341 11349 10880
f 10880 11349 10885
f 10881 10880 10885
f 10881 10885 10886
f 10886 10885 10891
f 10891 10885 10890
f 10890 10885 11349
f 10890 11349 11358
f 10891 10890 10895
f 10896 10891 10895
f 11367 10895 11358
f 11358 10895 10890
f 10445 10891 10449
f 10445 10449 10446
f 10449 10891 10896
f 10446 10449 10450
f 10450 10449 10454
f 10454 10449 10453
f 10449 10896 10453
f 10434 10438 10053
f 10434 10053 10050
f 10053 10438 10442
f 10053 10442 10056
f 10053 10056 10057
f 10053 10057 10054
f 10057 10060 9657
f 10057 9657 9653
f 9653 9657 9654
f 9296 9653 9654
f 9653 9296 9295
f 9296 9654 9298
f 9298 9654 9658
f 9658 9654 9657
f 9658 9657 9298
f 9658 9657 9661
f 9661 9657 9660
f 9296 9293 9653
f 9653 9293 9650
f 9650 9293 9292
f 9647 9650 9292
f 9647 9292 9289
f 9289 9292 9293
f 9289 9293 9290
f 9650 9647 10051
f 9650 10051 10054
f 10050 10053 10051
f 10051 10053 10054
f 10054 10057 9653
f 10054 9653 9650
f 9645 10047 9647
f 9647 10047 10051
f 9289 9645 9647
f 9645 9289 9285
f 9290 9286 9289
f 9286 9290 9285
f 9286 9285 9289
f 9290 8959 8957
f 9290 8957 9285
f 9645 9285 9643
f 9643 9285 9282
f 9641 9643 9282
f 9280 9641 9282
f 9280 9282 8951
f 8953 8951 9282
f 8956 8957 8953
f 8953 8957 8639
f 8957 8640 8639
f 8953 8639 8636
f 8636 8639 8321
f 8323 8321 8639
f 8640 8323 8639
f 8324 8323 8640
f 8323 8324 8328
f 8323 8328 8327
f 8643 8324 8640
f 8324 8643 8328
f 8328 8643 8331
f 8959 8643 8957
f 8643 8640 8957
f 8957 8956 9285
f 9285 8956 9282
f 9282 8956 8953
f 8270 8265 8271
f 8265 8266 8271
f 7949 8266 8265
f 8271 8266 7949
f 8271 7949 7954
f 8275 8271 7954
f 7959 8275 7954
f 7959 7954 7955
f 7959 7955 7960
f 7963 7959 7960
f 8275 7959 8279
f 8279 7959 7963
f 7963 7960 7964
f 7963 7964 8279
f 8280 8279 7964
f 8279 8280 8283
f 8280 7964 7967
f 8283 8280 8284
f 8284 8280 7967
f 7964 7622 7623
f 7964 7623 7968
f 7964 7968 7967
f 7968 7623 7631
f 7639 7631 7632
f 7968 7631 7972
f 7972 7631 7639
f 7640 7639 7632
f 7640 7632 7633
f 7640 7633 7641
f 8895 8896 8574
f 8574 8896 8575
f 8575 8896 8897
f 8576 8575 8897
f 8897 8898 8576
f 8576 8898 8577
f 8247 8576 8248
f 8248 8576 8577
f 8261 8256 7944
f 8255 8256 8260
f 8260 8256 8261
f 7263 7257 7258
f 7263 7258 7264
f 7258 7252 7259
f 7259 7252 7253
f 7259 7253 7592
f 7253 7585 7592
f 7592 7585 7593
f 7585 7586 7593
f 7586 7933 7934
f 7586 7934 7587
f 7586 7587 7594
f 7586 7594 7593
f 7587 7588 7595
f 7587 7595 7594
f 7588 7935 7941
f 7588 7941 7595
f 7942 7941 7935
f 7942 7936 7943
f 7943 7936 7937
f 7936 7942 7935
f 7935 7923 7936
f 7936 7923 7924
f 7936 7924 7937
f 7937 7924 7925
f 8242 7924 8241
f 8241 7924 7923
f 8241 7923 7922
f 7934 7922 7923
f 7934 7923 7935
f 7587 7934 7935
f 7588 7587 7935
f 7264 7258 7265
f 7265 7258 7259
f 7259 7593 7592
f 7941 7947 7595
f 7595 7947 7600
f 7595 7600 7594
f 7947 7946 7600
f 7593 7594 7600
f 7593 7600 7599
f 7592 7593 7598
f 7592 7598 7259
f 7598 7593 7599
f 7259 7598 7265
f 7600 7946 7607
f 7951 7946 7947
f 7947 7952 7951
f 7952 7947 7948
f 7952 7948 7953
f 7952 7953 7958
f 7952 7958 7957
f 7946 7951 7607
f 7600 7607 7606
f 7599 7600 7606
f 7598 7599 7605
f 7265 7598 7264
f 7269 7264 7598
f 7598 7605 7269
f 7606 7605 7599
f 7605 7606 7612
f 7605 7612 7604
f 7612 7273 7269
f 7612 7269 7604
f 7620 7619 7613
f 7619 7612 7613
f 7613 7612 7606
f 7630 7629 7620
f 7628 7629 7637
f 7628 7637 7636
f 7636 7635 7627
f 7628 7636 7627
f 7263 7269 7268
f 7269 7263 7264
f 7604 7269 7605
f 8612 8609 8291
f 8291 8609 8287
f 8291 8292 8296
f 8299 8296 7979
f 8299 7979 7984
f 7984 7979 7980
f 7979 8296 7975
f 7975 8296 8292
f 8292 8291 8287
f 8292 8287 8288
f 8292 8288 7971
f 7971 7972 7975
f 7971 7975 8292
f 7979 7975 7980
f 7980 7975 7976
f 7976 7975 7647
f 7647 7975 7972
f 7647 7972 7639
f 7647 7652 7980
f 7647 7980 7976
f 7653 7652 7647
f 7653 7647 7648
f 7640 7648 7647
f 7287 7648 7640
f 7287 7640 7281
f 7288 7287 7281
f 7283 7289 7288
f 7289 7283 7284
f 7290 7289 7284
f 7284 7285 7290
f 7285 7291 7290
f 7291 7285 7286
f 7292 7291 7286
f 7292 7293 7298
f 7649 7650 7655
f 7650 7656 7655
f 7656 7650 7651
f 7657 7651 7977
f 7651 7657 7656
f 7657 7977 7981
f 7982 8297 8298
f 7982 8298 7983
f 7983 8298 7987
f 7983 7987 7982
f 7987 8298 8300
f 8300 8298 8618
f 8300 8618 8621
f 8301 8300 8621
f 8303 8300 8301
f 8303 8301 8304
f 7991 8300 8303
f 8300 7991 7987
f 8624 8621 8939
f 8624 8939 8942
f 8624 8626 8304
f 8304 8626 8308
f 8624 8304 8621
f 8621 8304 8301
f 7991 8303 8304
f 7990 7987 7991
f 7987 7990 7986
f 7987 7986 7982
f 7981 7982 7657
f 7657 7982 7658
f 7657 7658 7664
f 7657 7663 7656
f 7656 7663 7662
f 7656 7662 7300
f 7663 7657 7664
f 7664 7658 7982
f 7664 7982 7986
f 7664 7986 7668
f 7668 7986 7990
f 7668 7990 7991
f 7991 8304 7994
f 7994 8304 8308
f 7994 8308 8307
f 7991 7994 7669
f 7991 7669 7668
f 7669 7994 7675
f 7668 7669 7675
f 7675 7994 7674
f 7668 7675 7674
f 7668 7674 7673
f 7667 7668 7673
f 7667 7673 7324
f 7667 7324 7316
f 7664 7668 7663
f 7668 7667 7663
f 7316 7663 7667
f 7663 7316 7308
f 7663 7308 7307
f 7663 7307 7662
f 7662 7307 7300
f 7300 7307 7306
f 7655 7656 7299
f 7655 7299 7649
f 7649 7299 7293
f 7293 7299 7298
f 7292 7298 7291
f 7291 7298 7297
f 7296 7291 7297
f 7291 7296 7290
f 7303 7297 7304
f 7296 7297 7303
f 7302 7303 7310
f 7303 7311 7310
f 7302 7310 7301
f 7319 7310 7311
f 7318 7310 7319
f 7309 7310 7318
f 7310 7309 7301
f 7317 7309 7318
f 7318 7319 7327
f 7326 7318 7327
f 7327 7319 7320
f 7328 7327 7320
f 7328 7320 7329
f 7329 7320 7321
f 7319 7311 7320
f 7311 7312 7320
f 7320 7312 7321
f 7321 7312 7313
f 7329 7321 7322
f 7329 7322 7330
f 7324 7315 7316
f 7307 7308 7316
f 7316 7315 7307
f 7323 7315 7324
f 7314 7315 7323
f 7307 7315 7314
f 7306 7307 7314
f 7306 7299 7300
f 7299 7655 7300
f 7655 7656 7300
f 7299 7306 7305
f 7299 7305 7298
f 7305 7304 7298
f 7298 7304 7297
f 7305 7306 7313
f 7306 7314 7313
f 7305 7313 7304
f 7304 7313 7312
f 7304 7312 7303
f 7312 7311 7303
f 7313 7314 7322
f 7321 7313 7322
f 7322 7314 7323
f 7967 7968 7971
f 7972 7971 7968
f 7635 7636 7284
f 7636 7285 7284
f 7636 7643 7285
f 7643 7636 7644
f 7636 7637 7644
f 7285 7643 7644
f 7284 7283 7635
f 7634 7635 7283
f 7634 7283 7642
f 7634 7642 7633
f 7283 7282 7642
f 7641 7633 7642
f 7641 7642 7282
f 7647 7639 7640
f 7640 7641 7282
f 7640 7282 7281
f 7281 7282 7288
f 7282 7283 7288
f 7980 7985 7984
f 7985 7980 7652
f 7659 7985 7652
f 7660 7659 7652
f 7652 7653 7660
f 7653 7294 7654
f 7648 7287 7294
f 7294 7287 7288
f 7648 7294 7653
f 7295 7294 7288
f 7295 7288 7289
f 7295 7289 7290
f 7296 7295 7290
f 7296 7303 7295
f 7295 7303 7302
f 7295 7302 7294
f 7294 7302 7301
f 7294 7301 7654
f 7654 7301 7661
f 7301 7660 7661
f 7301 7309 7666
f 7301 7666 7660
f 7659 7660 7666
f 7659 7666 7665
f 7985 7659 7665
f 7985 7665 7989
f 8299 7984 7985
f 8302 8299 7988
f 7988 8299 7984
f 7988 7984 7985
f 8302 7988 7992
f 7989 7988 7985
f 7992 7988 7989
f 7989 7993 7992
f 7670 7993 7989
f 7670 7989 7665
f 7993 7670 7676
f 7993 7676 7995
f 7676 7670 7677
f 7995 7676 7677
f 7996 7995 7677
f 7678 7677 7671
f 7678 7671 7672
f 7678 7672 7325
f 7325 7672 7317
f 7326 7325 7317
f 7326 7317 7318
f 7317 7672 7671
f 7671 7677 7670
f 7671 7670 7665
f 7671 7665 7666
f 7666 7309 7317
f 7671 7666 7317
f 7286 7285 7644
f 7292 7286 7293
f 7293 7286 7645
f 7293 7645 7649
f 7286 7644 7645
f 7650 7649 7645
f 7650 7645 7646
f 7651 7650 7977
f 7974 7977 7973
f 7973 7977 7650
f 7973 7650 7646
f 7645 7644 7638
f 7638 7644 7637
f 7638 7969 7645
f 7973 7646 7645
f 7645 7969 7970
f 7645 7970 7973
f 8281 8285 7970
f 8285 8281 8286
f 7966 8281 7970
f 8286 8281 8282
f 8282 8281 8277
f 8281 8276 8277
f 8276 8281 7962
f 7962 8281 7966
f 7962 7966 7961
f 8603 8282 8277
f 8603 8277 8600
f 8600 8277 8278
f 8603 8604 8924
f 8603 8924 8923
f 8603 8923 8607
f 8603 8607 8282
f 8282 8607 8286
f 8285 8286 7970
f 7925 7924 8243
f 7942 7943 8258
f 7942 7948 7947
f 7941 7942 7947
f 8253 8259 8258
f 8253 8258 8252
f 8252 8258 7937
f 7937 8258 7943
f 7613 7606 7607
f 7613 7607 7614
f 7614 7607 7956
f 7956 7607 7951
f 7951 7952 7957
f 7956 7951 7957
f 7621 7613 7614
f 7961 7614 7956
f 7614 7961 7621
f 7613 7621 7620
f 7620 7621 7630
f 7621 7961 7630
f 7630 7961 7965
f 7962 7961 7956
f 7962 7956 7957
f 7957 7958 8272
f 7957 8272 8276
f 7957 8276 7962
f 8276 8272 8277
f 7966 7965 7961
f 7965 7966 7970
f 7965 7970 7969
f 7630 7965 7629
f 7629 7965 7969
f 7637 7629 7969
f 7969 7638 7637
f 9266 9267 8935
f 8935 9267 8936
f 8936 8939 8621
f 8936 8621 8618
f 8948 8945 8630
f 8630 8945 8627
f 8630 8627 8312
f 8627 8309 8310
f 8627 8310 8312
f 8312 8310 8313
f 8313 8310 7995
f 8313 7995 7999
f 7682 7999 7683
f 7999 7682 7687
f 7687 7682 7683
f 8002 7999 7687
f 7687 7683 7688
f 8002 7687 7692
f 7687 7688 7692
f 7343 7344 7351
f 7344 7352 7351
f 7343 7351 7688
f 7693 7688 7351
f 7688 7693 7692
f 7697 7693 7351
f 7697 7351 7359
f 7693 7697 7696
f 7692 7693 7696
f 7692 8005 8002
f 8005 7692 8009
f 7692 7696 8009
f 8005 8009 8004
f 8005 8004 8008
f 8002 8005 8004
f 8317 8002 8316
f 8316 8002 8004
f 8320 8316 8004
f 8313 7999 8002
f 8313 8002 8316
f 8313 8316 8312
f 7995 7996 7999
f 7999 7996 7683
f 7996 7677 7683
f 7683 7677 7678
f 7683 7678 7684
f 7688 7344 7343
f 7688 7683 7344
f 7344 7683 7334
f 7334 7683 7684
f 7334 7684 7678
f 7334 7678 7325
f 7352 7344 7345
f 7345 7344 7335
f 7344 7334 7335
f 7326 7335 7334
f 7334 7325 7326
f 7335 7336 7346
f 7335 7346 7345
f 7345 7353 7352
f 7353 7345 7018
f 7018 7345 7013
f 7013 7019 7018
f 7029 7353 7018
f 7018 7019 7030
f 7018 7030 7029
f 7019 7030 7031
f 7019 7031 7020
f 7020 7031 7021
f 7021 7022 6786
f 7022 6787 6786
f 6786 6787 6560
f 7021 6786 6785
f 7021 6785 7020
f 7019 7020 6785
f 7019 6785 6784
f 6783 6795 6784
f 7019 6784 7029
f 7019 7029 7030
f 6795 7029 6784
f 8320 8004 8008
f 8322 8320 8008
f 8008 8004 8009
f 8008 8009 7696
f 7702 8008 7696
f 8011 8008 7702
f 7703 7702 7696
f 8011 7702 8016
f 7709 8016 7702
f 7708 7709 7702
f 8016 7709 7708
f 8016 7708 8015
f 8015 7708 7707
f 7707 7708 7375
f 7375 7708 7376
f 7701 7708 7702
f 7708 7701 7367
f 7708 7367 7376
f 7701 7702 7367
f 7367 7702 7368
f 7367 7368 7038
f 7376 7367 7038
f 7043 7375 7376
f 7043 7376 7044
f 7044 7376 7038
f 7038 6799 7044
f 6799 6805 7044
f 7044 6805 6804
f 7043 7044 6804
f 7048 7043 6804
f 7048 6804 6809
f 7661 7660 7653
f 7661 7653 7654
f 7328 7329 7338
f 7338 7329 7330
f 7338 7330 7339
f 7338 7339 7012
f 7011 7338 7012
f 7330 7331 7339
f 7339 7331 7340
f 7331 7330 7322
f 7331 7322 7323
f 7332 7331 7323
f 7332 7323 7324
f 7324 7673 7679
f 7324 7679 7332
f 7673 7674 7679
f 7674 7680 7679
f 7679 7680 7332
f 7333 7332 7680
f 7341 7332 7333
f 7331 7332 7340
f 7340 7332 7341
f 7341 7342 7349
f 7341 7349 7348
f 7349 7356 7348
f 7348 7356 7355
f 7356 7363 7355
f 7356 7349 7350
f 7349 7342 7685
f 7349 7685 7689
f 7342 7341 7333
f 7342 7333 7680
f 7342 7680 7685
f 7685 7680 7681
f 7685 7681 7686
f 7690 7686 7691
f 7691 8003 7695
f 8003 8006 7695
f 7690 7691 7694
f 7694 7691 7695
f 7694 7695 7698
f 7698 7695 7699
f 7694 7698 7357
f 7698 7699 7364
f 7698 7364 7357
f 7364 7699 7365
f 7365 7699 7371
f 7357 7364 7356
f 7356 7364 7363
f 7357 7356 7350
f 7694 7357 7690
f 7690 7357 7350
f 7690 7350 7349
f 7690 7349 7689
f 7690 7689 7685
f 7690 7685 7686
f 7327 7335 7326
f 7335 7327 7336
f 7336 7327 7337
f 7337 7327 7328
f 7336 7010 7009
f 7010 7336 7337
f 7009 7010 7013
f 7009 7013 7336
f 7013 7010 7014
f 7014 7010 7015
f 7015 7010 7011
f 7014 7015 7020
f 7020 7015 7021
f 7020 7019 7013
f 7020 7013 7014
f 7336 7013 7346
f 7345 7346 7013
f 7337 7328 7338
f 7337 7338 7011
f 7010 7337 7011
f 7015 7011 7016
f 7016 7011 7012
f 7012 7339 7016
f 7347 7016 7339
f 7016 7022 7015
f 7015 7022 7021
f 7023 7022 7017
f 7017 7022 7016
f 7032 7023 7033
f 7033 7023 7024
f 7355 7033 7024
f 7355 7024 7023
f 7355 7023 7354
f 7354 7023 7347
f 7347 7023 7017
f 7355 7354 7347
f 7355 7347 7348
f 7017 7016 7347
f 7340 7347 7339
f 7347 7340 7348
f 7348 7340 7341
f 9294 9291 8962
f 9297 9294 8964
f 8964 9294 8962
f 9294 9297 9655
f 9294 9655 9651
f 9662 9659 9303
f 9303 9659 9300
f 9300 9659 9655
f 9300 9655 9297
f 8968 9300 9297
f 9297 8964 8968
f 9300 8968 8967
f 9300 8967 9299
f 9299 8967 9302
f 9299 9302 9300
f 9300 9302 9303
f 8973 9302 8967
f 8967 8968 8964
f 8655 8967 8964
f 8972 8973 8967
f 8972 8967 8966
f 9302 9307 9303
f 9303 9307 9666
f 9666 9307 9665
f 9306 9307 9302
f 8962 8960 8646
f 8964 8962 8646
f 8646 8650 8964
f 8650 8646 8333
f 8650 8333 8339
f 8339 8333 8338
f 8339 8338 8649
f 8339 8649 8650
f 8964 8650 8656
f 8964 8656 8655
f 8656 8650 8649
f 8656 8649 8655
f 8338 8337 8649
f 8648 8649 8337
f 8649 8648 8654
f 8649 8654 8655
f 8967 8655 8654
f 8966 8967 8654
f 8972 8966 8654
f 8973 8972 9302
f 9302 8972 9306
f 9306 8972 8978
f 8978 8663 8977
f 8978 8977 8985
f 8978 8985 8986
f 8985 8977 8671
f 8663 8978 8664
f 8977 8663 8671
f 8661 8664 8978
f 8978 8972 8661
f 8664 8661 8663
f 8661 8972 8654
f 8661 8654 8344
f 8661 8660 8663
f 8660 8347 8663
f 8352 8663 8347
f 8351 8352 8036
f 8352 8351 8358
f 8352 8358 8359
f 8358 8351 8035
f 8035 8351 8036
f 8043 8358 8035
f 8359 8671 8352
f 8352 8671 8663
f 8359 8358 8671
f 8358 8670 8671
f 7728 8043 8035
f 8043 7728 7734
f 7728 8035 8033
f 8033 8035 8036
f 7728 8033 7724
f 7728 7724 7725
f 7725 7724 8033
f 8036 8352 8347
f 8033 8036 8352
f 8033 8352 8347
f 8033 8347 8343
f 8033 8343 8029
f 8344 8029 8343
f 8030 8029 8344
f 8348 8344 8343
f 8348 8343 8347
f 8344 8348 8661
f 8654 8648 8337
f 8654 8337 8344
f 8344 8337 8030
f 8030 8337 8026
f 8026 8337 8338
f 8026 8021 8020
f 8026 8338 8021
f 8026 8020 7713
f 7718 8026 7713
f 7718 7717 7721
f 7722 7718 7721
f 8026 7718 7721
f 8026 7721 8030
f 8029 8030 7721
f 8033 8029 7721
f 8033 7721 7725
f 7728 7724 7393
f 7389 7724 7725
f 7393 7724 7389
f 7389 7725 7390
f 7728 7393 7399
f 7060 7393 7389
f 7060 7389 7057
f 7057 6818 7060
f 6818 7057 7058
f 6815 6818 7054
f 7054 6818 7058
f 7054 7058 7057
f 7054 7058 7386
f 7386 7058 7390
f 7390 7058 7057
f 7390 7057 7389
f 7390 7725 7721
f 7390 7721 7386
f 7721 7718 7386
f 7386 7718 7382
f 7382 7718 7383
f 7051 7054 7386
f 7386 7382 7051
f 6813 6812 7051
f 6808 6813 7052
f 7052 6813 7051
f 6809 6808 7048
f 7048 6808 7047
f 7047 6808 7052
f 7043 7048 7380
f 7043 7380 7375
f 7380 7048 7379
f 7375 7380 7714
f 7707 7375 7714
f 7707 8014 8015
f 8014 7707 8021
f 8021 7707 7714
f 8015 8014 8022
f 8021 8022 8014
f 8022 8021 8333
f 8021 8332 8333
f 8333 8332 8338
f 8338 8332 8021
f 8020 8021 7714
f 8020 7714 7713
f 7714 7380 7713
f 7718 7713 7379
f 7379 7713 7380
f 7718 7379 7383
f 7047 7379 7048
f 7379 7047 7052
f 7383 7379 7052
f 7382 7383 7052
f 7051 7382 7052
f 6815 7054 6812
f 7054 7051 6812
f 6809 6804 6808
f 6804 6805 6799
f 6792 6800 7026
f 7039 7026 6800
f 7358 7026 7039
f 7358 7039 7368
f 7358 7368 7369
f 7026 7358 7359
f 7026 7359 7027
f 7359 7358 7369
f 7359 7369 7370
f 7697 7359 7696
f 7696 7359 7358
f 7696 7358 7369
f 7696 7369 7703
f 7369 7368 7702
f 7703 7369 7702
f 6804 6580 6809
f 6809 6580 6585
f 6809 6585 6584
f 6809 6584 6808
f 6584 6585 6342
f 6585 6580 6342
f 6580 6804 6805
f 6581 6580 6805
f 6581 6805 6799
f 6575 6581 6799
f 6581 6338 6580
f 6338 6581 6575
f 6580 6338 6337
f 6580 6337 6342
f 6342 6337 6022
f 6022 6337 6015
f 6016 6015 6337
f 6016 6337 6338
f 6338 6330 6016
f 6330 6338 6575
f 6575 6799 6800
f 6576 6575 6800
f 6576 6800 6792
f 6576 6792 6566
f 6566 6321 6332
f 6566 6332 6331
f 6566 6331 6576
f 6331 6332 6321
f 6331 6332 6010
f 6322 6321 6566
f 6321 6322 6332
f 6332 6322 6333
f 6010 6332 6333
f 6333 6011 6010
f 6322 6011 6333
f 6011 6322 6003
f 6011 6003 6010
f 6003 6322 6004
f 6000 6004 6313
f 6313 6004 6322
f 6003 6004 6000
f 6000 5999 6003
f 5999 5640 6003
f 6003 5640 5644
f 5643 5644 5640
f 5640 5639 5643
f 5636 5640 5999
f 5994 5636 5999
f 5994 5999 6000
f 5994 6000 5995
f 5995 6000 6305
f 6305 6000 6313
f 5995 6305 6306
f 6305 6313 6306
f 6306 6313 6314
f 6306 6314 6307
f 6314 6315 6307
f 6306 6307 6297
f 6296 6306 6297
f 6306 6296 5991
f 6306 5991 5996
f 5996 5991 5990
f 5991 6296 6287
f 5991 6287 5985
f 5991 5985 5984
f 5985 6287 5984
f 5984 6287 6286
f 5984 5983 5990
f 5984 5990 5991
f 5990 5995 5996
f 5996 5995 6306
f 5994 5995 5990
f 5636 5994 5989
f 5989 5994 5990
f 5636 5989 5632
f 5989 5990 5632
f 5633 5632 5990
f 5632 5990 5983
f 5629 5632 5983
f 5629 5983 5625
f 5983 5978 5625
f 5628 5629 5624
f 5624 5629 5625
f 5628 5624 5288
f 5978 5979 5974
f 5978 5974 5973
f 5978 5983 5984
f 5979 5978 5984
f 6278 5979 5984
f 6278 5984 6286
f 6278 6286 6287
f 6278 6287 6279
f 6288 6287 6296
f 6288 6296 6297
f 6288 6280 6279
f 6288 6279 6287
f 6281 6280 6288
f 6281 6288 6289
f 6289 6288 6297
f 6298 6289 6297
f 6297 6307 6298
f 6307 6308 6298
f 6298 6308 6552
f 6298 6552 6553
f 6298 6553 6549
f 6298 6549 6299
f 6298 6299 6289
f 6289 6299 6290
f 6289 6290 6281
f 6281 6290 6547
f 6281 6547 6546
f 6547 6290 6291
f 6548 6547 6282
f 6282 6547 6291
f 6291 6290 6300
f 6291 6300 6301
f 6292 6291 6301
f 6301 6300 6550
f 6301 6550 6551
f 6551 6550 6554
f 6551 6554 6555
f 6551 6555 6301
f 6291 6292 6283
f 6291 6283 6282
f 6284 6283 6292
f 6284 6292 6293
f 6284 6285 6276
f 6283 6284 6275
f 6275 6284 6276
f 6275 6274 6283
f 6274 6275 6265
f 6275 6266 6265
f 6266 6275 6267
f 6267 6275 6276
f 6277 6276 6285
f 6284 6293 6285
f 6285 6293 6294
f 6285 6294 5980
f 5980 6294 5986
f 5980 5986 5981
f 5981 5986 5987
f 6285 5980 5975
f 6285 5975 6277
f 5980 5981 5975
f 5975 5981 5976
f 5976 5981 5977
f 5975 5976 5972
f 5975 5972 5971
f 6277 5975 5971
f 6276 6277 6267
f 6267 6277 5971
f 6268 6267 5971
f 5971 5970 6267
f 5970 5971 5967
f 5972 5618 5971
f 5967 5971 5618
f 5967 5966 5970
f 5970 5966 6267
f 5966 6259 6267
f 5966 5965 6259
f 6259 5965 6258
f 6259 6258 6266
f 6267 6259 6266
f 6266 6258 6265
f 6265 6258 6257
f 6265 6257 6256
f 6265 6256 6264
f 6269 6260 5969
f 5969 5974 6269
f 5969 5968 5973
f 5969 5973 5974
f 6269 5974 5979
f 6269 5979 6278
f 6278 6279 6269
f 6269 6279 6270
f 6270 6279 6280
f 6270 6280 6271
f 6260 6269 6261
f 6261 6269 6270
f 6262 6261 6270
f 6270 6271 6262
f 6280 6281 6272
f 6280 6272 6271
f 6281 6546 6272
f 6547 6548 6545
f 6547 6545 6544
f 6282 6283 6274
f 6548 6282 6274
f 6548 6274 6545
f 6808 6584 6813
f 6813 6584 6589
f 6341 6584 6342
f 6342 6022 6341
f 6341 6022 6021
f 6021 5657 6026
f 5664 6026 5657
f 6345 6021 6026
f 6021 6345 6341
f 6341 6345 6584
f 6584 6345 6589
f 6345 6026 6025
f 6344 6345 6025
f 6344 6025 6348
f 6348 6025 6029
f 6029 6025 6026
f 5667 6026 5664
f 6026 5667 5666
f 6026 5666 6029
f 6029 6032 6348
f 6348 6032 6352
f 6352 6032 6351
f 6591 6348 6352
f 6348 6591 6588
f 6344 6348 6588
f 6345 6344 6589
f 6344 6588 6589
f 6588 6591 6815
f 6588 6815 6812
f 6588 6812 6813
f 6589 6588 6813
f 6815 6591 6595
f 6819 6815 6595
f 6815 6819 6818
f 6819 6595 6594
f 6819 6594 6818
f 6594 6595 6591
f 6818 6594 6821
f 6594 6597 6821
f 6603 6597 6355
f 6597 6603 6821
f 6821 6603 6827
f 6827 6603 6602
f 6827 6602 6826
f 6603 6361 6360
f 6603 6360 6602
f 6826 6602 6601
f 6825 6826 6601
f 6824 6825 6601
f 6824 6601 6600
f 5679 5678 6038
f 5332 5678 5679
f 5678 5332 5331
f 5680 5679 6039
f 6040 5680 6039
f 5679 5680 5332
f 6039 5679 6038
f 6039 6038 6359
f 6359 6038 6358
f 6601 6359 6358
f 6358 6600 6601
f 6359 6601 6602
f 6359 6602 6360
f 6359 6360 6039
f 6040 6039 6360
f 6040 6360 6361
f 6040 6361 6041
f 6361 6603 6355
f 6041 6361 6355
f 6597 6594 6355
f 6355 6594 6351
f 6355 6035 6041
f 6040 6041 5680
f 6041 5681 5680
f 5681 6041 6035
f 5333 5680 5681
f 5333 5332 5680
f 5331 5332 4991
f 4991 5332 4992
f 4306 4297 4298
f 4306 4298 4307
f 4307 4298 4299
f 4307 4299 4308
f 4668 4299 4298
f 4669 4299 4668
f 4668 4298 4297
f 4297 4667 4668
f 4668 4667 4992
f 4992 4667 4991
f 4668 4992 4993
f 4668 4993 4669
f 4993 4992 5333
f 5333 4992 5332
f 5333 5334 4993
f 4994 4993 5334
f 5334 5327 5328
f 5335 5334 5328
f 5334 5335 4995
f 5334 4995 4994
f 4994 4670 4669
f 4994 4669 4993
f 4669 4670 4299
f 4299 4670 4300
f 4301 4300 4670
f 4302 4301 4671
f 4310 4301 4302
f 4301 4310 4309
f 4301 4309 4300
f 4310 4311 3919
f 4311 4310 4302
f 3919 4311 3920
f 3910 3920 4311
f 3910 4311 4302
f 3920 3910 3919
f 3919 3910 3909
f 3918 4310 3919
f 4310 3918 4309
f 4300 4309 4299
f 4299 4309 4308
f 3917 4308 4309
f 3917 4309 3918
f 3926 3917 3927
f 3927 3917 3918
f 3557 3933 3926
f 3557 3926 3927
f 3562 3933 3563
f 3563 3933 3557
f 3557 3927 3918
f 3552 3557 3918
f 3918 3919 3553
f 3918 3553 3552
f 3553 3919 3909
f 3552 3553 3557
f 3553 3558 3557
f 3557 3558 3563
f 3563 3558 3564
f 3558 3553 3148
f 3558 3148 3153
f 3153 3148 3149
f 3153 3149 3154
f 3148 3553 3149
f 3149 3553 3554
f 3545 3553 3909
f 3545 3909 3910
f 3546 3545 3910
f 3911 3910 3903
f 3911 3903 3904
f 3905 3904 3900
f 4288 3904 4293
f 3904 4288 3900
f 3900 4288 4289
f 3535 3900 3897
f 3900 3535 3540
f 3900 3540 3905
f 3904 3905 3548
f 3911 3904 3547
f 3547 3904 3548
f 3911 3547 3910
f 3548 3905 3540
f 3547 3548 3540
f 3547 3540 3539
f 3547 3539 3136
f 3547 3136 3145
f 3136 3539 3540
f 3136 3540 3137
f 3546 3547 3145
f 3546 3145 3144
f 3144 3145 3150
f 3149 3554 3546
f 3149 3546 3144
f 3149 3144 3150
f 3150 3145 2730
f 3150 2730 2734
f 3540 3541 3137
f 3137 3541 3138
f 3136 3137 3145
f 3137 2725 3145
f 3145 2725 2731
f 2730 3145 2731
f 2731 2725 2726
f 2327 2731 2726
f 2726 2321 2327
f 2322 2726 2727
f 2726 2322 2321
f 2322 2727 2720
f 2322 2720 2309
f 2309 2720 2721
f 2310 2309 2721
f 2309 2310 2322
f 2322 2310 2323
f 2716 2721 2720
f 2716 2720 2715
f 2727 3139 3133
f 2727 3133 2720
f 2720 3133 3129
f 2720 3129 2715
f 2715 3129 3126
f 2712 2715 3126
f 3129 3128 3125
f 3129 3125 3126
f 3126 3125 3123
f 3123 3125 3122
f 3126 3123 2712
f 2712 3123 2708
f 2712 2708 2709
f 2713 2712 2709
f 2709 2708 2705
f 2713 2716 2715
f 2715 2712 2713
f 2716 2298 2297
f 2721 2716 2310
f 2310 2716 2297
f 2311 2721 2310
f 2310 2297 2311
f 2311 2297 2298
f 2322 2323 1869
f 2310 1869 2323
f 2310 2311 1870
f 2310 1870 1869
f 2311 1860 1870
f 1860 1861 1870
f 1860 2311 2312
f 1860 2312 1861
f 1871 1870 1861
f 1862 1872 1871
f 1862 1871 1861
f 2313 1861 2312
f 2311 2298 2312
f 2298 2299 2312
f 2299 2298 2289
f 2299 2300 2313
f 2299 2313 2312
f 2289 2281 2290
f 2274 2281 2280
f 2273 2274 2280
f 2280 2281 2289
f 2280 2289 2288
f 2288 2289 2298
f 2288 2298 2297
f 2287 2288 2297
f 2297 2713 2287
f 2713 2297 2716
f 2287 2713 2709
f 2279 2287 2709
f 2287 2279 2288
f 2288 2279 2280
f 2709 2705 2279
f 2279 2705 2272
f 2704 2705 2708
f 2708 3123 2704
f 2704 3123 3120
f 2701 2704 3116
f 3116 2704 3120
f 2705 2704 2701
f 2705 2701 2702
f 2705 2702 2266
f 2705 2266 2272
f 2272 2266 2267
f 2272 2267 2273
f 2279 2272 2280
f 2280 2272 2273
f 2273 2267 2274
f 2267 2268 2274
f 7038 7368 7039
f 7039 6800 6799
f 7038 7039 6799
f 7360 7352 7353
f 7353 7029 7361
f 7353 7361 7360
f 7360 7361 7029
f 7360 7029 7028
f 7028 7027 7360
f 7360 7027 7359
f 7026 7027 6792
f 6792 7027 6793
f 6794 6793 7028
f 7028 6793 7027
f 6795 6794 7029
f 7029 6794 7028
f 7359 7351 7360
f 7360 7351 7352
f 6575 6576 6331
f 6575 6331 6330
f 6330 6331 6008
f 6016 6330 6008
f 6016 6008 6017
f 6017 6008 6009
f 6016 6017 5653
f 6009 6008 6331
f 6009 6331 6010
f 6010 6018 6009
f 6009 6018 6017
f 6017 6018 6010
f 6017 6009 5647
f 5653 6017 5647
f 5653 5652 6016
f 5653 5307 5306
f 4970 5306 5303
f 5303 5306 5304
f 5304 5306 5307
f 4970 5303 4967
f 4967 5303 5304
f 4645 4970 4967
f 4645 4967 4643
f 4967 4968 4964
f 5304 4968 4967
f 4964 4962 4637
f 4962 4964 5300
f 4964 4637 4640
f 5300 4964 4968
f 5300 4968 5304
f 5300 5304 5643
f 5643 5304 5647
f 5647 6009 6010
f 5647 6010 5648
f 5647 5648 5644
f 5648 6010 5644
f 5644 6010 6003
f 5644 5643 5647
f 5300 5643 5639
f 5300 5639 5298
f 5639 5640 5294
f 5294 5640 5636
f 5639 5294 5298
f 5636 5295 5294
f 5291 5636 5632
f 5295 5636 5291
f 5295 5291 5294
f 5632 5629 5628
f 5290 5632 5628
f 5628 5288 5290
f 5285 5288 5624
f 5288 5285 4952
f 4955 5288 4952
f 4955 4952 4954
f 5288 4955 5290
f 5290 4955 4957
f 5632 5290 5291
f 5291 5290 5294
f 5290 4957 5294
f 4957 4955 4633
f 4633 4955 4630
f 4630 4955 4629
f 4629 4955 4954
f 4629 4259 4630
f 4630 4259 4260
f 4630 4260 4262
f 4630 4262 4633
f 3873 4262 4260
f 4957 4633 4960
f 4633 4635 4960
f 4957 4960 5294
f 4960 4635 4637
f 4962 4960 4637
f 4637 4635 4267
f 4267 4635 4265
f 4635 4633 4265
f 4633 4262 4265
f 4265 4262 3873
f 3876 4265 3873
f 3879 4265 3876
f 4267 4265 3879
f 4637 4267 4270
f 4637 4270 4640
f 4640 4270 4269
f 3882 4270 4267
f 3882 4267 3879
f 3879 3876 3512
f 3876 3508 3512
f 3504 3876 3873
f 3876 3504 3508
f 3879 3512 3515
f 3879 3515 3882
f 3515 3512 3108
f 3111 3515 3108
f 3111 3108 3112
f 3112 3108 2691
f 3112 2691 2696
f 2697 2696 2691
f 2697 2691 2692
f 3105 2691 3108
f 3105 3108 3509
f 3509 3108 3512
f 3509 3512 3508
f 3508 3504 3509
f 3509 3505 3102
f 3509 3102 3105
f 3505 3509 3504
f 3505 3504 3102
f 3102 3504 3101
f 3105 2686 2691
f 2691 2686 2687
f 2686 3105 2687
f 2692 2691 2687
f 2697 2702 2701
f 2697 2701 2696
f 3112 2696 2701
f 2701 3116 3112
f 3116 3115 3112
f 3111 3112 3515
f 3515 3112 3115
f 3515 3115 3518
f 3515 3518 3882
f 3882 3518 3885
f 3885 3518 3888
f 3885 3888 3884
f 4270 3882 3885
f 4270 3885 4274
f 4270 4274 4273
f 4273 4274 3885
f 4269 4270 4273
f 4269 4273 4639
f 4269 4639 4640
f 4643 4639 4273
f 4643 4273 4645
f 4273 4277 4645
f 4639 4643 4967
f 4639 4967 4964
f 4639 4964 4640
f 5294 4960 4962
f 5294 4962 5298
f 5298 4962 5300
f 6567 6792 6793
f 6792 6567 6566
f 6567 6793 6794
f 6566 6567 6322
f 6313 6322 6314
f 6314 6322 6323
f 6315 6314 6323
f 6324 6315 6323
f 6322 6567 6323
f 6323 6567 6568
f 6323 6568 6569
f 6323 6569 6324
f 6324 6569 6315
f 6315 6569 6557
f 6569 6570 6557
f 6558 6557 6570
f 6557 6558 6315
f 6316 6315 6558
f 6558 6570 6559
f 6785 6559 6558
f 6785 6558 6784
f 6559 6785 6786
f 6559 6786 6560
f 6560 6787 6561
f 6561 6787 6562
f 6562 6787 6788
f 6562 6788 6789
f 6562 6789 6563
f 6563 6789 6790
f 6563 6790 6564
f 6564 6790 6791
f 6564 6791 6565
f 6565 6791 6796
f 6563 6564 6325
f 6325 6318 6563
f 6563 6318 6562
f 6317 6562 6318
f 6562 6317 6309
f 6317 6318 6310
f 6317 6310 6309
f 6562 6309 6556
f 6562 6556 6555
f 6562 6555 6561
f 6555 6556 6309
f 6555 6309 6301
f 6301 6309 6302
f 6302 6309 6310
f 6303 6302 6310
f 6292 6301 6302
f 6293 6292 6302
f 6293 6302 6294
f 6303 6294 6302
f 6303 6310 6311
f 6303 6311 6304
f 6318 6319 6310
f 6310 6319 6311
f 6319 6320 6311
f 6320 6327 6001
f 6001 6327 6005
f 6005 6006 6001
f 6327 6320 6319
f 6327 6319 6326
f 6326 6571 6327
f 6572 6327 6571
f 6328 6327 6572
f 6573 6328 6572
f 6574 6573 6797
f 6797 6798 6574
f 6797 6573 6572
f 6797 6572 6796
f 6796 6572 6565
f 6565 6572 6564
f 6564 6572 6571
f 6571 6326 6564
f 6319 6318 6325
f 6319 6325 6326
f 6326 6325 6564
f 6568 6567 6794
f 6568 6794 6569
f 6569 6794 6795
f 6569 6795 6783
f 6569 6783 6558
f 6558 6783 6784
f 6570 6569 6558
f 6553 6552 6559
f 6559 6552 6558
f 6552 6308 6558
f 6558 6308 6316
f 6316 6308 6307
f 6315 6316 6307
f 9635 9637 9638
f 9275 9635 9638
f 9275 9638 9278
f 9276 9275 9278
f 9278 9638 9280
f 9280 9638 9641
f 9278 9280 8951
f 9278 8949 9276
f 8949 9278 8951
f 9275 9276 8947
f 8947 9276 8949
f 8949 8951 8634
f 8953 8636 8951
f 8634 8951 8636
f 8634 8636 8319
f 8319 8636 8321
f 8319 8321 8007
f 8007 8321 8010
f 8010 8321 8323
f 8010 8323 8012
f 8012 8323 8327
f 8012 8013 8018
f 8017 7710 8012
f 7705 8012 7710
f 7705 7706 7372
f 7372 7706 7373
f 7706 7705 7711
f 7711 7705 7710
f 7711 7710 8018
f 7711 7712 7706
f 7712 7377 7706
f 7373 7706 7377
f 7705 7372 7366
f 7366 7372 7037
f 7040 7037 7372
f 7040 7372 7373
f 7040 7373 7041
f 7037 7040 7041
f 7042 7041 7373
f 7042 7373 7374
f 7374 7373 7377
f 7374 7377 7042
f 7377 7045 7042
f 7042 7045 6803
f 7042 6803 6802
f 7042 6802 7041
f 6806 6803 7045
f 8318 8319 8003
f 8003 8319 8007
f 8003 8007 8006
f 8006 8007 8010
f 7695 8006 7699
f 7699 8006 8010
f 7700 7699 8010
f 8010 8012 7700
f 8012 7705 7700
f 7700 7705 7699
f 7699 7705 7704
f 7704 7705 7366
f 7699 7704 7371
f 7365 7371 7704
f 7365 7704 7366
f 7364 7365 7036
f 7364 7036 7035
f 7363 7364 7035
f 7363 7035 7034
f 7034 7025 7033
f 7033 7025 7024
f 7034 7033 7363
f 7033 7362 7363
f 7362 7033 7355
f 7362 7355 7363
f 8012 8327 8328
f 8012 8328 8013
f 8018 8013 8331
f 8013 8328 8331
f 7365 7366 7036
f 7366 7037 7036
f 6797 7035 7036
f 7035 6797 6796
f 7036 7037 6797
f 7037 6798 6797
f 7037 7041 6798
f 7041 6802 6801
f 7041 6801 6798
f 6798 6801 6802
f 6791 6790 6796
f 6789 6788 7024
f 6788 7023 7024
f 6789 7024 6790
f 6790 7024 7025
f 7035 6790 7025
f 6790 7035 6796
f 7034 7035 7025
f 8017 8018 7710
f 8018 8017 8012
f 7711 8018 7712
f 7712 8018 8019
f 8019 8018 8023
f 8024 8019 8023
f 8335 8024 8023
f 8335 8023 8334
f 8023 8018 8331
f 8023 8331 8334
f 8334 8331 8647
f 8647 8331 8645
f 8334 8647 8651
f 8334 8651 8340
f 8334 8340 8341
f 8334 8341 8335
f 8341 8340 8651
f 8645 8331 8643
f 8645 8643 8959
f 8645 8959 8961
f 8645 8961 8647
f 8961 8963 8647
f 8647 8963 8965
f 8647 8965 8651
f 8657 8651 8965
f 8651 8657 8658
f 8657 8965 8969
f 8652 8651 8658
f 8658 8657 8969
f 8651 8652 8341
f 8658 8659 8652
f 8652 8659 8653
f 8653 8342 8652
f 8652 8342 8341
f 8335 8341 8342
f 8335 8342 8336
f 8335 8336 8025
f 8335 8025 8024
f 8336 8342 8025
f 8025 8342 8027
f 7716 8025 7719
f 7719 8025 8027
f 7720 7719 8027
f 8027 8028 7720
f 8028 8027 8032
f 8032 8027 8031
f 7720 8028 7723
f 8028 8032 7723
f 8031 8027 8345
f 8345 8027 8342
f 8031 8345 8032
f 8345 8346 8032
f 8346 8345 8349
f 8346 8349 8350
f 8349 8345 8659
f 8659 8342 8653
f 8342 8659 8345
f 8659 8658 8970
f 8658 8969 8970
f 9298 8965 8963
f 9298 8963 9296
f 9296 8963 8961
f 9293 9296 8961
f 9298 9301 8965
f 8965 9301 8969
f 8970 8969 8975
f 8975 8969 8974
f 8974 8969 9301
f 9305 8975 8974
f 8974 9304 9305
f 9304 8974 9301
f 9301 9298 9661
f 9298 9658 9661
f 9304 9301 9661
f 9661 9664 9304
f 9664 9661 9660
f 9664 9660 9663
f 9663 9667 9664
f 10073 10080 10079
f 10080 10073 10074
f 10073 10079 9667
f 10080 10074 10466
f 10079 10080 9674
f 10079 9674 9667
f 9674 9668 9667
f 9675 9674 10080
f 9674 9675 9668
f 9667 9668 9664
f 9304 9668 9308
f 9668 9304 9664
f 9304 9308 9309
f 9304 9309 9305
f 8975 9305 9309
f 8975 9309 8979
f 9309 9308 9668
f 9309 9668 9669
f 9309 9669 9676
f 9316 9309 9676
f 9676 9669 9675
f 9675 9669 9668
f 8980 9309 8987
f 8987 9309 9316
f 9309 8980 8979
f 8979 8980 8975
f 8975 8980 8976
f 8971 8970 8975
f 8970 8971 8659
f 8971 8975 8976
f 8971 8976 8659
f 8659 8976 8662
f 8659 8662 8349
f 8350 8349 8662
f 8346 8350 8034
f 8032 8346 8034
f 7723 8032 8034
f 8034 7726 7723
f 7723 7726 7391
f 7723 7391 7387
f 7726 7727 7392
f 7726 7392 7391
f 7723 7387 7720
f 7387 7391 7392
f 7392 7727 7394
f 7394 7727 7729
f 7727 7726 7729
f 8037 7729 7726
f 8037 7726 8034
f 8038 7729 8037
f 8353 8034 8350
f 8034 8353 8037
f 8038 8037 8044
f 8360 8044 8037
f 8360 8037 8353
f 8046 8044 8361
f 8361 8044 8360
f 8365 8046 8361
f 8368 8046 8365
f 8048 8046 8368
f 8368 8371 8048
f 8367 8368 8364
f 8367 8364 8676
f 8367 8676 8678
f 8364 8368 8365
f 8364 8365 8360
f 8360 8365 8361
f 8666 8353 8350
f 8350 8662 8666
f 8665 8666 8662
f 8662 8976 8980
f 8662 8980 8665
f 8980 8987 8672
f 9317 8987 9316
f 9316 9676 9324
f 9317 9316 9325
f 9316 9324 9325
f 9684 9324 9676
f 9325 9324 9684
f 9325 8991 8987
f 9325 8987 9317
f 8987 8991 8988
f 8988 8991 8992
f 8987 8988 8673
f 8672 8987 8673
f 8673 8988 8992
f 8673 8992 8676
f 8676 8992 8678
f 8992 8995 8678
f 8992 8991 9326
f 8991 9325 9326
f 8995 8992 9328
f 9328 8992 9326
f 8995 9328 9329
f 8996 8995 9329
f 8678 8995 8996
f 9329 9328 9691
f 9329 9691 9692
f 9691 9328 9326
f 9691 9326 9685
f 9326 9325 9685
f 9685 9325 9684
f 9690 9691 9685
f 9690 9685 9684
f 9692 9691 9697
f 9692 9697 9329
f 9332 9329 9697
f 9697 9691 9696
f 9696 9691 10090
f 10090 9691 9690
f 9696 10090 10095
f 9703 9696 10106
f 10106 9696 10105
f 10105 9696 10095
f 9703 9704 9696
f 9697 9696 9704
f 9697 9704 9335
f 9697 9335 9332
f 9332 9335 9336
f 9333 9332 9336
f 9329 9332 9333
f 9330 9329 9333
f 9329 9330 8996
f 8996 9330 8997
f 8997 9330 9333
f 8997 9333 9000
f 9004 9000 9333
f 9005 9000 9004
f 9000 9005 9001
f 9005 8685 9001
f 9001 8685 8683
f 9001 8683 8682
f 8373 8683 8685
f 8373 8685 8376
f 8373 8376 8375
f 8373 8375 8372
f 8051 8372 8375
f 8051 8375 8054
f 8375 8376 8055
f 8054 8375 8055
f 8055 8376 8059
f 8055 8059 8054
f 8054 8059 8058
f 8053 8054 8058
f 8053 8058 8057
f 8053 8057 7747
f 7747 8057 7750
f 7750 8057 7753
f 7750 7753 7754
f 7750 7754 7751
f 7753 8057 8061
f 7754 7415 7751
f 7415 7413 7751
f 7084 7413 7415
f 7084 7415 7086
f 7086 6848 6845
f 7086 6845 7084
f 7084 6845 6842
f 7084 6842 7081
f 7081 7411 7084
f 7084 7411 7413
f 7748 7413 7411
f 7751 7413 7748
f 7750 7751 7747
f 7747 7751 7748
f 7747 7748 7411
f 8053 7747 8050
f 7747 7743 8050
f 7743 8048 8050
f 8048 7743 7739
f 7739 7743 7744
f 7740 7739 7744
f 7740 7744 7745
f 7740 7745 7741
f 8048 7739 7737
f 8048 7737 8046
f 8048 8371 8050
f 8053 8050 8051
f 8053 8051 8054
f 8051 8050 8372
f 8372 8050 8371
f 8372 8371 8368
f 8369 8372 8368
f 8372 8369 8680
f 8680 8369 8368
f 8680 8368 8679
f 8680 8682 8372
f 8372 8682 8683
f 7022 7023 6788
f 7022 6788 6787
f 6560 6561 6554
f 6561 6555 6554
f 6553 6559 6560
f 6553 6560 6554
f 6553 6554 6549
f 6549 6554 6550
f 6550 6300 6299
f 6299 6300 6290
f 6550 6299 6549
f 6573 6574 6328
f 6574 6329 6328
f 6329 6574 6577
f 6334 6329 6577
f 6328 6329 6013
f 6013 6329 6334
f 6013 6334 6335
f 6014 6013 6335
f 6013 6014 5654
f 5654 6014 5655
f 6013 5654 5649
f 5649 5654 5655
f 6013 5649 5646
f 6013 6012 6328
f 6328 6012 6006
f 6574 6798 6801
f 6574 6801 6577
f 6577 6801 6578
f 6578 6801 6802
f 6574 6577 6578
f 6334 6577 6578
f 6334 6578 6335
f 6335 6336 6014
f 6579 6335 6578
f 6336 6335 6579
f 6336 6579 6339
f 6339 6579 6582
f 6336 6339 6014
f 6014 6339 6020
f 6014 6020 6019
f 6014 6019 5655
f 6019 6020 5655
f 5655 6020 5656
f 5650 5655 5308
f 5650 5308 5305
f 4969 5305 4971
f 4969 4971 4646
f 4969 4646 4644
f 4969 4644 4642
f 4969 4642 4966
f 4966 4642 4963
f 4963 4642 4641
f 4963 4641 4638
f 4642 4644 4272
f 4644 4276 4272
f 4272 4276 4271
f 4271 4276 4275
f 4642 4272 4271
f 4642 4271 4641
f 4641 4271 4638
f 4963 4638 4636
f 4961 4963 4636
f 4961 5297 4963
f 4963 5297 5299
f 4963 4965 4966
f 4965 4963 5301
f 5301 4963 5299
f 4965 5301 4966
f 5302 4966 5301
f 4969 4966 5305
f 5305 4966 5302
f 5301 5305 5302
f 5649 5305 5301
f 5649 5650 5305
f 5649 5301 5646
f 5650 5649 5655
f 5646 5301 5299
f 5299 5297 5642
f 5299 5642 5646
f 5641 5642 5637
f 5638 5642 5297
f 5642 5638 5637
f 5637 5638 5297
f 5297 5296 5637
f 5292 5296 5297
f 5296 5292 5637
f 5635 5637 5292
f 6002 5637 5998
f 5641 5637 6002
f 6002 6001 6006
f 6006 6012 6013
f 6327 6006 6005
f 6328 6006 6327
f 6006 6013 6007
f 6007 6013 5646
f 8959 9290 9293
f 8959 9293 8961
f 7712 8019 7715
f 7715 8019 8025
f 8025 8019 8024
f 8025 7716 7715
f 7715 7716 7712
f 7377 7712 7378
f 7378 7712 7716
f 7045 7377 7378
f 7045 7378 7046
f 7046 7378 7049
f 7046 7378 7381
f 7046 7381 7049
f 7045 7046 6806
f 6806 7046 6807
f 6810 6807 7046
f 6810 7046 7049
f 7381 7378 7716
f 7716 7719 7381
f 7384 7381 7719
f 7384 7719 7385
f 7719 7720 7385
f 7385 7720 7387
f 7385 7387 7053
f 7053 7387 7055
f 7384 7385 7381
f 7381 7385 7049
f 7049 7385 7053
f 7050 7049 7053
f 6811 6810 7049
f 6811 7049 7050
f 6814 6811 7050
f 7050 7053 6814
f 6816 6814 7053
f 6816 7053 7055
f 7055 7056 6817
f 7055 6817 6816
f 7056 7059 6817
f 6817 7059 6820
f 7059 7056 7055
f 7059 7055 7388
f 7059 7388 7392
f 7388 7055 7387
f 7388 7387 7392
f 7059 7392 7061
f 7392 7394 7061
f 6822 6820 7059
f 6822 7059 7061
f 7061 7067 6822
f 6828 6822 7067
f 6828 7067 6831
f 6832 6831 7070
f 7071 6832 7070
f 6832 7071 7074
f 6832 7074 6835
f 7074 7075 6836
f 7074 6836 6835
f 6836 7075 6839
f 6839 7075 7078
f 6842 6839 7081
f 6839 7078 7081
f 7081 7078 7411
f 7411 7078 7409
f 7408 7411 7409
f 7411 7408 7744
f 7409 7744 7408
f 7745 7744 7409
f 7409 7078 7075
f 7406 7409 7075
f 7745 7409 7741
f 7409 7406 7741
f 7740 7741 7406
f 7740 7406 7405
f 7074 7405 7406
f 7074 7406 7075
f 7074 7071 7070
f 7405 7074 7070
f 7404 7405 7070
f 7740 7405 7404
f 7740 7404 7739
f 7739 7404 7737
f 7737 7404 7402
f 7402 7404 7070
f 7070 6831 7067
f 7070 7067 7400
f 7070 7400 7402
f 7402 7400 7735
f 7402 7735 7737
f 8046 7737 7735
f 8046 7735 8044
f 8044 7735 7729
f 8044 7729 8038
f 7729 7735 7400
f 7729 7400 7394
f 7400 7067 7394
f 7061 7394 7067
f 6803 6578 6802
f 6578 6803 6579
f 6579 6803 6806
f 6579 6806 6582
f 6582 6806 6807
f 6807 6583 6582
f 6582 6583 6340
f 6582 6340 6339
f 6583 6807 6810
f 6810 6586 6583
f 6340 6583 6343
f 6343 6583 6586
f 6339 6340 6020
f 6020 6340 6024
f 6024 6340 6343
f 6023 6020 6024
f 5656 6020 5662
f 5662 6020 6023
f 5662 6023 6024
f 5661 5308 5655
f 5308 5661 5311
f 5308 4971 5305
f 4971 5308 4973
f 4646 4971 4973
f 4646 4973 4648
f 4978 4977 4973
f 5311 4973 5308
f 5311 5661 5662
f 5311 5662 5312
f 5662 5661 5656
f 5656 5661 5655
f 5663 5662 6024
f 6587 6586 6590
f 6590 6586 6810
f 6590 6810 6811
f 6811 6814 6590
f 6590 6814 6592
f 6814 6816 6592
f 6816 6817 6592
f 6593 6592 6817
f 6593 6817 6596
f 6596 6817 6820
f 6590 6592 6349
f 6349 6592 6593
f 6350 6349 6593
f 6350 6593 6354
f 6349 6350 6354
f 6353 6349 6354
f 6349 6353 6030
f 6030 6353 6033
f 6033 6353 6354
f 6033 6354 6034
f 6030 5669 6028
f 5665 6028 5669
f 6028 5665 6027
f 6024 6027 5665
f 5663 6024 5665
f 5665 5318 5663
f 5663 5318 5313
f 5663 5313 5662
f 5662 5313 5312
f 5668 5665 5669
f 5665 5668 5321
f 5665 5321 5318
f 5668 5669 5321
f 5669 6030 5672
f 5672 6030 6033
f 5672 6033 5676
f 5672 5676 5675
f 6033 6034 5676
f 6034 6036 5676
f 6036 6034 6354
f 6356 6036 6354
f 6354 6593 6596
f 6598 6596 6820
f 6598 6820 6822
f 6822 6828 6598
f 6604 6828 6831
f 6604 6831 6607
f 6607 6831 6832
f 6607 6832 6608
f 6611 6608 6832
f 6832 6835 6611
f 6611 6368 6608
f 6611 6835 6836
f 6612 6611 6836
f 6611 6612 6368
f 6368 6612 6369
f 6612 6836 6615
f 6836 6839 6615
f 6612 6615 6372
f 6612 6372 6369
f 6369 6049 6368
f 6618 6615 6839
f 6615 6618 6375
f 6615 6375 6372
f 6054 6372 6053
f 6053 6372 6375
f 6053 6375 6058
f 6053 6058 6057
f 6053 6057 6052
f 6052 6057 5694
f 5690 6052 5694
f 5698 5694 6057
f 5698 6057 6061
f 6061 6057 6062
f 6062 6057 6058
f 6058 6057 6375
f 6058 6375 6062
f 6378 6062 6375
f 6378 6375 6618
f 6378 6618 6621
f 6061 6062 6065
f 5698 6061 5702
f 6061 6065 5702
f 6066 6065 6062
f 6066 6062 6381
f 6378 6381 6062
f 6381 6378 6624
f 6378 6621 6624
f 6618 6842 6621
f 6621 6842 6845
f 6848 6849 6625
f 6848 6625 6624
f 6625 6849 6628
f 6852 6628 6849
f 6852 6629 6628
f 6629 6852 6853
f 7090 6852 6849
f 5708 5361 5707
f 5707 5361 5360
f 5707 5360 5358
f 6386 6071 6070
f 6385 6386 6070
f 6385 6070 6067
f 6382 6385 6067
f 6385 6382 6628
f 6628 6629 6385
f 6385 6629 6386
f 6382 6625 6628
f 6625 6382 6381
f 6625 6381 6624
f 6845 6624 6621
f 6624 6845 6848
f 13588 13587 13595
f 13595 13587 13594
f 13594 13600 13601
f 13594 13601 13595
f 13600 13606 13607
f 13601 13600 13607
f 13595 13601 13596
f 13588 13595 13589
f 13595 13596 13589
f 13602 13596 13601
f 13603 13515 13516
f 13604 13603 13516
f 13604 13516 13598
f 13597 13603 13604
f 13597 13604 13598
f 13516 13511 13598
f 13516 13515 13521
f 13521 13515 13603
f 13516 13521 13522
f 13530 13522 13521
f 13530 13521 13529
f 13529 13521 13520
f 13529 13520 13528
f 13520 13521 13608
f 13609 13521 13603
f 13521 13609 13608
f 13609 13603 13608
f 13608 13603 13602
f 13608 13602 13607
f 13607 13602 13601
f 13612 13607 13606
f 13607 13612 13608
f 13611 13612 13606
f 13606 13600 13599
f 13605 13606 13599
f 13606 13605 13611
f 13611 13534 13526
f 13611 13526 13527
f 13611 13527 13612
f 13527 13526 13535
f 13535 13526 13534
f 13535 13534 13527
f 13534 13526 13533
f 13526 13611 13610
f 13526 13610 13533
f 13610 13611 13605
f 13610 13525 13533
f 13533 13525 13524
f 13533 13524 13532
f 13436 13437 13431
f 13430 13436 13431
f 13518 13431 13437
f 13437 13524 13518
f 13431 13518 13427
f 13430 13426 13287
f 13426 13430 13427
f 13430 13431 13427
f 13282 13287 13426
f 13426 13427 13282
f 13283 13282 13427
f 13514 13427 13518
f 13427 13514 13509
f 13427 13509 13423
f 13510 13509 13514
f 13510 13514 13599
f 13599 13514 13605
f 13605 13514 13518
f 13605 13518 13519
f 13610 13605 13525
f 13605 13519 13525
f 13525 13519 13518
f 13525 13518 13524
f 13276 13420 13417
f 13276 13417 13272
f 13277 13276 13272
f 13283 13280 13096
f 13096 13280 13092
f 13288 13283 13102
f 13283 13096 13102
f 12947 13102 12940
f 12947 12948 12793
f 12947 12940 12941
f 12947 12941 12948
f 12793 12948 12785
f 12948 12941 12785
f 12786 12785 12941
f 12786 12941 12942
f 12786 12942 12935
f 12942 12941 12935
f 12941 12934 12935
f 13096 12940 13102
f 12940 13096 12941
f 13096 13097 12941
f 13096 13092 13093
f 13096 13093 13097
f 13097 13093 12941
f 12934 12941 13093
f 12935 12934 13093
f 12935 13093 13094
f 13094 13093 13085
f 12935 13094 13086
f 13094 13085 13086
f 13093 13092 13280
f 13085 13093 13280
f 13085 13280 13276
f 13276 13277 13085
f 12935 13086 12926
f 12935 12777 12786
f 12935 12926 12936
f 12935 12936 12778
f 12777 12935 12778
f 12786 12777 12778
f 12573 12572 12786
f 12573 12786 12787
f 12573 12778 12563
f 12573 12787 12778
f 12787 12786 12778
f 12563 12778 12564
f 12564 12778 12779
f 12936 12779 12778
f 12779 12936 12928
f 12928 12936 12927
f 12927 12936 12926
f 12927 12926 13087
f 13087 12926 13086
f 13079 13087 13086
f 13078 13079 13086
f 13085 13078 13086
f 13078 13085 13272
f 13085 13277 13272
f 13436 13430 13287
f 13287 13282 13283
f 13287 13283 13288
f 13287 13288 13102
f 13287 13102 13101
f 13101 13102 12947
f 13101 12947 12946
f 12946 12947 12939
f 12939 12947 12940
f 12946 12945 13101
f 12945 13100 13101
f 12945 12950 13104
f 12945 13104 13100
f 13287 13101 13292
f 13287 13292 13436
f 13531 13436 13442
f 13538 13447 13453
f 13538 13453 13545
f 13553 13545 13457
f 13453 13457 13545
f 13554 13553 13560
f 13560 13553 13462
f 13560 13462 13463
f 13553 13457 13462
f 13457 13453 13456
f 13456 13453 13452
f 13453 13447 13446
f 13453 13446 13452
f 13452 13446 13303
f 13303 13446 13299
f 13452 13303 13306
f 13452 13306 13456
f 13302 13303 13299
f 13302 13299 13298
f 13303 13302 13113
f 13113 13302 13298
f 13113 13298 13110
f 13110 13298 13299
f 13110 13299 13111
f 13447 13538 13531
f 13446 13447 13441
f 13447 13531 13442
f 13447 13442 13441
f 13441 13442 13436
f 13446 13441 13299
f 13299 13441 13295
f 13295 13441 13435
f 13435 13441 13436
f 13435 13436 13291
f 13436 13292 13291
f 13435 13291 13295
f 13291 13104 13295
f 13104 13107 13295
f 13295 13107 13299
f 13107 13104 12950
f 13107 12950 12954
f 12950 12796 12800
f 12950 12800 12954
f 12799 12800 12802
f 12800 12799 12954
f 12954 12799 12953
f 12953 12799 12802
f 12956 12953 12802
f 12956 12802 12805
f 12956 12805 12958
f 12958 12805 12960
f 12807 12960 12805
f 12594 12807 12805
f 12594 12805 12592
f 12594 12366 12369
f 12594 12369 12596
f 12366 12594 12592
f 12592 12805 12589
f 12589 12805 12802
f 12802 12800 12803
f 12803 12800 12587
f 12589 12802 12590
f 12590 12802 12803
f 12590 12803 12587
f 12592 12589 12590
f 12592 12590 12363
f 12363 12590 12360
f 12796 12950 12790
f 12790 12950 12945
f 13104 13291 13100
f 13101 13100 13286
f 13286 13100 13291
f 13101 13286 13292
f 13292 13286 13291
f 13436 13531 13532
f 13436 13532 13437
f 13437 13532 13524
f 13532 13539 13615
f 13532 13615 13614
f 13615 13616 13614
f 13532 13614 13533
f 13614 13616 13533
f 13534 13533 13616
f 13534 13616 13617
f 13540 13534 13617
f 13534 13540 13541
f 13541 13540 13617
f 13541 13535 13534
f 13541 13617 13618
f 13535 13541 13542
f 13536 13535 13542
f 13536 13542 13443
f 13448 13443 13542
f 13443 13448 13444
f 13444 13448 13449
f 13444 13445 13296
f 13445 13444 13450
f 13450 13444 13449
f 13450 13296 13445
f 13297 13296 13300
f 13300 13296 13450
f 13108 13297 13109
f 13109 13297 13301
f 13109 13301 13112
f 13297 13300 13301
f 13451 13300 13450
f 13449 13448 13543
f 13543 13448 13542
f 13449 13543 13450
f 13450 13543 13544
f 13450 13544 13454
f 13454 13544 13552
f 13552 13544 13543
f 13450 13454 13451
f 13552 13543 13551
f 13451 13454 13455
f 13451 13455 13300
f 13301 13300 13112
f 12957 13112 12959
f 13115 12959 13112
f 13114 13115 13304
f 13115 13305 13304
f 13305 13115 13301
f 13301 13115 13112
f 13304 13305 13301
f 13308 13304 13307
f 13307 13304 13459
f 13304 13455 13454
f 13304 13454 13459
f 13455 13304 13300
f 13300 13304 13301
f 13532 13531 13538
f 13532 13538 13539
f 13615 13539 13616
f 13539 13538 13545
f 13546 13539 13545
f 13546 13545 13554
f 13554 13545 13553
f 13463 13468 13560
f 13468 13474 13475
f 13468 13475 13469
f 13560 13468 13561
f 13468 13469 13561
f 13561 13469 13566
f 13566 13469 13470
f 13561 13566 13567
f 13566 13470 13567
f 13561 13567 13562
f 13476 13470 13469
f 13476 13470 13475
f 13475 13470 13469
f 13476 13475 13480
f 13480 13475 13479
f 13324 13480 13479
f 13480 13324 13325
f 13480 13325 13481
f 13481 13325 13326
f 13476 13480 13481
f 13326 13477 13481
f 13481 13477 13476
f 13476 13477 13470
f 13470 13477 13471
f 13471 13477 13478
f 13471 13478 13472
f 13564 13472 13464
f 13564 13565 13559
f 13564 13559 13558
f 13563 13564 13558
f 13564 13568 13472
f 13568 13564 13563
f 13472 13568 13471
f 13471 13568 13470
f 13470 13568 13567
f 13567 13568 13563
f 13567 13563 13562
f 13562 13563 13556
f 13563 13557 13556
f 13557 13563 13558
f 13562 13556 13555
f 13562 13555 13561
f 13555 13556 13548
f 13547 13555 13548
f 13556 13621 13548
f 13621 13556 13557
f 13621 13557 13549
f 13559 13458 13551
f 13551 13458 13454
f 13454 13458 13459
f 13551 13454 13552
f 13559 13551 13558
f 13558 13551 13550
f 13557 13558 13550
f 13551 13543 13542
f 13550 13551 13542
f 13550 13542 13619
f 13550 13619 13623
f 13550 13623 13622
f 13623 13619 13618
f 13623 13618 13622
f 13622 13549 13550
f 13550 13549 13557
f 13549 13622 13621
f 13548 13621 13547
f 13621 13620 13547
f 13620 13621 13616
f 13621 13617 13616
f 13616 13539 13620
f 13620 13539 13546
f 13541 13618 13542
f 13542 13618 13619
f 13622 13618 13617
f 13621 13622 13617
f 13536 13443 13444
f 13536 13444 13537
f 13536 13537 13529
f 13537 13444 13529
f 13536 13529 13528
f 13438 13529 13444
f 13445 13296 13439
f 13444 13445 13438
f 13438 13445 13439
f 13530 13438 13439
f 13438 13530 13529
f 13530 13439 13522
f 13522 13439 13432
f 13516 13522 13523
f 13517 13516 13523
f 13517 13523 13428
f 13522 13432 13433
f 13522 13433 13523
f 13523 13433 13428
f 13428 13433 13434
f 13429 13428 13434
f 13429 13434 13284
f 13434 13433 13290
f 13290 13433 13289
f 13434 13290 13284
f 13284 13290 13103
f 13103 13290 13106
f 13290 13294 13106
f 13290 13289 13293
f 13290 13293 13294
f 13293 13289 13440
f 13440 13289 13433
f 13294 13293 13105
f 13294 13105 13106
f 13105 13293 13108
f 13108 13293 13297
f 13105 13108 12951
f 13105 12951 12952
f 13105 12952 13106
f 13103 13106 12952
f 13103 12952 12949
f 12951 12797 12952
f 12952 12797 12795
f 12949 12952 12795
f 12794 12795 12797
f 12949 12943 13103
f 13103 12943 13098
f 13103 13098 13284
f 13098 13099 13285
f 13098 13285 13284
f 12937 13095 12938
f 13095 12937 13090
f 13090 13278 13281
f 13095 13090 13281
f 13099 13095 13285
f 13285 13095 13281
f 13429 13284 13424
f 13284 13285 13281
f 13284 13281 13424
f 13424 13281 13425
f 13425 13281 13278
f 13425 13278 13422
f 13425 13422 13421
f 13424 13425 13421
f 13421 13508 13424
f 13513 13424 13508
f 13513 13508 13512
f 13429 13424 13428
f 13424 13513 13429
f 13429 13513 13517
f 13429 13517 13428
f 13517 13513 13512
f 13516 13517 13511
f 13511 13517 13512
f 13507 13512 13508
f 13507 13502 13585
f 13507 13585 13592
f 13592 13585 13584
f 13592 13584 13591
f 13592 13591 13507
f 13591 13598 13506
f 13591 13506 13507
f 13506 13598 13512
f 13512 13598 13511
f 13506 13512 13507
f 13590 13598 13591
f 13598 13590 13597
f 13602 13603 13596
f 13596 13603 13597
f 13589 13596 13597
f 13589 13597 13590
f 13535 13536 13528
f 13535 13528 13527
f 13527 13528 13612
f 13612 13528 13613
f 13612 13613 13608
f 13608 13613 13528
f 13520 13608 13528
f 12783 12939 12940
f 12783 12940 12784
f 12939 12783 12946
f 12783 12791 12946
f 12946 12791 12945
f 12945 12791 12790
f 12790 12791 12580
f 12790 12580 12584
f 12796 12790 12584
f 12584 12580 12585
f 12585 12580 12352
f 12352 12580 12346
f 12585 12352 12351
f 12584 12585 12351
f 12800 12796 12587
f 12587 12796 12584
f 12590 12587 12360
f 12360 12587 12356
f 12360 12103 12363
f 12103 12360 12099
f 12363 12362 12592
f 12592 12362 12366
f 12366 12362 12102
f 12102 12362 12363
f 12363 12103 12102
f 12102 12103 12106
f 12102 12106 12366
f 12103 12107 12106
f 12093 12099 12360
f 12093 12360 12356
f 12356 12587 12584
f 12351 12356 12584
f 12351 12352 12356
f 12356 12352 12357
f 12356 12357 12094
f 12356 12094 12093
f 12093 12094 12099
f 12099 12094 12100
f 12094 12357 12352
f 12094 12352 12086
f 12346 12347 12352
f 12353 12352 12347
f 12353 12347 12087
f 12352 12353 12087
f 12352 12087 12086
f 12086 12087 12095
f 12094 12086 12095
f 12094 12095 11819
f 11819 12095 11828
f 11828 12095 11820
f 12094 11819 11827
f 11819 11828 11827
f 12100 12094 11827
f 12100 11827 12099
f 12103 12099 11832
f 11832 12099 11827
f 11832 11827 11833
f 12103 11832 12107
f 12107 11832 11837
f 11832 11833 11837
f 11833 11838 11837
f 11838 11833 11436
f 11837 11838 11436
f 11841 12110 12109
f 11841 12109 11837
f 11837 12109 12106
f 11837 12106 12107
f 12366 12106 12109
f 12366 12109 12369
f 12599 12369 12371
f 12596 12369 12599
f 12594 12596 12807
f 12596 12809 12807
f 12809 12962 12807
f 12807 12962 12960
f 13113 12960 13116
f 12960 13113 12958
f 13113 13110 12958
f 13111 13299 13107
f 13107 12954 13111
f 12956 12954 12953
f 13111 12954 12956
f 13110 13111 12956
f 13110 12956 12958
f 12783 12784 12569
f 12784 12570 12569
f 12570 12337 12569
f 12337 12347 12569
f 12346 12569 12347
f 12569 12346 12580
f 12569 12580 12791
f 12569 12791 12783
f 12338 12337 12570
f 12571 12338 12570
f 12337 12338 12348
f 12347 12337 12348
f 12347 12079 12078
f 12347 12348 12079
f 12079 12348 12338
f 12079 12338 12073
f 12088 12087 12078
f 12088 12078 12079
f 12074 12080 12079
f 12079 12073 12074
f 12074 12073 12338
f 12074 12338 12339
f 12338 12571 12572
f 12338 12572 12339
f 12340 12339 12573
f 12573 12339 12572
f 12572 12571 12786
f 12786 12571 12785
f 12571 12570 12784
f 12571 12784 12785
f 12573 12563 12574
f 12574 12563 12564
f 12574 12564 12575
f 12575 12564 12565
f 12564 12779 12565
f 12565 12779 12780
f 12780 12781 12566
f 12565 12780 12566
f 12565 12566 12576
f 12565 12576 12575
f 12574 12575 12342
f 12342 12575 12343
f 12575 12576 12343
f 12342 12341 12574
f 12574 12341 12573
f 12340 12573 12341
f 12339 12340 12075
f 12339 12075 12074
f 12340 12341 12075
f 12341 12076 12075
f 12341 12342 12076
f 12076 12342 12077
f 12080 12074 12081
f 12074 12075 12081
f 12075 12076 12081
f 12082 12081 12076
f 12081 12082 11799
f 11799 12082 11800
f 11812 11800 11813
f 11813 11800 12083
f 12083 11800 12082
f 11813 12083 12090
f 12083 12084 12091
f 12083 12091 12090
f 12098 12092 12354
f 12355 12358 12354
f 12358 12355 12359
f 12804 12591 12588
f 12804 12957 12806
f 12806 12957 12959
f 13109 13112 12957
f 13109 12957 12955
f 13108 13109 12955
f 13108 12955 12951
f 12951 12955 12952
f 12957 12804 12955
f 12804 12801 12955
f 12798 12952 12955
f 12798 12955 12801
f 12952 12798 12797
f 12794 12797 12798
f 12794 12798 12583
f 12794 12583 12582
f 12583 12798 12586
f 12583 12586 12582
f 12577 12582 12576
f 12576 12582 12581
f 12343 12576 12349
f 12349 12576 12581
f 12349 12084 12343
f 12342 12343 12084
f 12077 12342 12084
f 12077 12084 12083
f 12092 12091 12085
f 12085 12091 12084
f 12354 12092 12085
f 12354 12085 12350
f 12350 12085 12084
f 12350 12084 12349
f 12350 12582 12354
f 12354 12582 12586
f 12355 12354 12586
f 12359 12355 12588
f 12588 12355 12586
f 12588 12586 12798
f 12588 12798 12801
f 12801 12804 12588
f 12784 12940 12947
f 12947 12792 12784
f 12785 12784 12793
f 12793 12784 12792
f 12793 12792 12947
f 11370 11369 11383
f 11383 11369 11382
f 11382 11781 11782
f 11382 11782 11383
f 11782 11781 11794
f 11781 11382 11381
f 11389 11381 11380
f 11389 11380 11388
f 11370 11383 11782
f 11370 11782 11774
f 11370 11774 11371
f 11774 11782 11783
f 11775 11776 11372
f 11774 11784 11775
f 11784 11774 11783
f 11775 11371 11774
f 11775 11372 11371
f 11372 11373 11361
f 11372 11361 11371
f 11371 11361 11360
f 11782 11794 11795
f 11783 11782 11795
f 11784 11783 11795
f 11784 11795 11796
f 11795 11808 11796
f 11797 11796 11808
f 11809 11808 11820
f 11820 11408 11409
f 11820 11409 11821
f 11407 11408 11820
f 11819 11407 11820
f 11819 11820 11807
f 11807 11820 11808
f 11795 11807 11808
f 11807 11806 11818
f 11819 11807 11818
f 11407 11819 11406
f 11406 11819 11818
f 11806 11805 11818
f 11805 11817 11818
f 11818 11817 11405
f 11406 11818 11405
f 11817 11805 11804
f 11350 10894 11359
f 11405 11404 10920
f 10921 11405 10920
f 10930 10921 10920
f 10921 10930 10931
f 10930 10920 11419
f 11419 10920 11404
f 10482 10930 10929
f 10482 10481 10491
f 10492 10482 10491
f 10491 10490 10101
f 10490 10100 10101
f 10100 10490 10099
f 10099 10490 10489
f 10109 10099 10098
f 10109 10098 10108
f 10109 9710 10110
f 10099 10109 10110
f 10099 10110 10100
f 9711 10110 9710
f 10100 10110 9711
f 9701 10100 9711
f 9709 9710 10109
f 9709 10109 10108
f 9709 10108 9708
f 9707 9708 9700
f 9700 9708 10097
f 10097 9708 10107
f 10096 9700 10097
f 10098 10097 10108
f 10108 10097 10107
f 10108 10107 9708
f 10097 10092 10096
f 10096 10092 10091
f 10096 10091 9695
f 10096 9695 9700
f 9695 10091 10092
f 9695 10092 9688
f 10087 9688 10092
f 9688 10087 9689
f 9688 9679 9687
f 9686 9687 9678
f 9686 9678 9677
f 9318 9677 9678
f 9678 9687 9679
f 9678 9679 9319
f 9319 9679 9320
f 9321 9312 9320
f 9320 9679 9680
f 9320 9680 9321
f 9679 9688 9689
f 9679 9689 9680
f 10088 10087 10092
f 10088 10092 10093
f 10473 10088 10093
f 10474 10473 10478
f 10473 10093 10478
f 11406 11405 11420
f 11405 10921 11420
f 10921 10931 11420
f 11406 11420 11421
f 11406 11421 11407
f 11422 11408 11421
f 11421 11408 11407
f 11408 11422 11423
f 11408 11423 11409
f 11431 11423 11422
f 11430 11431 11422
f 11430 11422 11421
f 11430 11421 11429
f 11437 11430 11436
f 11430 11429 11436
f 11421 11420 11429
f 11429 11420 11428
f 10932 11420 10931
f 11428 11420 10941
f 10941 11420 10932
f 11429 11428 11435
f 11429 11435 11436
f 11436 11441 11437
f 11437 11441 11442
f 10969 10962 10961
f 10969 10961 10968
f 10975 10974 10530
f 10530 10974 10529
f 10529 10974 10522
f 10542 10536 10541
f 10541 10536 10535
f 10541 10540 10546
f 10540 10541 10534
f 10534 10541 10535
f 10144 10540 10140
f 10540 10534 10140
f 10144 10140 10143
f 10143 10140 10139
f 9777 9776 9787
f 9776 9777 9767
f 9767 9777 9768
f 9768 9777 9778
f 9758 9767 9759
f 9759 9767 10139
f 9759 10139 10134
f 10133 9759 10134
f 9759 10133 9750
f 10134 10139 10140
f 10134 10140 10135
f 9768 10139 9767
f 10143 10139 9768
f 10143 9768 9778
f 10527 10534 10535
f 10527 10535 10528
f 10528 10529 10521
f 10536 10529 10528
f 10535 10536 10528
f 11361 11373 11362
f 11373 11372 11776
f 11784 11785 11775
f 11776 11775 11785
f 11776 11777 11374
f 11776 11374 11373
f 11375 11778 11376
f 11779 11376 11778
f 11779 11778 11787
f 11788 11779 11787
f 11799 11800 11787
f 11787 11800 11788
f 11778 11375 11374
f 11778 11374 11777
f 11778 11777 11787
f 11787 11777 11786
f 11786 11777 11776
f 11799 11787 11786
f 11799 11786 11798
f 12081 11799 12080
f 11798 12080 11799
f 12080 11798 11810
f 12089 12080 11810
f 12088 12080 12089
f 12080 12088 12079
f 12088 12089 11810
f 12088 11810 11809
f 11809 11810 11822
f 11809 11822 11821
f 11809 11810 11797
f 11810 11798 11797
f 11809 11797 11808
f 11822 11810 11811
f 11823 11822 11811
f 11811 11810 11411
f 11823 11811 11411
f 11823 11411 11822
f 11410 11411 11810
f 11410 11810 11822
f 11409 11410 11822
f 11822 11810 11821
f 11822 11821 11409
f 11821 11810 11809
f 11821 11809 11820
f 11776 11785 11786
f 11786 11785 11798
f 11798 11785 11797
f 11796 11797 11784
f 11784 11797 11785
f 12347 12078 12087
f 12096 11820 12095
f 11828 11820 11821
f 11828 11829 11423
f 11828 11423 11422
f 11423 11431 11430
f 11423 11430 11422
f 11422 11430 11828
f 11833 11430 11429
f 11430 11833 11834
f 11430 11834 11828
f 11828 11834 11833
f 11827 11828 11833
f 11833 11429 11436
f 12087 12088 12095
f 12095 12088 12096
f 11821 12088 11809
f 12088 11821 12096
f 12096 11821 11820
f 11821 11829 11828
f 11821 11822 11829
f 11423 11424 11410
f 11423 11410 11409
f 11410 11424 11822
f 11822 11424 11829
f 11829 11424 11423
f 11410 11822 11411
f 11823 11411 11824
f 11824 11411 11412
f 11412 11411 11823
f 11412 11823 11824
f 11824 11412 11396
f 11824 11396 11812
f 11825 11824 11812
f 11812 11813 11825
f 11412 11824 11825
f 11412 11825 11426
f 11425 11412 11426
f 11412 11426 11413
f 11413 11426 11427
f 11413 11427 11414
f 11434 11427 11426
f 11434 11426 11433
f 11427 11434 10933
f 10933 11434 10942
f 11434 11433 11439
f 11434 11439 10942
f 10942 11439 10948
f 10942 10948 10943
f 10943 10948 10949
f 10949 10948 10956
f 10949 10956 10957
f 10949 10950 10943
f 10950 10944 10943
f 10501 10494 10944
f 10494 10484 10935
f 10494 10935 10944
f 10484 10485 10936
f 10935 10484 10936
f 10925 10936 10937
f 10937 10926 10925
f 10926 10476 10917
f 10917 10916 10926
f 10471 10466 10913
f 10917 10471 10913
f 10916 10917 10913
f 10916 10913 10912
f 10926 10916 10925
f 10935 10936 10925
f 10925 11417 11416
f 10925 11416 10935
f 10935 11416 10924
f 11415 11416 11400
f 11400 11416 11401
f 11416 11417 11401
f 11401 11417 10925
f 11401 10925 10916
f 11401 10916 11392
f 11400 11401 11391
f 11391 11401 11392
f 11392 10916 10912
f 11392 10912 11391
f 10913 10466 10912
f 10912 10466 10465
f 10465 10466 10461
f 10465 10461 10460
f 10465 10460 10912
f 11813 11398 11814
f 11414 11398 11397
f 11397 11398 11813
f 11414 11397 11413
f 11413 11397 11412
f 11397 11813 11396
f 11397 11396 11412
f 11396 11813 11812
f 13462 13457 13456
f 13461 13462 13456
f 13462 13461 13309
f 13467 13462 13313
f 13313 13462 13309
f 13463 13462 13468
f 13468 13462 13467
f 13474 13468 13467
f 13317 13467 13313
f 13467 13317 13474
f 13474 13317 13318
f 13317 13316 13128
f 13128 13316 13124
f 13124 13316 13312
f 13312 13316 13317
f 13312 13317 13313
f 13312 13313 13309
f 13309 13461 13456
f 13309 13456 13306
f 13306 13116 13117
f 13312 13309 13124
f 13309 13121 13124
f 13121 13123 13124
f 13123 13121 13120
f 12965 13123 13120
f 12965 13120 12962
f 13121 13309 13306
f 13121 13306 13117
f 13120 13121 13116
f 13116 13121 13117
f 13116 13306 13303
f 13116 13303 13113
f 13120 13116 12960
f 13120 12960 12962
f 12965 12962 12812
f 12962 12809 12812
f 12812 12809 12599
f 12809 12596 12599
f 12965 12812 12814
f 12965 12814 12968
f 13123 12965 13124
f 12965 12968 13124
f 13124 12968 13127
f 13128 13124 13127
f 13128 13127 12968
f 12969 13128 12968
f 13546 13547 13620
f 13555 13547 13554
f 13554 13547 13546
f 13560 13561 13555
f 13560 13555 13554
f 13128 13129 13317
f 13317 13129 13133
f 13317 13133 13322
f 13129 13128 13133
f 13133 13128 13132
f 13317 13322 13323
f 13317 13323 13318
f 13323 13138 13329
f 13323 13134 13138
f 13323 13322 13133
f 13323 13133 13134
f 13134 13133 13137
f 13134 13137 13138
f 13138 13137 13144
f 13144 13137 12981
f 13137 12977 12981
f 13137 13133 12976
f 12976 13133 13132
f 12977 13137 12976
f 12981 12977 12980
f 12980 12977 12976
f 12981 12980 12824
f 12825 12981 12824
f 13144 12981 12982
f 12989 12982 12981
f 12988 12989 12981
f 12988 12981 12825
f 12829 12988 12825
f 12828 12988 12829
f 12828 12829 12825
f 12613 12612 12383
f 12381 12124 12383
f 12122 12124 12381
f 11461 11857 11855
f 11461 11855 11459
f 10542 10983 10536
f 10983 10542 10985
f 10536 10983 10529
f 10529 10983 10979
f 10983 10985 11459
f 11459 10985 11461
f 10983 11459 11457
f 10979 10983 11457
f 11459 11855 11457
f 11457 11855 11853
f 11457 11453 10979
f 10979 11453 10974
f 10974 11453 10975
f 11453 11454 10975
f 11449 11453 11849
f 11849 11453 11851
f 11454 11453 11450
f 10975 11454 11450
f 10975 11450 10968
f 10979 10974 10975
f 10979 10980 10529
f 10980 10979 10975
f 10529 10980 10530
f 10530 10980 10975
f 10962 10969 10968
f 10962 10968 10961
f 10961 10968 11450
f 10961 11450 11445
f 10961 11445 10962
f 11446 10962 11445
f 11441 11446 11445
f 11441 11445 11440
f 11841 11440 11445
f 11841 11441 11440
f 11441 11841 11842
f 11441 11842 11838
f 11441 11838 11436
f 11838 11842 11841
f 11838 11841 11837
f 11441 10954 10962
f 11441 10962 11446
f 12969 12968 12972
f 12968 12814 12972
f 12969 12972 12973
f 12817 12972 12814
f 12814 12812 12601
f 12601 12812 12599
f 12601 12599 12374
f 12374 12599 12371
f 12371 12113 12374
f 12374 12113 12116
f 12374 12116 12118
f 12374 12118 12377
f 12374 12377 12601
f 12601 12377 12604
f 12814 12601 12604
f 12814 12604 12817
f 12604 12606 12817
f 12379 12606 12377
f 12377 12606 12604
f 12379 12381 12606
f 12606 12381 12608
f 12820 12606 12608
f 12606 12820 12817
f 12821 12820 12608
f 12817 12820 12821
f 12817 12821 12818
f 12817 12818 12973
f 12817 12973 12972
f 12973 12818 12976
f 12976 12818 12821
f 12969 12973 13132
f 12969 13132 13128
f 13132 12973 12976
f 12824 12821 12608
f 12824 12608 12609
f 12824 12980 12821
f 12821 12980 12976
f 12825 12824 12828
f 12828 12824 12613
f 12824 12609 12613
f 12613 12609 12612
f 12609 12608 12612
f 12612 12608 12383
f 12383 12608 12381
f 12381 12379 12122
f 12379 12120 12122
f 12120 12379 12118
f 11853 11855 12122
f 11853 12122 12120
f 11855 11857 12124
f 12122 11855 12124
f 13318 13323 13475
f 13318 13475 13474
f 13475 13323 13324
f 13475 13324 13479
f 13324 13330 13325
f 13323 13329 13330
f 13323 13330 13324
f 13330 13329 13138
f 13330 13138 13139
f 13138 13144 13145
f 13138 13145 13139
f 13145 13144 12983
f 13139 13145 13140
f 13140 13145 13146
f 13139 13140 13331
f 13330 13139 13331
f 13330 13331 13325
f 13331 13332 13325
f 13331 13140 13332
f 13325 13332 13326
f 13327 13319 13326
f 13326 13319 13477
f 13478 13477 13319
f 13472 13478 13473
f 13473 13478 13320
f 13320 13478 13319
f 13314 13473 13320
f 13320 13319 13327
f 13328 13320 13327
f 13136 13327 13135
f 13327 13136 13328
f 13328 13136 13320
f 13320 13136 13130
f 13314 13320 13315
f 13315 13320 13321
f 13315 13321 13131
f 13473 13314 13315
f 13473 13315 13466
f 13465 13473 13466
f 13466 13315 13310
f 13459 13466 13310
f 13459 13310 13308
f 13310 13315 13311
f 13315 13125 13126
f 13315 13126 13311
f 13125 13315 13131
f 13131 13321 13320
f 13131 13320 13130
f 13131 13130 13136
f 13131 13136 12975
f 13136 12974 12975
f 12970 13131 12975
f 13131 12970 13125
f 13125 12970 12966
f 13125 12966 13126
f 12970 12971 12966
f 12966 12971 13126
f 13126 12971 12967
f 13126 12967 13125
f 12815 12970 12819
f 12975 12819 12970
f 12979 12974 13136
f 12979 13136 13143
f 12979 13143 13142
f 12978 12979 13142
f 13142 13143 13136
f 13135 13142 13136
f 13142 13135 13141
f 13135 13327 13326
f 13135 13326 13141
f 13141 13326 13332
f 13141 13332 13140
f 13141 13140 13147
f 13147 13140 13146
f 12984 13147 13146
f 13147 12984 12985
f 12984 13146 12985
f 13146 13151 12985
f 12985 13151 13152
f 12985 13152 12992
f 12986 12985 12993
f 12993 12985 12992
f 12994 12986 12993
f 12826 12986 12827
f 12827 12986 12994
f 12986 12827 12987
f 12986 12987 12979
f 12979 12987 12827
f 12827 12822 12979
f 12986 12979 12978
f 12986 12978 13142
f 12986 13142 13148
f 12985 12986 13147
f 13147 12986 13148
f 13147 13148 13142
f 13147 13142 13141
f 12113 12369 12109
f 12369 12113 12371
f 12116 12113 11849
f 11849 12113 11845
f 12113 12109 11845
f 11845 12109 12110
f 11841 11846 12110
f 12110 11846 11845
f 11841 11445 11846
f 11845 11846 11445
f 11845 11445 11849
f 11449 11849 11450
f 11450 11849 11445
f 11449 11450 11453
f 12116 11849 11851
f 12116 11851 12118
f 12379 12377 12118
f 12120 12118 11853
f 12118 11851 11853
f 11853 11851 11457
f 11457 11851 11453
f 10932 10931 10941
f 10931 10940 10941
f 11428 10941 11435
f 10941 10947 11435
f 11436 11435 10947
f 11436 10947 10953
f 11436 10953 11441
f 10946 10947 10941
f 10946 10941 10940
f 10953 10947 10946
f 10953 10946 10952
f 11441 10953 10954
f 10954 10953 10962
f 10962 10953 10961
f 10952 10961 10953
f 10961 10952 10960
f 10961 10960 10968
f 10960 10967 10968
f 10975 10968 10967
f 10974 10975 10967
f 10529 10522 10521
f 10521 10522 10974
f 10521 10974 10973
f 10521 10974 10966
f 10966 10974 10967
f 10960 10952 10951
f 10951 10959 10960
f 10960 10959 10966
f 10960 10966 10967
f 10966 10959 10516
f 10516 10959 10510
f 10505 10510 10959
f 10509 10510 10504
f 10505 10959 10951
f 10510 10505 10504
f 10505 10951 10500
f 10505 10500 10504
f 10500 10951 10945
f 10504 10500 10499
f 10508 10509 10504
f 10508 10504 10503
f 10510 10509 10516
f 10509 10515 10516
f 10966 10516 10521
f 10514 10125 10515
f 10125 10515 10508
f 10515 10125 10129
f 10515 10129 10520
f 10133 10134 10129
f 10133 10129 10128
f 10133 10128 9750
f 9750 10128 10129
f 10128 10129 10125
f 10124 10128 10125
f 9750 10128 10124
f 9750 10124 9741
f 10124 9732 9741
f 10121 10124 10125
f 10124 10121 10120
f 10124 10120 9732
f 10121 10125 10508
f 10509 10508 10515
f 10121 10508 10117
f 10117 10508 10503
f 10120 10121 10117
f 10116 10120 10117
f 9740 9741 9732
f 9759 9750 9758
f 9758 9750 9749
f 9758 9766 9767
f 9767 9766 9776
f 9776 9766 9775
f 9773 9774 9764
f 9773 9764 9763
f 9774 9775 9764
f 9765 9775 9766
f 9775 9765 9764
f 9763 9762 9773
f 9773 9762 9772
f 9771 9388 9397
f 9388 9771 9761
f 9761 9379 9388
f 9771 9772 9761
f 9772 9762 9761
f 9753 9761 9762
f 9762 9754 9753
f 9754 9762 9763
f 9754 9763 9755
f 9744 9753 9754
f 9744 9754 9745
f 9745 9754 9755
f 9745 9755 9746
f 9755 9763 9764
f 9755 9764 9756
f 9756 9764 9765
f 9765 9757 9756
f 9765 9766 9757
f 9766 9758 9757
f 9756 9757 9747
f 9757 9748 9747
f 9748 9757 9758
f 9748 9739 9738
f 9748 9738 9747
f 9748 9749 9739
f 9739 9749 9740
f 9758 9749 9748
f 9749 9750 9740
f 9740 9750 9741
f 9740 9732 9731
f 9740 9731 9739
f 9731 9730 9739
f 9729 9739 9730
f 9739 9729 9738
f 9729 9730 9720
f 9720 9730 9721
f 9721 9730 9731
f 9721 9731 9722
f 9729 9720 9728
f 9720 9719 9728
f 9719 9720 9707
f 9707 9720 9708
f 9718 9719 9707
f 9707 9706 9718
f 9719 9718 9728
f 9729 9728 9737
f 9738 9729 9737
f 9747 9738 9737
f 9746 9747 9737
f 9756 9747 9755
f 9755 9747 9746
f 9737 9745 9746
f 9745 9737 9736
f 9736 9737 9727
f 9737 9728 9727
f 9727 9728 9718
f 9726 9727 9718
f 9717 9726 9718
f 9735 9736 9727
f 9735 9727 9726
f 9745 9736 9735
f 9744 9745 9735
f 9362 9744 9735
f 9370 9744 9362
f 9744 9370 9753
f 9761 9753 9379
f 9753 9370 9379
f 9379 9370 9034
f 9370 9031 9034
f 9379 9034 9037
f 9388 9379 9037
f 8712 9037 9034
f 8710 8712 9034
f 8401 8712 8710
f 7772 8080 8078
f 7772 8078 7769
f 7769 8078 8074
f 7769 8074 7766
f 7769 7429 7772
f 7431 7772 7429
f 7429 7101 7431
f 7431 7101 7103
f 7103 7101 6864
f 6864 7101 6862
f 7101 7429 7426
f 6860 7101 7099
f 7101 6860 6862
f 6860 7099 7096
f 6860 7096 6857
f 6857 7096 6858
f 7096 7097 6858
f 6858 7097 7093
f 6858 7093 6854
f 6854 7093 6851
f 6851 7093 7089
f 6851 7089 6850
f 6850 7089 7088
f 7085 6850 7088
f 6850 7085 6846
f 7082 6846 7085
f 6846 7082 6843
f 7079 6843 7082
f 7079 7082 7412
f 7079 7412 7410
f 7410 7407 7079
f 7407 7076 7079
f 6843 7079 6840
f 6837 6840 7079
f 6837 7079 7076
f 7076 7072 6837
f 6837 7072 6833
f 7072 7076 7407
f 7072 7407 7403
f 7401 7403 7736
f 7736 7403 7738
f 7738 7403 7742
f 7742 7403 7407
f 7742 7407 7410
f 8047 7738 7742
f 7742 8049 8047
f 7742 7410 7746
f 7749 7746 7412
f 7412 7746 7410
f 7412 7082 7085
f 7412 7085 7414
f 7414 7085 7417
f 7085 7088 7417
f 7414 7417 7752
f 7749 7414 7752
f 7414 7749 7412
f 7749 8056 8052
f 7749 8052 7746
f 8056 7749 7752
f 8056 7752 8060
f 7756 7752 7417
f 8060 7752 8064
f 8377 8056 8060
f 8381 8377 8060
f 8056 8377 8374
f 8056 8374 8052
f 8052 8374 8370
f 7746 8052 8049
f 7742 7746 8049
f 8049 8052 8370
f 7738 8047 8045
f 7738 8045 7736
f 7736 8045 8039
f 7730 7736 8039
f 7403 7401 7072
f 7401 7068 7072
f 6833 7072 7068
f 7068 7401 7395
f 6823 6829 7068
f 6823 7068 7062
f 6824 6823 7062
f 7063 6824 7062
f 7063 7062 7396
f 7396 7062 7395
f 7396 7395 7730
f 7731 7396 7730
f 7395 7401 7736
f 7395 7736 7730
f 7731 7730 8039
f 7731 8039 8040
f 8039 8045 8362
f 8354 8039 8362
f 8039 8354 8355
f 8039 8355 8040
f 8045 8047 8362
f 8362 8047 8366
f 8354 8362 8355
f 8355 8362 8363
f 8355 8363 8667
f 8981 8667 8990
f 8990 8667 8675
f 8990 9318 8994
f 9327 9318 8994
f 9677 9318 9327
f 9677 9327 9686
f 9687 9686 9694
f 9694 9686 9693
f 9688 9687 9694
f 9695 9688 9694
f 9700 9695 9694
f 9708 9720 9709
f 9709 9720 9721
f 9722 9709 9721
f 9710 9709 9722
f 10111 10100 10110
f 10100 10111 10101
f 10111 10110 10117
f 10117 10110 10116
f 9732 10120 10116
f 9723 9732 10116
f 9732 9723 9731
f 9723 10116 9711
f 9711 10116 10110
f 9711 9710 9723
f 9723 9710 9722
f 9723 9722 9731
f 10939 10931 10930
f 10931 10939 10940
f 10946 10940 10945
f 10940 10939 10945
f 10500 10945 10499
f 10500 10945 10939
f 10500 10939 10493
f 10500 10493 10499
f 10504 10499 10498
f 10503 10504 10498
f 10503 10498 10111
f 10117 10503 10111
f 10498 10499 10492
f 10111 10498 10491
f 10111 10491 10101
f 10491 10498 10492
f 10483 10482 10492
f 10482 10483 10930
f 10930 10483 10939
f 10483 10492 10930
f 10930 10492 10939
f 10939 10492 10493
f 10493 10492 10499
f 9310 9318 9311
f 9319 9311 9318
f 9678 9319 9318
f 9311 9319 9320
f 9311 9320 9312
f 8983 9311 9312
f 9311 8983 8982
f 9313 8983 9312
f 8983 9313 8984
f 8983 8984 8669
f 8984 8670 8669
f 8985 8671 8670
f 8985 8670 8984
f 9314 8985 8984
f 8985 9314 9315
f 8985 9315 8986
f 8986 9315 9306
f 8986 9306 8978
f 9672 9315 9671
f 9306 9315 9672
f 9306 9672 9665
f 9306 9665 9307
f 9318 9310 8981
f 9318 8981 8990
f 8981 9310 8982
f 8982 9310 9311
f 6825 6824 7064
f 7064 6824 7063
f 7063 7396 7064
f 7396 7397 7064
f 7396 7731 7732
f 7397 7396 7732
f 7064 7397 7398
f 7064 7398 7065
f 7398 7397 7733
f 7733 7397 7732
f 7733 7732 8041
f 7733 8041 8042
f 8041 7732 7731
f 8041 7731 8040
f 8041 8040 8356
f 8356 8040 8355
f 8668 8356 8355
f 8668 8355 8667
f 8668 8667 8982
f 8982 8667 8981
f 8668 8982 8669
f 8669 8982 8983
f 8356 8668 8669
f 8356 8669 8357
f 8357 8669 8670
f 8357 8670 8358
f 8357 8358 8042
f 8042 8358 8043
f 8042 8043 7733
f 8043 7734 7733
f 7398 7733 7734
f 7734 7728 7399
f 7734 7399 7398
f 7398 7399 7065
f 7399 7066 7065
f 7399 7393 7060
f 7066 7399 7060
f 7066 7060 6821
f 7065 7066 6826
f 6826 7066 6827
f 6827 7066 6821
f 6826 6825 7065
f 6825 7064 7065
f 8994 8999 9327
f 9003 8999 9002
f 9007 9337 9003
f 9334 9003 9337
f 9337 9007 9343
f 9343 9007 9011
f 9006 9007 9002
f 9002 9007 9003
f 9002 8998 8684
f 8684 8998 8681
f 8998 9002 8999
f 8681 8998 8993
f 8681 8993 8677
f 8993 8998 8999
f 8993 8999 8994
f 8989 8994 8990
f 8994 8989 8993
f 8989 8990 8674
f 8674 8990 8675
f 8989 8674 8993
f 8993 8674 8677
f 8681 8677 8370
f 8370 8677 8366
f 8675 8667 8363
f 8675 8363 8362
f 8674 8675 8362
f 8677 8674 8362
f 8366 8677 8362
f 8366 8047 8049
f 8370 8366 8049
f 8370 8374 8681
f 8681 8374 8684
f 8684 8374 8377
f 8377 8686 8684
f 8686 8377 8689
f 8684 8686 9002
f 8686 9006 9002
f 9007 9006 9011
f 9006 9010 9011
f 9017 9011 8696
f 8690 9011 8689
f 8689 9011 9010
f 9011 8689 8696
f 8689 8695 8696
f 9010 9006 8686
f 9010 8686 8689
f 8695 8689 8385
f 8385 8689 8381
f 8381 8689 8377
f 8385 8381 8064
f 8064 8381 8060
f 7756 8064 7752
f 7756 7759 8064
f 8064 7759 8067
f 7759 7756 7420
f 7420 7756 7417
f 7760 7759 7421
f 7421 7759 7420
f 7420 7417 7421
f 7420 7417 7092
f 7092 7417 7088
f 7092 7088 7089
f 7420 7092 7093
f 7421 7420 7093
f 7093 7092 7089
f 7093 7097 7424
f 7093 7424 7421
f 7760 7421 7424
f 7760 7424 7763
f 7760 7763 7759
f 7762 7759 7763
f 7763 7424 7762
f 7424 7423 7762
f 8385 8064 8067
f 8385 8067 8388
f 8695 8385 8388
f 8388 8700 8695
f 8700 9024 9016
f 8700 9016 8695
f 9024 9025 9016
f 9016 9025 9017
f 8695 9016 9017
f 8695 9017 8696
f 9327 8999 9331
f 9686 9327 9693
f 9327 9331 9693
f 9698 9693 9331
f 9694 9693 9699
f 9699 9693 9698
f 9699 9698 9705
f 9706 9699 9705
f 9706 9707 9700
f 9706 9700 9699
f 9694 9699 9700
f 9331 8999 9003
f 9331 9003 9334
f 9331 9334 9698
f 9698 9334 9337
f 9698 9337 9705
f 9717 9705 9343
f 9343 9705 9337
f 9349 9343 9017
f 9717 9343 9726
f 9726 9343 9349
f 9706 9705 9717
f 9706 9717 9718
f 9313 9312 9321
f 8984 9313 9314
f 9314 9313 9322
f 9322 9313 9321
f 9321 9680 9681
f 9321 9681 9322
f 9315 9314 9323
f 9323 9314 9322
f 9322 9681 9323
f 9681 9682 9323
f 9323 9682 9671
f 9323 9671 9315
f 10083 10088 10473
f 10083 10088 10468
f 10088 10473 10474
f 10088 10474 10468
f 10083 10087 10088
f 10083 10082 10087
f 9680 10082 9681
f 10082 9680 9689
f 10082 9689 10087
f 8356 8357 8041
f 8041 8357 8042
f 7395 7062 7068
f 7069 7068 6829
f 7069 6829 6830
f 6833 7068 7073
f 7073 7068 7069
f 6830 6834 7069
f 6834 7073 7069
f 7073 6834 6838
f 7077 7073 6838
f 7077 6838 6841
f 6841 7080 7077
f 6833 7073 6834
f 6841 7080 6844
f 7080 7083 6844
f 6844 7083 6847
f 6823 6599 6829
f 6829 6599 6605
f 6357 6599 6600
f 6357 6600 6358
f 6599 6357 6363
f 6357 6037 6363
f 6363 6037 6043
f 5683 6043 6037
f 5677 5683 6037
f 5677 6037 5678
f 6037 6038 5678
f 5683 5677 5338
f 5338 5677 5330
f 5330 5677 5331
f 5331 5677 5678
f 5330 5331 4990
f 4990 5331 4991
f 5330 4990 4997
f 5330 4997 5338
f 4667 4297 4676
f 4675 4667 4676
f 4667 4675 4666
f 4667 4666 4991
f 4991 4666 4990
f 4990 4666 4675
f 4990 4675 4997
f 4306 4676 4297
f 4675 4676 4306
f 4675 4306 4305
f 3915 4306 4307
f 3915 4307 3916
f 4675 4305 4315
f 4675 4315 4679
f 4315 4320 4679
f 4320 4324 4686
f 4320 4686 4683
f 4692 4335 4342
f 4692 4342 4697
f 4697 5020 5016
f 5020 5359 5016
f 5359 5020 5362
f 5011 5016 5359
f 5011 5359 5355
f 5700 5355 5359
f 5355 5700 5696
f 5355 5696 5351
f 6059 5696 5700
f 6059 5700 6063
f 5705 5700 5359
f 5705 6068 5700
f 5705 5359 5709
f 5709 5359 5362
f 6823 6824 6600
f 6823 6600 6599
f 6037 6357 6358
f 6037 6358 6038
f 6605 6599 6363
f 6045 6043 5683
f 6045 5683 5685
f 6363 6043 6365
f 6365 6043 6045
f 6363 6365 6605
f 6605 6365 6609
f 6829 6605 6609
f 6829 6609 6833
f 6837 6833 6609
f 6837 6609 6613
f 6613 6609 6370
f 6370 6609 6365
f 6370 6365 6050
f 6050 6365 6045
f 6045 5688 6050
f 6045 5685 5688
f 5343 5685 5341
f 5341 5685 5338
f 5683 5338 5685
f 5341 5338 4999
f 4999 5338 4997
f 4997 4675 4999
f 4999 4675 4679
f 4999 5003 5343
f 4999 5343 5341
f 5685 5343 5688
f 5688 5343 5347
f 5692 5688 5347
f 5347 5343 5006
f 5006 5343 5003
f 4999 4683 5003
f 4683 4999 4679
f 5003 4683 4686
f 5006 5003 4686
f 5347 5006 5008
f 5347 5008 5351
f 5347 5351 5696
f 5347 5696 5692
f 5692 5696 6059
f 5692 6059 6055
f 6055 6059 6373
f 6059 6376 6373
f 6050 6055 6373
f 6050 6373 6370
f 6055 6050 5688
f 6055 5688 5692
f 6613 6370 6373
f 6613 6373 6616
f 6837 6613 6616
f 6840 6837 6616
f 6616 6373 6376
f 6376 6059 6063
f 6376 6063 6379
f 6063 5700 6068
f 6069 6384 6068
f 6068 6384 6383
f 6384 6627 6383
f 6626 6383 6627
f 6627 6851 6626
f 6850 6626 6851
f 6850 6846 6626
f 6626 6846 6622
f 6846 6843 6619
f 6622 6846 6619
f 6843 6840 6619
f 6840 6616 6619
f 6619 6616 6376
f 6376 6379 6619
f 6619 6379 6622
f 6383 6626 6622
f 6383 6622 6379
f 6383 6379 6068
f 6068 6379 6063
f 6830 6829 6606
f 6606 6829 6605
f 6605 6829 6833
f 6605 6833 6610
f 6605 6610 6606
f 6610 6833 6834
f 6606 6610 6830
f 6830 6610 6834
f 6834 6838 6610
f 6610 6838 6614
f 6610 6614 6371
f 6610 6371 6366
f 6366 6371 6370
f 6366 6046 6051
f 6366 6051 6371
f 6371 6374 6614
f 6374 6371 6051
f 6374 6051 6056
f 6056 5693 6060
f 6051 6046 5689
f 5689 6046 5686
f 6056 6051 5693
f 5693 6051 5689
f 5693 5697 6060
f 5701 5697 6060
f 5701 6060 6064
f 6060 5697 6056
f 5697 5693 6056
f 6374 6056 6371
f 6371 6056 6051
f 6056 6374 6060
f 6374 6377 6060
f 6060 6377 6064
f 6380 6064 6377
f 6623 6380 6377
f 6623 6377 6620
f 6377 6374 6617
f 6377 6617 6620
f 6844 6620 6617
f 6623 6620 6844
f 6847 6623 6844
f 6380 6623 6384
f 6384 6623 6627
f 6851 6627 6623
f 6851 6623 6847
f 6841 6844 6617
f 6838 6841 6617
f 6617 6374 6614
f 6617 6614 6838
f 6371 6051 6370
f 6051 6050 6370
f 6050 6051 5689
f 6046 6050 6045
f 6050 6046 6366
f 6050 6366 6370
f 6046 6050 5689
f 6834 6610 6614
f 6838 6834 6614
f 8347 8660 8661
f 8347 8661 8348
f 6821 7060 6818
f 6594 6591 6352
f 6594 6352 6351
f 6351 6031 6355
f 6355 6031 6035
f 6031 6351 6032
f 5673 6035 5670
f 6035 6031 5670
f 5671 5670 6031
f 5671 6031 6032
f 5671 6032 6029
f 5670 5671 5673
f 5671 6029 5666
f 5323 5671 5319
f 5319 5671 5666
f 5320 5319 5666
f 5323 5319 5320
f 5323 4984 4987
f 5323 4985 4984
f 4985 5323 5324
f 5324 5323 5320
f 4985 5324 5320
f 4980 4985 5320
f 5667 5320 5666
f 5320 5314 4980
f 5664 5314 5320
f 5667 5664 5320
f 9735 9726 9354
f 9354 9726 9349
f 9354 9349 9025
f 9025 9349 9017
f 9354 9025 9362
f 9362 9025 9029
f 9029 9025 9024
f 9029 9024 8703
f 9024 8700 8703
f 8700 8702 8703
f 8391 8702 8390
f 8703 8702 8391
f 8703 8391 8396
f 8703 8396 8707
f 8396 8391 8395
f 8395 8391 8390
f 8390 8702 8700
f 8395 8073 8396
f 8395 8390 8073
f 8390 8069 8073
f 8074 8396 8073
f 8396 8074 8399
f 8399 8074 8078
f 8078 8080 8399
f 8399 8080 8401
f 8399 8401 8710
f 8710 9034 9031
f 8710 9031 8707
f 9031 9370 9029
f 9370 9362 9029
f 8707 9031 9029
f 9029 8703 8707
f 8710 8707 8399
f 8399 8707 8396
f 10951 10952 10945
f 10945 10952 10946
f 10521 10520 10527
f 10528 10521 10527
f 10527 10520 10129
f 10527 10129 10134
f 10527 10134 10135
f 10534 10527 10135
f 10534 10135 10140
f 10521 10516 10515
f 10521 10515 10520
f 9011 9017 9343
f 8390 8700 8388
f 8390 8388 8069
f 8069 8388 8067
f 8067 7759 7762
f 8067 7762 8069
f 8069 7762 7765
f 8073 8069 7765
f 7765 7762 7426
f 7426 7762 7423
f 7101 7426 7099
f 7099 7426 7423
f 7096 7099 7423
f 7097 7096 7423
f 7424 7097 7423
f 8073 7765 8074
f 8074 7765 7766
f 7765 7426 7766
f 7426 7427 7766
f 7427 7426 7429
f 7769 7766 7429
f 7429 7766 7427
f 9354 9362 9735
f 6844 6620 6847
f 6847 6620 6623
f 6630 6854 6851
f 6630 6851 6627
f 6858 6854 6633
f 6633 6854 6630
f 6633 6630 6390
f 6633 6390 6632
f 6632 6390 6389
f 6389 6390 6075
f 6389 6075 6074
f 6074 6075 5713
f 6074 5713 5712
f 5712 5713 5709
f 5709 5713 5710
f 5709 5710 5705
f 5706 5705 5710
f 6069 5706 5710
f 5713 6075 6072
f 5713 6072 5710
f 5710 6072 6069
f 6072 6075 6390
f 6072 6390 6387
f 6630 6387 6390
f 6387 6384 6072
f 6072 6384 6069
f 6064 6069 6384
f 6380 6064 6384
f 6384 6627 6380
f 6623 6380 6627
f 6623 6620 6380
f 6380 6620 6377
f 6632 6857 6633
f 6633 6857 6858
f 6860 6857 6635
f 6635 6857 6632
f 6862 6860 6635
f 6862 6635 6637
f 6083 6397 6395
f 6395 6397 6639
f 6395 6639 6637
f 6637 6639 6864
f 6637 6864 6862
f 6392 6635 6632
f 6392 6632 6389
f 6392 6389 6077
f 6077 6389 6074
f 6077 6074 5716
f 5716 6074 5712
f 5716 5712 5717
f 5717 5712 5369
f 5712 5364 5369
f 5364 5712 5709
f 5364 5365 5369
f 5362 5364 5709
f 5362 5023 5364
f 5362 5020 5023
f 4704 5020 4697
f 4704 4705 5024
f 4704 5024 5020
f 4705 4708 5024
f 5020 5024 5021
f 5020 5021 5023
f 5023 5021 5024
f 5023 5024 5020
f 5023 5024 5364
f 5364 5024 5365
f 5369 5365 5028
f 5028 5365 5024
f 5028 5024 4711
f 5028 5031 5372
f 5028 5372 5369
f 4715 5031 5028
f 4715 5028 4711
f 4708 4711 5024
f 4357 4708 4705
f 4708 4357 4365
f 4711 4708 4365
f 4365 4357 3980
f 4357 4349 3980
f 4349 4357 4705
f 4349 4705 4704
f 4349 4704 4697
f 4349 4697 4343
f 4343 4697 4342
f 4343 4342 4349
f 4343 4342 4335
f 4335 4336 4343
f 4328 4324 4329
f 4324 4325 4329
f 4325 4324 4320
f 4325 3936 3942
f 4325 3942 4329
f 4320 4321 4325
f 4315 4305 4306
f 4315 4316 4320
f 4320 4316 3931
f 3931 4316 3924
f 4320 3931 4321
f 4321 3931 3936
f 4321 3936 4325
f 4316 4315 4306
f 3924 4316 3915
f 4316 4306 3915
f 3931 3924 3932
f 3932 3924 3925
f 3931 3932 3936
f 3936 3932 3937
f 3937 3932 3938
f 3938 3932 3933
f 3933 3932 3925
f 3933 3925 3926
f 3925 3924 3915
f 3925 3915 3916
f 4307 4308 3916
f 3916 4308 3917
f 3916 3917 3926
f 3916 3926 3925
f 3937 3938 3944
f 3937 3944 3943
f 3943 3944 3955
f 3943 3955 3954
f 3937 3943 3936
f 3936 3943 3942
f 3942 3943 3954
f 3953 3942 3954
f 3953 3954 3962
f 3962 3954 3963
f 3963 3954 3955
f 3964 3963 3955
f 3964 3955 3965
f 3955 3956 3965
f 3955 3944 3956
f 3944 3945 3956
f 3956 3957 3965
f 3965 3957 3966
f 3965 3974 3964
f 3974 3965 3975
f 3975 3965 3966
f 3975 3966 3976
f 3966 3967 3976
f 3967 3966 3957
f 3967 3957 3958
f 3946 3957 3956
f 3958 3957 3946
f 3946 3956 3945
f 3947 3958 3946
f 3947 3948 3958
f 3958 3948 3959
f 3959 3968 3967
f 3959 3967 3958
f 3967 3968 3977
f 3976 3967 3977
f 3976 3977 3985
f 3985 3977 3986
f 3976 3985 3984
f 3976 3984 3975
f 3994 3985 3986
f 3986 3995 3994
f 4003 4004 4014
f 4013 4003 4014
f 4014 4024 4013
f 4013 4024 4023
f 4012 4013 4023
f 4012 4023 4022
f 4012 4022 4011
f 4011 4022 4021
f 4011 4021 4020
f 4011 4020 4010
f 4009 4010 4020
f 4013 4012 4002
f 4003 4013 4002
f 3994 4004 4003
f 4004 3994 3995
f 3985 3994 3993
f 3984 3985 3993
f 3994 4003 3993
f 4003 4002 3993
f 3984 3993 3983
f 3993 3992 3983
f 3992 3993 4002
f 3992 4002 4001
f 4001 4002 4012
f 4001 4012 4011
f 4001 4011 4000
f 4000 4011 4010
f 4000 3991 3992
f 4000 3992 4001
f 3983 3992 3982
f 3982 3992 3991
f 3983 3982 3973
f 3983 3973 3974
f 3964 3974 3973
f 3983 3974 3975
f 3983 3975 3984
f 3964 3973 3963
f 3963 3973 3972
f 3972 3973 3982
f 3972 3982 3981
f 3963 3972 3962
f 3971 3962 3972
f 3972 3981 3971
f 3971 3981 3980
f 4328 4329 4335
f 4329 3942 3953
f 4335 4329 4336
f 4336 4329 3953
f 4343 4336 3953
f 4343 3953 3962
f 3962 3971 4343
f 4343 3971 4349
f 4349 3971 3980
f 3989 3980 3990
f 3990 3980 3981
f 3980 3989 4365
f 4365 3989 3998
f 4365 3998 4373
f 4373 4715 4365
f 4365 4715 4711
f 13440 13433 13432
f 13440 13432 13439
f 13440 13439 13293
f 13293 13439 13296
f 13293 13296 13297
f 12788 12795 12578
f 12577 12578 12795
f 12577 12795 12794
f 12577 12794 12582
f 11376 11779 11780
f 11779 11788 11780
f 11377 11376 11780
f 10901 10900 11378
f 10453 10901 10454
f 10454 10901 10902
f 10454 10902 10906
f 10454 10906 10459
f 10459 10906 10907
f 10460 10907 10912
f 10912 10907 10911
f 10911 10907 10906
f 10912 10911 11391
f 11391 10911 10906
f 11391 10906 11387
f 10902 10901 10906
f 10906 10901 11386
f 10906 11386 11387
f 11379 11386 10901
f 11379 10901 11378
f 11379 11378 11386
f 11386 11378 11385
f 11386 11803 11390
f 11386 11791 11803
f 11790 11386 11385
f 11386 11790 11791
f 11385 11378 11384
f 11385 11384 11790
f 11789 11790 11384
f 11789 11384 11377
f 11377 11384 11378
f 11377 11780 11789
f 11789 11780 11788
f 11788 11800 11801
f 11788 11801 11789
f 11790 11789 11802
f 11789 11801 11802
f 11791 11790 11802
f 11791 11802 11803
f 11386 11390 11391
f 11386 11391 11387
f 11390 11803 11391
f 11803 11815 11390
f 11391 11390 11400
f 11390 11815 11399
f 11390 11399 11400
f 11400 11815 11399
f 11400 11399 11415
f 11815 11803 11802
f 11815 11802 11814
f 11399 11815 11814
f 11399 11814 11398
f 11399 11398 11415
f 11415 11398 11414
f 11415 10923 10924
f 11415 10924 11416
f 10924 10923 10934
f 10924 10934 10935
f 10944 10935 10943
f 10935 10934 10943
f 10942 10943 10934
f 10933 10942 10934
f 11427 10933 10922
f 11414 11427 10922
f 11415 11414 10922
f 11415 10922 10923
f 10922 10933 10934
f 10923 10922 10934
f 12077 12083 12082
f 12077 12082 12076
f 11813 12090 12091
f 11813 12091 11814
f 11825 11830 11426
f 11433 11426 11425
f 11432 11433 11425
f 11426 11835 11433
f 11433 11835 11840
f 11433 11840 11438
f 11835 11836 11840
f 11830 11835 11426
f 11830 11831 11835
f 11835 11831 11836
f 11830 11825 11831
f 11826 11831 11825
f 11825 11813 11814
f 11826 11825 11814
f 11814 12091 11826
f 11826 12091 12097
f 12097 12091 12098
f 12098 12091 12092
f 11826 12097 12098
f 11826 12098 12101
f 11831 11826 12101
f 11840 11839 11438
f 11444 11844 11843
f 11844 11444 11840
f 11840 11444 11438
f 11443 11444 11447
f 11444 11443 11448
f 11448 11443 11447
f 11448 10963 11444
f 11444 10963 10955
f 11444 11438 11443
f 11438 11433 11432
f 11433 11438 11439
f 10948 11438 11444
f 11439 11438 10948
f 10957 10956 10964
f 10957 10964 10965
f 10970 10971 10963
f 10963 10971 10964
f 10963 10964 10955
f 10955 10964 10956
f 10955 10956 11444
f 10956 10948 11444
f 11800 11812 11801
f 11801 11812 11813
f 11801 11813 11814
f 11802 11801 11814
f 12331 12327 12332
f 12331 12332 12335
f 12334 12335 12344
f 12344 12335 12345
f 12578 12345 12335
f 12345 12578 12344
f 12344 12578 12577
f 12567 12578 12335
f 12334 12344 12577
f 12581 12582 12350
f 12349 12581 12350
f 12098 12354 12358
f 12098 12358 12359
f 12098 12359 12101
f 12101 12359 12361
f 12359 12588 12591
f 12361 12359 12591
f 12591 12804 12593
f 12593 12804 12806
f 12806 12808 12593
f 12808 12595 12593
f 12595 12368 12593
f 12368 12595 12598
f 12368 12598 12370
f 12598 12597 12370
f 12600 12373 12370
f 12600 12370 12597
f 12370 12373 12112
f 12373 12115 12112
f 12115 12373 12114
f 12112 12115 12114
f 12112 12114 12111
f 12112 12111 11844
f 12108 12112 11840
f 11840 12112 11844
f 13459 13308 13307
f 13308 13459 13460
f 13308 13310 13311
f 13308 13311 13122
f 13118 13308 13122
f 13122 13311 13126
f 12963 13122 13126
f 13126 12967 12963
f 12967 12813 12810
f 12967 12810 12963
f 12963 12811 12964
f 12811 12963 12810
f 12816 12813 12967
f 12816 12967 12971
f 12971 12970 12815
f 12971 12815 12816
f 12819 12605 12815
f 12815 12605 12602
f 12816 12815 12602
f 12816 12602 12603
f 12813 12816 12600
f 12816 12603 12600
f 12813 12600 12597
f 12813 12597 12810
f 12810 12597 12598
f 12810 12598 12811
f 12811 12598 12595
f 12811 12595 12808
f 12811 12808 12961
f 12811 12961 12964
f 12964 12961 12963
f 12963 12961 13118
f 12961 13119 13118
f 12963 13118 13122
f 13114 13304 13308
f 13114 13308 13118
f 13115 13114 13118
f 13119 13115 13118
f 13119 12961 13115
f 13115 12961 12959
f 12959 12961 12808
f 12959 12808 12806
f 13458 13559 13465
f 13465 13559 13565
f 13459 13458 13465
f 13466 13459 13465
f 13465 13565 13564
f 13465 13564 13464
f 13465 13464 13472
f 13465 13472 13473
f 12822 12827 12610
f 12823 12822 12610
f 12979 12822 12823
f 12974 12979 12975
f 12975 12979 12823
f 12819 12975 12823
f 12607 12823 12610
f 12611 12607 12610
f 12607 12611 12382
f 12382 12380 12607
f 12382 12611 12384
f 12611 12610 12615
f 12611 12615 12384
f 12382 12384 12123
f 12384 12125 12123
f 12384 12615 12614
f 12614 12615 12610
f 12614 12610 12830
f 12830 12610 12827
f 12615 12614 12831
f 12614 12830 12831
f 12992 13152 13151
f 12992 13151 12991
f 12991 13151 12990
f 12990 13151 13150
f 13151 13146 13145
f 13150 13151 13145
f 12989 12990 13150
f 12989 13150 13149
f 12989 13150 12983
f 12989 12983 12982
f 13144 12982 12983
f 12983 13150 13145
f 12607 12605 12819
f 12823 12607 12819
f 12602 12375 12603
f 12602 12605 12375
f 12376 12603 12375
f 12600 12603 12373
f 12373 12603 12376
f 12378 12375 12605
f 12119 12378 12121
f 12378 12119 12117
f 12378 12117 12375
f 12376 12375 12373
f 12373 12375 12372
f 12372 12375 12117
f 12372 12117 12114
f 12372 12114 12373
f 12114 12117 11850
f 12114 11850 11848
f 12111 12114 11844
f 11844 12114 11848
f 11843 11844 11848
f 11444 11843 11847
f 11843 11848 11847
f 11448 11848 11847
f 11848 11850 11452
f 11848 11452 11448
f 11850 11852 11452
f 11852 11850 12117
f 11852 12117 12119
f 12380 12121 12378
f 12119 12121 11852
f 11852 12121 11854
f 11460 11458 11856
f 11856 11458 11854
f 11854 11458 11456
f 11456 11458 10982
f 11456 10982 10977
f 11456 10977 11455
f 11852 11456 11452
f 11452 11456 11455
f 11451 11452 11455
f 10976 11455 10977
f 11451 11455 10976
f 11451 10976 10970
f 11451 10970 11448
f 11448 10970 10963
f 11448 11447 11444
f 11448 11444 11847
f 11451 11448 11452
f 11836 11831 12104
f 11836 12104 12105
f 12101 12104 11831
f 12104 12101 12105
f 12101 12361 12105
f 12105 12361 12364
f 12364 12361 12365
f 12361 12591 12593
f 12361 12593 12365
f 12365 12593 12368
f 12364 12365 12368
f 12367 12364 12368
f 12364 12367 12105
f 12105 12367 12108
f 12104 12105 11840
f 12104 11840 11836
f 11840 12105 12108
f 12108 12367 12112
f 12112 12367 12370
f 12370 12367 12368
f 12378 12605 12380
f 12380 12605 12607
f 12380 12382 12123
f 12380 12123 12121
f 11854 12121 11856
f 11856 12121 12123
f 11856 12123 11858
f 11858 12123 12125
f 11858 12125 11860
f 11456 11852 11854
f 10976 10977 10971
f 10970 10976 10971
f 10971 10977 10972
f 10977 10978 10972
f 10978 10977 10523
f 10524 10978 10523
f 10524 10972 10978
f 10972 10524 10517
f 10518 10517 10524
f 10524 10525 10518
f 10525 10524 10533
f 10533 10524 10532
f 10524 10523 10977
f 10532 10524 10531
f 10531 10524 10977
f 10531 10977 10982
f 10982 10977 10976
f 10981 10982 10976
f 10984 10982 11458
f 11458 11460 10984
f 11856 11858 11460
f 11462 11460 11858
f 11462 11858 11464
f 10543 10986 10549
f 10543 10549 10550
f 10544 10543 10550
f 10544 10550 10145
f 10545 10544 10145
f 10537 10543 10544
f 10537 10544 10538
f 10543 10537 10986
f 10986 10537 10984
f 10986 10984 11460
f 11462 10986 11460
f 10081 10080 10466
f 10081 10466 10467
f 10080 10081 9675
f 9675 10081 9676
f 10466 10471 10467
f 10467 10471 10472
f 10467 10472 10081
f 10081 10472 10085
f 10081 10085 10086
f 10471 10917 10476
f 10471 10476 10472
f 10476 10477 10472
f 10472 10477 10089
f 10085 10472 10089
f 10085 10089 10090
f 10477 10094 10089
f 10477 10487 10094
f 10487 10477 10486
f 10486 10477 10476
f 10496 10497 10487
f 10104 10497 10496
f 10103 10104 10496
f 10104 10105 10095
f 10497 10104 10094
f 10094 10104 10095
f 10497 10094 10487
f 10094 10095 10089
f 10089 10095 10090
f 9713 10104 10114
f 10104 10103 9702
f 10104 9702 9712
f 10104 9712 9713
f 9713 9338 9714
f 9714 9338 9339
f 9345 9012 9346
f 9012 9013 9346
f 8691 9013 9012
f 9013 8691 9014
f 9014 8691 8692
f 8693 9015 8692
f 8687 8688 9008
f 9008 8688 9009
f 9015 8693 8687
f 8687 9008 9015
f 9008 9009 9005
f 9008 9005 9004
f 9008 9004 9342
f 9342 9004 9336
f 9342 9348 9015
f 9342 9015 9008
f 9015 9014 8692
f 9015 9348 9347
f 9015 9347 9014
f 9347 9348 9342
f 9347 9342 9341
f 9342 9336 9341
f 9336 9004 9333
f 9336 9335 9341
f 9341 9335 9716
f 9716 9335 9704
f 9715 9704 9703
f 9704 9715 9716
f 9341 9716 9715
f 9715 9340 9341
f 9340 9715 9339
f 9340 9346 9341
f 9341 9346 9347
f 9345 9346 9340
f 9347 9346 9013
f 9347 9013 9014
f 10476 10926 10486
f 10926 10937 10486
f 10937 10936 10485
f 10485 10495 10496
f 10485 10486 10937
f 10485 10496 10486
f 10487 10486 10496
f 10103 10496 10102
f 10495 10102 10496
f 10950 10501 10944
f 10950 10949 10506
f 10506 10949 10957
f 10501 10950 10506
f 10957 10958 10506
f 10502 10501 10507
f 10507 10501 10506
f 10501 10502 10495
f 10501 10495 10494
f 10494 10495 10485
f 10494 10485 10484
f 10495 10502 10113
f 10502 10112 10113
f 10112 10502 10118
f 10118 10502 10507
f 10118 10507 10513
f 10122 10118 10513
f 10118 10122 10123
f 10118 10119 10113
f 10118 10113 10112
f 10113 10103 10102
f 10113 10102 10495
f 10103 10113 9712
f 10103 9712 9702
f 10113 10119 9712
f 10119 9724 9712
f 9712 9724 9713
f 9724 9725 9713
f 9733 9724 10119
f 9725 9724 9733
f 9734 9725 9733
f 10123 9733 10119
f 10119 10118 10123
f 9733 10123 9742
f 9742 10123 10127
f 9733 9742 9743
f 9733 9743 9734
f 9734 9350 9725
f 9350 9344 9725
f 9350 9734 9355
f 9355 9734 9743
f 9363 9355 9743
f 9363 9743 9752
f 9751 9743 9742
f 9752 9743 9751
f 9751 9742 10127
f 9751 10127 10132
f 9751 10132 9760
f 9760 10132 10138
f 10138 10132 10131
f 9760 10138 10137
f 9752 9751 9372
f 9752 9372 9363
f 9751 9760 9372
f 9351 9350 9356
f 9351 9018 9012
f 9351 9012 9345
f 9351 9345 9350
f 9350 9345 9344
f 9713 9725 9344
f 9338 9713 9344
f 9338 9344 9345
f 9339 9338 9345
f 9676 10081 9684
f 9684 10081 10086
f 9676 9684 9683
f 9684 10086 9690
f 10086 10090 9690
f 10086 10085 10090
f 10105 10115 9714
f 10106 10105 9703
f 9703 10105 9714
f 9715 9703 9714
f 9715 9714 9339
f 9340 9339 9345
f 8678 8996 8679
f 8996 8997 8679
f 8679 8997 8680
f 8997 9000 8682
f 9000 9001 8682
f 8680 8997 8682
f 8367 8678 8679
f 8367 8679 8368
f 8676 8364 8360
f 8676 8360 8673
f 8673 8360 8353
f 8673 8353 8666
f 8673 8666 8672
f 8672 8666 8665
f 8980 8672 8665
f 6604 6598 6828
f 6604 6362 6598
f 6362 6356 6598
f 6356 6362 6042
f 6036 6356 6042
f 6036 6042 5682
f 5676 6036 5682
f 5682 6042 6044
f 5684 5682 6044
f 5687 5684 6047
f 6047 5684 6044
f 6042 6362 6044
f 6044 6362 6364
f 6044 6364 6047
f 6364 6362 6607
f 6607 6362 6604
f 6607 6608 6364
f 6364 6608 6368
f 6364 6368 6367
f 6364 6367 6047
f 6367 6368 6047
f 6047 6368 6048
f 6048 6368 6049
f 6048 6049 6054
f 6053 6048 6054
f 6054 6049 6369
f 6054 6369 6372
f 6048 6053 6052
f 6052 5690 6047
f 6052 6047 6048
f 5687 6047 5690
f 5342 5687 5344
f 5344 5687 5690
f 5690 5694 5344
f 5352 5698 5702
f 5352 5702 5356
f 5357 5356 5702
f 5357 5702 5703
f 5357 5703 5358
f 5358 5703 5704
f 5358 5704 5707
f 5708 5707 6071
f 6070 6071 5707
f 6070 5707 5704
f 6070 5704 6067
f 5704 5703 6067
f 6067 5703 6066
f 5702 5703 6066
f 5702 6065 6066
f 6067 6066 6381
f 6067 6381 6382
f 6596 6598 6356
f 6354 6596 6356
f 8683 8373 8372
f 9005 9009 8688
f 9005 8688 8685
f 8688 8687 8694
f 8685 8688 8376
f 8688 8380 8376
f 8384 8380 8688
f 8384 8688 8694
f 8384 8694 8379
f 8693 8694 8687
f 8694 8693 8379
f 8380 8384 8379
f 8380 8059 8376
f 8058 8059 8379
f 8379 8059 8380
f 7743 7747 7744
f 7744 7747 7411
f 6839 6842 6618
f 10964 10971 10965
f 10965 10971 10972
f 10972 10517 10965
f 10965 10517 10511
f 10539 10533 10532
f 10136 10533 10539
f 10533 10136 10525
f 10525 10136 10137
f 10525 10137 10131
f 10130 10525 10131
f 10525 10130 10526
f 10130 10131 10526
f 10518 10525 10519
f 10519 10525 10526
f 10518 10519 10512
f 10518 10512 10517
f 10517 10512 10511
f 10513 10512 10519
f 10511 10512 10965
f 10965 10511 10958
f 10965 10958 10957
f 10958 10511 10506
f 10506 10511 10512
f 10507 10506 10513
f 10513 10506 10512
f 10122 10513 10126
f 10126 10513 10519
f 10126 10519 10526
f 10122 10126 10123
f 10127 10123 10126
f 10132 10127 10131
f 10131 10127 10126
f 10138 10131 10137
f 9760 10137 9769
f 9769 10137 10142
f 10137 10136 10141
f 10137 10141 10142
f 10141 10136 10539
f 10141 10145 10142
f 10142 10146 9769
f 10146 10142 10145
f 9769 9770 9760
f 9770 9769 9779
f 9769 10146 9779
f 9780 9770 9779
f 10152 10146 10145
f 10145 10539 10544
f 10539 10145 10141
f 10544 10539 10538
f 10538 10539 10532
f 10532 10531 10538
f 10537 10538 10531
f 10531 10982 10537
f 10537 10982 10984
f 10131 10126 10526
f 10105 10104 10114
f 10115 10105 10114
f 10115 10114 9714
f 9714 10114 9713
f 9372 9760 9371
f 9381 9372 9371
f 9380 9381 9371
f 9390 9381 9380
f 9390 9380 9389
f 9390 9389 9405
f 9389 9780 9790
f 9790 9780 9779
f 9780 9389 9770
f 9770 9389 9380
f 9770 9380 9371
f 9770 9371 9760
f 9356 9355 9363
f 9356 9363 9364
f 9363 9372 9373
f 9363 9373 9364
f 9365 9364 9374
f 9374 9364 9373
f 9365 9357 9356
f 9365 9356 9364
f 9355 9356 9350
f 9019 9018 9351
f 9019 9351 9352
f 9352 9351 9356
f 9012 9018 9019
f 9013 9012 9019
f 9019 9020 9013
f 9013 9020 9014
f 9013 9014 8692
f 8691 9013 8692
f 8693 8692 9014
f 8693 8697 8698
f 8697 8693 9021
f 8698 8697 9022
f 8698 9022 9023
f 8698 9023 8699
f 9023 9022 9027
f 9023 9027 9028
f 9027 9022 9021
f 9021 9022 8697
f 9021 8693 9014
f 9021 9014 9020
f 9020 9019 9352
f 9020 9352 9353
f 9358 9353 9352
f 9357 9352 9356
f 9352 9357 9358
f 9357 9365 9358
f 9365 9366 9358
f 9375 9366 9365
f 9375 9365 9374
f 9358 9366 9359
f 9366 9367 9359
f 9359 9367 9360
f 9367 9368 9360
f 9360 9368 9369
f 9369 9368 9377
f 9369 9361 9360
f 9360 9361 9028
f 9360 9028 9027
f 9359 9360 9027
f 9359 9027 9026
f 9026 9027 9021
f 9026 9021 9359
f 9358 9359 9021
f 9021 9020 9353
f 9021 9353 9358
f 9372 9381 9373
f 9373 9381 9382
f 9390 9405 9391
f 9391 9405 9406
f 9381 9390 9391
f 9381 9391 9382
f 9391 9406 9407
f 9391 9407 9392
f 9391 9392 9383
f 9382 9391 9383
f 9373 9382 9383
f 9374 9373 9383
f 9375 9374 9384
f 9384 9374 9383
f 9375 9384 9385
f 9384 9393 9385
f 9385 9393 9394
f 9384 9383 9392
f 9384 9392 9393
f 9393 9408 9409
f 9408 9393 9407
f 9393 9409 9394
f 9407 9393 9392
f 9394 9409 9410
f 9394 9410 9395
f 9395 9410 9047
f 9395 9047 9038
f 9396 9395 9038
f 9395 9387 9386
f 9395 9396 9387
f 9387 9378 9386
f 9386 9378 9377
f 9378 9369 9377
f 9369 9378 9032
f 9369 9032 9030
f 9378 9387 9032
f 9032 9387 9035
f 9039 9387 9396
f 9387 9039 9035
f 9032 9033 9030
f 9033 8709 8708
f 8708 8709 8705
f 8705 8709 8706
f 9033 8708 8705
f 9033 8705 9030
f 9030 8705 8704
f 9369 9030 9361
f 9361 9030 9028
f 9030 8704 8701
f 9030 8701 9028
f 9367 9366 9376
f 9376 9366 9375
f 9367 9376 9377
f 9367 9377 9368
f 9376 9375 9385
f 9376 9385 9386
f 9376 9386 9377
f 9395 9386 9385
f 9395 9385 9394
f 8693 8383 8379
f 8383 8693 8382
f 8692 8382 8693
f 8383 8382 8058
f 8058 8382 8378
f 8379 8383 8058
f 8382 8061 8378
f 8378 8061 8057
f 8378 8057 8058
f 8384 8383 8693
f 8384 8693 8698
f 8383 8384 8386
f 8386 8384 8698
f 7091 6853 6852
f 7091 6852 7090
f 7419 7091 7090
f 7418 7419 7090
f 7418 7090 7416
f 7416 7090 7087
f 7086 7415 7087
f 7087 7415 7416
f 7415 7754 7755
f 7415 7755 7416
f 7754 7753 8062
f 7753 8061 8062
f 8382 8383 8061
f 8062 8061 8383
f 8062 8383 8384
f 8062 8384 8063
f 8063 8384 8386
f 8063 8386 8065
f 8386 8387 8065
f 8062 8063 7754
f 8063 8065 7757
f 8063 7757 7755
f 8063 7755 7754
f 7755 7757 7416
f 7416 7757 7418
f 7418 7757 7419
f 7419 7757 7758
f 8065 8066 7757
f 7758 7757 8066
f 8387 8066 8065
f 8387 8386 8698
f 8387 8698 8699
f 9023 9028 8701
f 9023 8701 8699
f 8387 8699 8701
f 8387 8701 8389
f 8387 8389 8068
f 8387 8068 8066
f 8066 8068 7758
f 7758 8068 7761
f 7758 7761 7422
f 7758 7422 7419
f 7419 7422 7094
f 7419 7094 7091
f 7091 7094 6855
f 6855 7094 6856
f 6856 7094 7095
f 7094 7098 6859
f 7095 7094 7422
f 7098 7094 7422
f 8389 8701 8392
f 8392 8701 8704
f 8392 8704 8705
f 8392 8705 8393
f 8389 8392 8070
f 8389 8070 8068
f 8393 8070 8392
f 8071 8070 8393
f 8393 8705 8706
f 8393 8706 8394
f 8071 8393 8394
f 8071 8394 8072
f 8071 8072 8077
f 8076 8071 8077
f 8077 8072 8394
f 8398 8077 8394
f 8394 8706 8398
f 8398 8706 8709
f 8077 8398 8076
f 8076 8398 8079
f 8398 8709 8397
f 8397 8709 8708
f 8397 8708 8400
f 8400 8708 8711
f 8711 8708 9033
f 8711 9033 9036
f 8711 9036 8715
f 8715 9036 9040
f 9036 9033 9035
f 9035 9033 9032
f 9040 9036 9035
f 9035 9039 9040
f 9039 9396 9038
f 9038 9047 8713
f 9039 9038 8713
f 9039 8713 8714
f 8714 8713 8717
f 8714 8717 8402
f 8402 8717 8405
f 8402 8406 8714
f 8714 8406 8718
f 8714 8718 8715
f 8718 8719 8715
f 9040 8714 8715
f 8714 9040 9039
f 8079 8400 8403
f 8079 8403 8082
f 8403 8400 8711
f 8403 8711 8715
f 8715 8719 8403
f 8403 8719 8407
f 8082 8403 8407
f 8081 8407 8406
f 8407 8081 8082
f 8081 8406 8402
f 8402 8405 8406
f 8402 8406 8085
f 8402 8085 8081
f 8081 8085 7773
f 7773 7777 7435
f 7773 7435 7432
f 7773 7432 7770
f 7432 7435 7104
f 7102 7104 6865
f 7100 7102 6861
f 7100 7428 7102
f 7102 7428 7430
f 7102 7430 7104
f 7104 7430 7432
f 7432 7430 7770
f 7770 7430 7767
f 7767 7430 7428
f 8397 8400 8079
f 8397 8079 8398
f 8071 8076 8075
f 8071 8075 8070
f 8075 8076 7768
f 7767 8075 7768
f 8075 7767 7764
f 7767 7428 7425
f 7767 7425 7764
f 7425 7428 7100
f 7425 7100 7098
f 7098 7100 6861
f 7425 7098 7422
f 7422 7761 7425
f 7764 7425 7761
f 8070 7764 7761
f 8070 7761 8068
f 7764 8070 8075
f 7086 7087 6849
f 6849 7087 7090
f 7086 6849 6848
f 6855 6853 7091
f 6631 6629 6853
f 6631 6853 6855
f 6629 6631 6388
f 6386 6629 6388
f 6386 6388 6073
f 6386 6073 6071
f 6071 6073 5711
f 6071 5711 5708
f 5708 5711 5363
f 5363 5361 5708
f 5019 5361 5022
f 5022 5361 5363
f 5019 5022 4707
f 5019 4707 4703
f 5018 5019 4702
f 4702 5019 4703
f 5018 4702 4701
f 5018 4701 5017
f 4348 4701 4354
f 4348 4354 4347
f 4348 4347 4701
f 4347 4354 4353
f 4353 4354 4362
f 4353 4362 4361
f 4363 4362 4354
f 4363 4354 4355
f 4353 4361 4352
f 4353 4352 4346
f 4347 4353 4346
f 4347 4700 4701
f 4700 4347 4346
f 4699 4700 4346
f 4695 4700 4699
f 4695 4699 4694
f 5013 4695 4694
f 5013 4694 5012
f 4693 4694 4699
f 4698 4693 4699
f 4699 4346 4698
f 4345 4698 4346
f 4345 4346 4351
f 4346 4352 4351
f 4350 4351 4359
f 4358 4350 4359
f 4358 4359 4367
f 4358 4367 4366
f 4366 4376 4375
f 4366 4367 4376
f 4399 4398 4384
f 4399 4384 4385
f 4399 4385 4400
f 4386 4400 4385
f 4401 4400 4386
f 4401 4386 4387
f 4378 4386 4377
f 4378 4387 4386
f 4401 4387 4402
f 4402 4387 4388
f 4403 4402 4389
f 4389 4402 4388
f 4387 4378 4388
f 4388 4378 4379
f 4389 4388 4379
f 4389 4379 4380
f 4378 4377 4368
f 4378 4368 4369
f 4378 4369 4379
f 4379 4369 4370
f 4369 4361 4362
f 4369 4362 4370
f 4360 4361 4369
f 4369 4368 4360
f 4361 4360 4352
f 4351 4352 4359
f 4359 4352 4360
f 4359 4360 4368
f 4359 4368 4367
f 4367 4368 4376
f 4376 4368 4377
f 4376 4377 4386
f 4376 4386 4385
f 4375 4376 4385
f 4375 4385 4384
f 7771 7768 8076
f 7771 8076 8079
f 7768 7771 7770
f 7767 7768 7770
f 7771 8079 8082
f 7774 7771 8082
f 7774 8082 8081
f 7771 7774 7770
f 7770 7774 8081
f 7773 7770 8081
f 6855 7094 6859
f 6859 7098 6861
f 6859 6634 6855
f 6855 6634 6631
f 6855 6631 6856
f 6073 6076 5711
f 6073 6388 6391
f 6073 6391 6076
f 6076 5714 5711
f 5714 6076 6079
f 5711 5714 5366
f 5363 5711 5366
f 5366 5714 5715
f 5366 5715 5367
f 5367 5715 5368
f 5368 5371 5027
f 5367 5368 5026
f 5368 5027 5026
f 5026 5025 5367
f 5366 5367 5025
f 5363 5366 5025
f 5022 5363 5025
f 5025 4709 4707
f 5025 4707 5022
f 4709 5025 5026
f 4709 5026 4710
f 4712 4709 4713
f 4713 4709 4710
f 4712 4713 4717
f 4716 4717 4721
f 4721 4720 4716
f 4721 5035 5034
f 5035 5039 5034
f 5038 5034 5039
f 5039 5035 5380
f 5380 5035 5376
f 5039 5380 5038
f 4720 5034 5038
f 4720 5038 4728
f 4720 4728 4719
f 5034 4720 4721
f 4717 4716 4712
f 4372 4712 4716
f 4716 4381 4372
f 4381 4716 4720
f 4381 4720 4389
f 4720 4719 4389
f 4380 4381 4389
f 4389 4719 4728
f 4389 4728 4403
f 6631 6634 6391
f 6631 6391 6388
f 6391 6394 6076
f 6394 6391 6634
f 6394 6634 6636
f 6634 6859 6861
f 6636 6634 6861
f 6861 6863 6638
f 6861 6638 6636
f 6638 6398 6396
f 6638 6640 6398
f 6640 6638 6863
f 6640 6863 6865
f 6863 6861 7102
f 6865 6863 7102
f 6865 7104 6867
f 6867 7104 7107
f 6867 6642 6640
f 6867 6640 6865
f 6640 6642 6398
f 6398 6642 6400
f 6398 6400 6084
f 6638 6396 6636
f 6636 6396 6394
f 6394 6079 6076
f 5719 5718 5723
f 5723 5718 5722
f 5722 5718 6081
f 6081 5718 6079
f 6084 5722 6081
f 5725 5722 6084
f 5722 5725 5726
f 6081 6396 6084
f 6081 6079 6396
f 6396 6079 6394
f 6084 6396 6398
f 6084 6400 6086
f 6084 6086 5729
f 5725 6084 5729
f 5725 5729 5379
f 5725 5379 5375
f 5038 5034 5379
f 5379 5034 5375
f 5725 5379 5376
f 5376 5379 5380
f 5725 5376 5726
f 5726 5723 5722
f 5723 5726 5373
f 5373 5726 5376
f 5376 5035 5032
f 5376 5032 5373
f 5032 5035 4721
f 5032 4721 4717
f 5032 4717 4713
f 5373 5032 5370
f 5370 5032 5029
f 5030 5370 5029
f 5029 5032 4713
f 5029 4713 5030
f 5030 4713 4714
f 5030 5027 5371
f 5030 5371 5370
f 5719 5370 5371
f 5719 5371 5720
f 5720 5371 5368
f 5720 5368 5715
f 5719 5720 5715
f 5719 5715 5718
f 5715 5714 5718
f 5718 5714 6079
f 5885 5886 5550
f 5885 5550 5563
f 5886 5875 5550
f 5875 5886 5876
f 5876 5886 5887
f 5551 5875 5876
f 5875 5551 5550
f 5876 5887 5877
f 5563 5562 5568
f 5885 5563 5569
f 5569 5563 5568
f 5885 5569 5894
f 5894 5569 5568
f 5895 5894 5905
f 5894 5904 5905
f 5905 5904 5913
f 5904 5574 5580
f 5904 5580 5913
f 5913 5580 5586
f 5913 5914 5905
f 5923 5914 5913
f 5922 5923 5913
f 5922 5913 5586
f 5924 5923 5932
f 5924 5932 5933
f 5923 5924 5915
f 5923 5915 5914
f 5905 5914 5906
f 5906 5914 5915
f 5915 5924 5925
f 5915 5925 5916
f 5915 5916 5906
f 5917 5916 5926
f 5926 5916 5925
f 5934 5925 5933
f 5933 5925 5924
f 5926 5925 5935
f 5935 5925 5934
f 5936 5935 5942
f 5936 5942 5943
f 5942 5935 5934
f 5942 5934 5941
f 5941 5934 5933
f 5941 5933 5940
f 5940 5933 5932
f 5949 6240 6241
f 5949 6241 5950
f 5949 5950 5941
f 5941 5950 5942
f 5950 6241 6242
f 5951 5950 6242
f 5942 5950 5943
f 5950 5951 5943
f 5951 6242 5952
f 5951 5952 5943
f 6243 5952 6242
f 6243 6242 6249
f 6249 6242 6248
f 6248 6242 6241
f 6249 6248 6256
f 6256 6248 6255
f 6264 6256 6255
f 6264 6255 6263
f 6247 6255 6248
f 6263 6255 6254
f 6263 6254 6262
f 6254 6255 6247
f 6262 6254 6261
f 6261 6254 6253
f 6253 6252 6260
f 6253 6260 6261
f 6260 6252 5969
f 5969 6252 5964
f 5969 5964 5963
f 5969 5963 5968
f 5968 5963 5617
f 5964 6252 5963
f 6252 6253 6246
f 6252 6246 6245
f 6246 6253 6247
f 6247 6253 6254
f 6247 6248 6241
f 6246 6247 6240
f 6241 6240 6247
f 6246 6240 6245
f 6245 6240 5948
f 5958 6245 5948
f 6245 5958 5957
f 6252 6245 5957
f 6252 5957 5963
f 5956 5963 5957
f 5957 5608 5956
f 5607 5956 5608
f 5956 5607 5613
f 5956 5613 5962
f 5956 5962 5963
f 5963 5962 5616
f 5963 5616 5617
f 5962 5613 5616
f 5281 5277 5276
f 5276 5277 5273
f 5276 5273 5272
f 4945 5276 5272
f 5276 5272 4942
f 4945 5276 4942
f 4945 4942 4623
f 4620 4623 4942
f 4253 4623 4620
f 4945 4623 4625
f 4945 4625 4948
f 5276 4945 5281
f 5281 4945 4948
f 5562 5563 5230
f 5230 5563 5231
f 5563 5549 5231
f 5231 5549 5219
f 5550 5549 5563
f 5549 5550 5219
f 5219 5550 5220
f 5220 5550 5221
f 5221 5550 5551
f 5219 5220 4899
f 4899 5220 4900
f 4910 5219 4899
f 4910 4899 4898
f 5219 4910 5230
f 5219 5230 5231
f 5229 5230 4909
f 4909 5230 4910
f 5230 5229 5234
f 5568 5230 5234
f 5562 5230 5568
f 5235 5568 5234
f 5568 5234 5239
f 5568 5239 5573
f 5239 5240 5573
f 5573 5240 5245
f 5573 5245 5579
f 5585 5579 5245
f 5579 5580 5574
f 5579 5574 5573
f 5574 5904 5573
f 5569 5904 5894
f 5904 5569 5573
f 5573 5569 5568
f 5234 5229 4909
f 5234 4909 4913
f 5234 4913 4917
f 4917 4913 4916
f 4598 4917 4916
f 4916 4913 4597
f 4597 4913 4593
f 4598 4916 4597
f 4593 4913 4594
f 4593 4225 4597
f 4227 4597 4225
f 4589 4594 4913
f 4913 4909 4589
f 4594 4589 4593
f 4589 4909 4910
f 4589 4910 4590
f 4223 4589 4590
f 4222 4589 4223
f 4223 4590 4578
f 4212 4223 4578
f 4578 4579 4212
f 4212 4579 4213
f 4580 4214 4579
f 4213 4579 4214
f 4212 4213 3819
f 4223 4212 3830
f 4222 4223 3829
f 3829 4223 3830
f 4222 3829 3833
f 4222 3833 3832
f 4225 4222 3832
f 4222 4225 4589
f 4589 4225 4593
f 4225 3835 4227
f 3835 4225 3832
f 3835 3836 4227
f 3836 3835 3459
f 3459 3835 3833
f 3457 3459 3833
f 3459 3049 3052
f 3459 3052 3461
f 3049 3050 3053
f 3050 3049 2615
f 3049 3046 3050
f 2615 3050 3046
f 3046 3047 2612
f 3046 2612 2615
f 3044 2608 2612
f 3044 2612 3046
f 3044 3046 3043
f 3043 3046 3457
f 3457 3046 3049
f 3457 3049 3459
f 3832 3833 3835
f 3457 3833 3829
f 3457 3829 3454
f 3457 3454 3043
f 3454 3455 3044
f 3455 3444 3033
f 3455 3033 3044
f 3044 3043 3454
f 3044 3033 3034
f 3033 3444 3445
f 3033 3445 3034
f 3445 3444 3820
f 3820 3444 3819
f 3444 3455 3819
f 3455 3830 3819
f 4212 3819 3830
f 3829 3830 3455
f 3829 3455 3454
f 4590 4910 4898
f 4590 4898 4578
f 4578 4898 4899
f 4578 4899 4579
f 4900 4579 4899
f 4580 4579 4900
f 5221 4900 5220
f 4900 5221 4901
f 4580 4581 4214
f 4580 4900 4901
f 4580 4901 4581
f 4214 4581 4215
f 3822 4215 4216
f 4216 4215 4581
f 4582 4216 4581
f 3823 4216 3824
f 4216 4217 3824
f 3825 3824 4218
f 4217 4218 3824
f 4219 4218 4584
f 4219 4584 4585
f 4586 4585 4905
f 4586 4905 4906
f 4585 4586 4219
f 4219 4586 4220
f 4203 4220 4586
f 4203 4586 4570
f 4203 4570 4571
f 4570 4586 4906
f 4571 4570 4890
f 4571 4890 4891
f 4571 4204 4203
f 3827 4203 3810
f 4203 3827 4220
f 3810 4203 3811
f 3811 4203 4204
f 3810 3811 3435
f 3435 3811 3436
f 3810 3435 3452
f 3810 3452 3827
f 3827 3826 4220
f 4220 3826 4219
f 4219 3826 3825
f 4219 3825 4218
f 3824 3825 3449
f 3449 3825 3450
f 3450 3825 3826
f 3450 3826 3451
f 3451 3826 3827
f 3451 3827 3452
f 3040 3451 3452
f 3435 3436 3025
f 3436 3811 3812
f 3437 3436 3812
f 3436 3437 3025
f 3026 3025 3437
f 3438 3437 3813
f 3813 3437 3812
f 3813 3812 4206
f 4205 4206 3812
f 4206 4205 4573
f 4573 4205 4572
f 4572 4205 4204
f 4572 4204 4571
f 4572 4892 4893
f 4891 4572 4571
f 4892 4572 4891
f 4890 4570 4906
f 4904 4905 4585
f 4904 4585 4584
f 4584 4218 4217
f 4584 4217 4583
f 4583 4216 4582
f 4216 4583 4217
f 4583 4582 4902
f 4583 4902 4903
f 4583 4903 4584
f 4903 4904 4584
f 4904 4903 5224
f 5224 4903 5223
f 4902 5223 4903
f 5223 4902 5222
f 5223 5222 5553
f 5553 5222 5552
f 4902 4582 4581
f 4902 4581 4901
f 4902 4901 5221
f 4902 5221 5222
f 5221 5552 5222
f 5552 5221 5551
f 5552 5551 5877
f 5551 5876 5877
f 5553 5552 5878
f 5878 5552 5877
f 5888 5877 5887
f 5877 5888 6232
f 5888 5887 6232
f 6232 5887 6231
f 5877 6232 5878
f 5878 6232 6233
f 5878 6233 6229
f 5878 6229 6230
f 5878 6230 5879
f 6229 6233 6234
f 6229 6234 6230
f 6238 6233 6232
f 6232 6237 6238
f 6237 6232 6236
f 6232 6231 6236
f 6231 5887 6236
f 6236 5887 5896
f 5896 5887 5886
f 5886 5895 5896
f 5895 5886 5885
f 5894 5895 5885
f 5895 5905 5906
f 5895 5906 5896
f 6236 5896 6237
f 6237 5896 5897
f 6238 6239 6233
f 6239 6238 5899
f 6234 6239 6235
f 6235 6239 5900
f 5900 6239 5899
f 6235 5900 5889
f 5890 5901 5902
f 5901 5890 5900
f 5900 5890 5889
f 5881 5890 5882
f 5882 5890 5891
f 5891 5903 5892
f 5893 5892 5565
f 5892 5893 5883
f 5564 5565 5892
f 5565 5564 5571
f 5564 5892 5570
f 5564 5570 5571
f 5570 5892 5903
f 5902 5903 5891
f 5903 5902 5570
f 5902 5891 5890
f 5901 5911 5902
f 5912 5902 5911
f 5912 5911 5921
f 5912 5921 5575
f 5575 5921 5581
f 5920 5921 5911
f 5581 5921 5587
f 5921 5920 5930
f 5921 5930 5587
f 5581 5582 5575
f 5575 5582 5576
f 5575 5576 5912
f 5902 5912 5570
f 5570 5912 5576
f 5570 5576 5571
f 5571 5577 5578
f 5571 5578 5572
f 5565 5571 5566
f 5566 5571 5572
f 5237 5567 5566
f 5237 5566 5572
f 5232 5567 5237
f 5237 5572 5236
f 5227 5232 5233
f 5561 5232 5227
f 5567 5232 5561
f 5566 5567 5560
f 5560 5567 5561
f 5228 5227 5233
f 5228 5218 5227
f 5227 5218 5217
f 5218 4896 5217
f 5217 4896 4895
f 5216 5217 4894
f 4894 5217 4895
f 5216 4894 4893
f 5216 4893 5215
f 4894 4574 4893
f 4893 4574 4573
f 4572 4893 4573
f 4206 4573 4207
f 4207 4573 4574
f 4207 4574 4575
f 4574 4894 4895
f 4574 4895 4575
f 5234 4917 5239
f 4598 4917 4597
f 4598 4597 4228
f 4598 4228 4230
f 4227 4228 4597
f 4230 4228 3838
f 4228 4227 3836
f 4228 3836 3838
f 3836 3459 3461
f 3836 3461 3838
f 3053 3052 3049
f 3052 3055 3461
f 3052 3053 3056
f 3055 3052 3056
f 3461 3055 3463
f 3055 3056 3463
f 3053 3050 2615
f 2618 3053 2615
f 2615 2612 2616
f 2616 2612 2613
f 2148 2616 2613
f 2143 2613 2612
f 2148 2613 2143
f 2615 2616 2619
f 2618 2615 2619
f 2622 2618 2623
f 2623 2618 2619
f 2618 2622 3053
f 3053 2622 3056
f 3056 2622 2626
f 3056 2626 3059
f 2627 2626 2622
f 2627 2622 2623
f 3463 3056 3464
f 3056 3059 3468
f 3056 3468 3464
f 3468 3059 3062
f 3468 3062 3471
f 3467 3468 3471
f 3471 3847 3846
f 3471 3846 3467
f 3467 3846 3843
f 3468 3467 3464
f 3464 3467 3463
f 3463 3467 3843
f 3840 3463 3843
f 5896 5906 5907
f 5896 5907 5897
f 6237 5897 5898
f 6237 5898 6238
f 5897 5907 5898
f 5898 5907 5908
f 6238 5898 5899
f 5898 5908 5909
f 5899 5898 5909
f 5899 5909 5910
f 5899 5910 5900
f 5910 5909 5919
f 5910 5919 5911
f 5920 5911 5919
f 5920 5929 5930
f 5918 5919 5909
f 5919 5918 5927
f 5928 5919 5927
f 5919 5928 5920
f 5920 5928 5929
f 5587 5930 5929
f 5593 5587 5929
f 5593 5929 5938
f 5929 5928 5938
f 5938 5928 5937
f 5938 5945 5598
f 5593 5938 5599
f 5599 5938 5598
f 5945 5938 5944
f 5944 5938 5937
f 5598 5945 5599
f 5600 5261 5256
f 5599 5600 5594
f 5594 5600 5256
f 5257 5251 5589
f 5251 5257 5252
f 5589 5251 5252
f 5589 5252 5590
f 5590 5252 5246
f 5590 5246 5584
f 5589 5590 5583
f 5583 5590 5584
f 5589 5583 5588
f 5589 5588 5594
f 5589 5594 5257
f 5257 5594 5256
f 5599 5594 5593
f 5587 5593 5588
f 5587 5588 5581
f 5581 5588 5582
f 5594 5588 5593
f 4214 4215 3821
f 4215 3822 3821
f 4214 3821 3820
f 4214 3820 4213
f 3446 3821 3447
f 3447 3821 3822
f 3822 4216 3823
f 3823 3824 3448
f 3824 3449 3448
f 3038 3449 3450
f 3449 3038 3037
f 3449 3037 3448
f 3037 3038 2602
f 2602 2601 3037
f 2133 2601 2602
f 2133 2602 2134
f 2133 2132 2601
f 2132 2600 2601
f 2601 2600 3037
f 2600 3036 3037
f 3036 2600 3035
f 3035 2600 2599
f 3036 3447 3448
f 3036 3448 3037
f 3820 3819 4213
f 3820 3821 3445
f 3445 3821 3446
f 3034 3445 3446
f 3034 3446 3035
f 3035 3446 3447
f 3035 3447 3036
f 3447 3822 3823
f 3447 3823 3448
f 5223 5553 5554
f 5223 5554 5224
f 5224 5554 5555
f 5555 5554 5879
f 5555 5879 5880
f 5555 5556 5225
f 5226 5225 5556
f 5555 5225 5224
f 4904 5224 5225
f 4904 5225 4905
f 5225 5226 4905
f 4905 5226 4906
f 4906 5226 4890
f 4890 5226 5212
f 5212 5226 5556
f 5212 5556 5213
f 5556 5545 5213
f 5212 5213 4891
f 5213 5545 5546
f 4891 4890 5212
f 4891 5213 5214
f 5214 5213 5546
f 5215 5214 5546
f 5215 5546 5547
f 5214 4892 4891
f 4893 4892 5215
f 5215 4892 5214
f 5215 5547 5216
f 5547 5546 5559
f 5546 5558 5559
f 5559 5558 5883
f 5546 5545 5557
f 5546 5557 5558
f 5557 5545 5556
f 5558 5557 5882
f 5883 5558 5882
f 5884 5883 5893
f 5892 5883 5882
f 5892 5882 5891
f 5882 5557 5556
f 5882 5556 5881
f 5881 5556 5880
f 5880 5556 5555
f 5890 5881 5889
f 5889 5881 5880
f 5889 5880 6235
f 5880 6230 6235
f 6234 6235 6230
f 5879 6230 5880
f 5879 5554 5553
f 5879 5553 5878
f 5907 5906 5916
f 5916 5917 5907
f 5908 5907 5917
f 5918 5909 5908
f 5918 5908 5917
f 5918 5917 5926
f 5918 5926 5927
f 5936 5926 5935
f 5927 5926 5936
f 5937 5936 5944
f 5944 5936 5943
f 5936 5937 5927
f 5927 5937 5928
f 5918 5927 5928
f 6239 6234 6233
f 5245 5240 5239
f 5245 5239 5244
f 4920 5239 4917
f 5239 4920 5244
f 4601 4920 4917
f 4601 4917 4598
f 4601 4598 4230
f 4601 4230 4233
f 4601 4604 4920
f 4604 4601 4233
f 4920 4604 4924
f 4927 4924 4604
f 4927 4604 4607
f 4920 4924 5249
f 4920 5249 5244
f 5244 5249 5245
f 5245 5250 5585
f 5250 5245 5249
f 5250 5249 5255
f 5254 5249 4924
f 4924 4927 5254
f 5249 5254 5255
f 5255 5254 4927
f 4927 4607 4610
f 4932 4927 4610
f 4610 4607 4236
f 4239 4610 4236
f 4236 4607 4604
f 4236 4604 4233
f 4233 4230 3838
f 3838 3461 3463
f 3838 3463 3840
f 3838 3840 4233
f 4236 4233 3843
f 3843 4233 3840
f 4236 3843 4239
f 4239 3843 3846
f 4239 3846 4240
f 3846 3847 4240
f 4240 3847 3851
f 4240 3851 4239
f 3847 3471 3851
f 3851 3471 3476
f 3851 3476 3480
f 3851 3480 3855
f 3855 3858 4248
f 4248 3858 4250
f 3851 3855 4248
f 3851 4248 4244
f 3851 4244 4239
f 4610 4239 4244
f 4610 4244 4614
f 4244 4248 4614
f 4614 4248 4617
f 4614 4617 4936
f 4617 4939 4936
f 4617 4248 4250
f 4617 4250 4620
f 4620 4250 4253
f 4250 3858 3861
f 4250 3861 4253
f 4253 3861 3864
f 3864 4255 4253
f 4253 4255 4625
f 4253 4625 4623
f 5586 5580 5579
f 5586 5579 5585
f 5923 5922 5931
f 5923 5931 5932
f 5586 5592 5922
f 5931 5922 5592
f 5931 5592 5932
f 5932 5939 5940
f 5941 5940 5949
f 5940 5948 5949
f 5948 5940 5939
f 6240 5949 5948
f 5958 5948 5957
f 5947 5957 5948
f 5957 5947 5602
f 5957 5602 5608
f 5608 5602 5601
f 5608 5601 5607
f 5947 5948 5939
f 5947 5939 5602
f 5939 5597 5602
f 5597 5939 5932
f 5597 5932 5596
f 5596 5932 5592
f 5592 5586 5585
f 5591 5592 5585
f 5591 5585 5250
f 5250 5255 5591
f 5255 4927 4928
f 5255 4928 5259
f 4928 4927 4933
f 5259 4928 4933
f 5259 4933 4936
f 5263 5259 4936
f 4933 4932 4610
f 4933 4610 4614
f 4933 4614 4936
f 4932 4933 4927
f 4936 4939 5263
f 5263 4939 5268
f 5268 5264 5263
f 5264 5268 5269
f 5607 5269 5268
f 5264 5269 5607
f 5601 5264 5607
f 5263 5264 5601
f 5263 5601 5259
f 5260 5259 5601
f 5595 5259 5260
f 5260 5601 5596
f 5596 5595 5260
f 5597 5596 5602
f 5596 5601 5602
f 5259 5595 5255
f 5255 5595 5591
f 5591 5595 5592
f 5592 5595 5596
f 5606 5607 5268
f 5616 5613 5277
f 5277 5613 5273
f 5273 5613 5612
f 5273 5612 5272
f 5612 5613 5607
f 5612 5607 5606
f 5612 5606 5272
f 5272 5606 5268
f 5272 5268 4939
f 5272 4939 4942
f 4620 4942 4617
f 4942 4939 4617
f 3476 3471 3069
f 3476 3069 3070
f 3471 3062 3069
f 3069 3062 3063
f 3070 3069 3063
f 3063 3062 3059
f 3063 2627 2632
f 3070 3477 3476
f 3070 3075 3481
f 3070 3481 3477
f 3477 3481 3480
f 3477 3480 3476
f 3855 3480 3484
f 3855 3484 3858
f 3858 3484 3489
f 3858 3489 3861
f 3484 3480 3079
f 3079 3480 3074
f 3079 3074 3080
f 3480 3481 3075
f 3074 3480 3075
f 3074 3075 3080
f 2651 3080 2646
f 2646 3080 3075
f 2651 2646 2652
f 2651 2652 2659
f 2659 2652 2205
f 2659 2205 2212
f 2659 2212 2213
f 2659 2666 2658
f 2666 2659 2667
f 2667 2659 2221
f 2221 2659 2213
f 2213 2212 2206
f 2214 2221 2213
f 1766 2214 1765
f 1768 1767 1762
f 1763 1768 1762
f 1769 1768 1763
f 1764 1769 1763
f 1770 1769 2215
f 2215 1769 1764
f 2215 1764 2209
f 2209 1764 2208
f 2215 2209 2216
f 2210 2216 2209
f 2216 2210 2211
f 2216 2211 2217
f 2217 2211 2660
f 2211 2210 2654
f 2660 2211 2654
f 2654 2210 2653
f 2656 2655 3081
f 2656 3081 3082
f 3487 3083 3082
f 3487 3082 3486
f 3082 3081 3486
f 3081 3485 3486
f 3485 3081 3482
f 3486 3483 3082
f 3082 3483 3078
f 3078 3483 3486
f 3082 3078 3486
f 5944 5943 5952
f 6244 6243 6249
f 6244 6249 6250
f 6243 6244 5953
f 6243 5953 5952
f 5952 5953 5944
f 5953 5945 5944
f 5598 5945 5946
f 5598 5946 5599
f 5946 5945 5954
f 5954 5945 5953
f 5946 5954 5599
f 5599 5954 5603
f 5599 5603 5600
f 5600 5603 5604
f 5604 5603 5954
f 5600 5604 5261
f 5265 5261 5604
f 5265 5604 5266
f 5266 5604 5605
f 5261 5265 5266
f 5261 5266 5262
f 5256 5261 5257
f 5257 5261 5262
f 5257 5262 4934
f 5258 5257 4929
f 5258 4929 4930
f 4929 5257 4934
f 4935 4930 4929
f 4935 4929 4934
f 4612 4935 4934
f 4612 4934 4611
f 4242 4612 4611
f 4242 4611 4241
f 4242 4241 4245
f 4245 4241 4246
f 3848 4242 4245
f 3852 3848 4245
f 3852 4245 3853
f 3853 4245 4246
f 4246 4241 4615
f 4615 4241 4611
f 4615 4611 4612
f 4611 4934 4938
f 4611 4938 4615
f 4937 4938 4934
f 4938 4937 5266
f 5267 4938 5266
f 4938 5267 5271
f 4938 5271 4940
f 5267 5266 5271
f 5605 5610 5270
f 5605 5270 5266
f 5266 5270 5271
f 5271 5270 5610
f 5271 5610 5611
f 5271 5611 5274
f 5611 5610 5615
f 5611 5615 5274
f 5615 5610 5614
f 4943 5271 5274
f 4615 4938 4940
f 4615 4940 4618
f 4615 4616 4246
f 4246 4247 3853
f 4247 4246 4616
f 4247 4616 4249
f 4249 4616 4619
f 4619 4616 4615
f 4619 4615 4618
f 4619 4618 4941
f 4941 4618 4940
f 4621 4619 4941
f 4621 4941 4944
f 4941 4940 4944
f 5271 4943 4940
f 4940 4943 4944
f 4943 5274 4944
f 5274 5275 4944
f 4621 4251 4249
f 4621 4249 4619
f 4249 4251 3857
f 3857 4251 3859
f 4249 3857 4247
f 4247 3857 3854
f 4247 3854 3853
f 3853 3854 3857
f 3857 3856 3853
f 3856 3857 3483
f 3482 3856 3483
f 3857 3859 3483
f 3483 3859 3486
f 3482 3483 3486
f 3482 3486 3485
f 3856 3482 3853
f 3482 3479 3853
f 3853 3479 3478
f 6256 6257 6249
f 6250 6249 6257
f 5967 5614 5966
f 5961 5966 5614
f 5961 5614 5610
f 5961 5610 5609
f 5961 5609 5604
f 5961 5604 5955
f 5609 5610 5604
f 5604 5610 5605
f 5954 5955 5604
f 5955 5954 5961
f 5961 5954 5960
f 5960 5954 5959
f 5959 5954 5953
f 5953 6244 6250
f 5953 6250 5959
f 5960 5959 6250
f 5960 6250 6251
f 6250 6257 6258
f 6251 6250 6258
f 6251 6258 5960
f 6258 5965 5960
f 5961 5960 5966
f 5960 5965 5966
f 5911 5900 5910
f 5900 5911 5901
f 5559 5883 5884
f 5559 5884 5893
f 5559 5893 5565
f 5559 5565 5566
f 5559 5566 5560
f 5559 5560 5548
f 5559 5548 5547
f 5216 5547 5548
f 5548 5560 5561
f 5548 5561 5216
f 5216 5561 5227
f 5216 5227 5217
f 5577 5571 5576
f 5577 5576 5583
f 5583 5576 5582
f 5577 5583 5578
f 5578 5583 5584
f 5578 5584 5246
f 5578 5246 5241
f 5578 5241 5236
f 5578 5236 5572
f 5236 5241 5242
f 5236 5242 5237
f 3811 4204 4205
f 3812 3811 4205
f 4206 4207 3813
f 3813 4207 3814
f 3438 3813 3814
f 3437 3438 3026
f 3026 3438 3027
f 3027 2591 3026
f 3027 3438 3028
f 3438 3439 3028
f 3439 3438 3814
f 3439 3814 3815
f 3815 3440 3439
f 3028 3439 3440
f 3440 3029 3028
f 3816 3441 3440
f 3440 3815 3816
f 3815 3814 4207
f 3815 4207 4208
f 4208 4207 4575
f 4575 4895 4896
f 4575 4896 4576
f 4576 4896 4577
f 4576 4577 4210
f 4576 4210 4209
f 4576 4209 4575
f 4575 4209 4208
f 3815 4208 3816
f 3816 4208 4209
f 4209 4210 3816
f 3817 3816 4210
f 3816 3817 3441
f 3441 3817 3442
f 3441 3030 3440
f 3440 3030 3029
f 3442 3031 3441
f 3441 3031 3030
f 3030 3031 2594
f 3031 2595 2594
f 3032 3031 3443
f 3443 3031 3442
f 3442 3817 3443
f 3443 3817 3818
f 3032 3443 3042
f 3443 3453 3042
f 3042 2607 3032
f 3032 2607 2596
f 3032 2596 3031
f 3031 2596 2595
f 2595 2596 2607
f 2595 2607 2606
f 2595 2129 2594
f 2129 2128 2594
f 2129 2595 2138
f 2595 2606 2138
f 2606 2607 2138
f 2138 2607 2141
f 2141 2607 2611
f 2611 2607 3045
f 3045 2607 3042
f 2611 2142 2141
f 2142 2611 2610
f 2142 2610 2141
f 2141 2610 2146
f 2610 2611 2614
f 2610 2614 2146
f 2611 3045 2614
f 2146 2614 2147
f 2147 2614 2617
f 2146 2147 2151
f 2147 2617 2152
f 2147 2152 2151
f 1712 2141 2146
f 1719 1712 2146
f 1712 1719 1718
f 1712 1718 1711
f 1711 1718 1411
f 1411 1718 1420
f 1718 1421 1420
f 1421 1718 1725
f 1421 1725 1428
f 1725 1429 1428
f 1436 1428 1733
f 1733 1428 1725
f 1725 1734 1733
f 1436 1435 1428
f 1428 1435 1427
f 1428 1427 1419
f 1428 1419 1420
f 1426 1427 1435
f 1435 1434 1426
f 1427 1426 1418
f 1427 1418 1419
f 1426 1434 1433
f 1426 1433 1425
f 1433 1432 1424
f 1433 1424 1425
f 1433 1439 1432
f 1432 1431 1423
f 1432 1423 1424
f 1438 1432 1439
f 1741 1438 1742
f 1438 1741 1740
f 1750 1740 1741
f 1741 1751 1750
f 1752 1751 1741
f 1741 1742 1752
f 2172 1750 1751
f 2173 2172 1751
f 2187 2186 2174
f 2188 2187 2174
f 2188 2174 2175
f 2175 2174 1752
f 1752 2174 2173
f 2173 2174 2186
f 1752 2173 1751
f 1752 1753 2175
f 1753 1752 1742
f 1743 1753 1742
f 2175 1753 2176
f 2176 1753 1754
f 2188 2189 2637
f 2189 2638 2637
f 2176 2188 2175
f 2188 2176 2189
f 2189 2176 2638
f 2638 2176 2629
f 2639 2638 2629
f 2629 2176 2177
f 2629 2177 2630
f 2630 2177 2178
f 2164 2178 2177
f 2164 2177 2163
f 2178 2164 2630
f 2630 2164 2624
f 2630 2624 2625
f 2630 2625 2631
f 2625 2624 2164
f 2625 2164 2165
f 2625 2165 2620
f 2165 2164 2158
f 2165 2158 2620
f 2164 2157 2158
f 1734 2157 2164
f 1734 2164 1746
f 1734 1746 1733
f 1733 1746 1745
f 1745 1746 2164
f 2164 2163 1745
f 1745 2163 1744
f 1744 2163 2177
f 1744 2177 1754
f 2177 2176 1754
f 1754 1753 1744
f 1744 1753 1743
f 1435 1441 1440
f 1440 1441 1744
f 1435 1440 1434
f 1744 1441 1435
f 1744 1435 1436
f 1744 1436 1745
f 1745 1436 1733
f 4896 5218 5228
f 4896 5228 4907
f 4907 5228 4908
f 5228 5233 4912
f 5228 4912 4908
f 4907 4908 4896
f 4896 4908 4897
f 4896 4897 4577
f 4577 4897 4587
f 4587 4897 4908
f 4587 4588 4577
f 4210 4577 4211
f 4211 4577 4588
f 4211 4588 4221
f 4211 4221 3828
f 4591 4587 4908
f 4908 4912 4591
f 5233 4911 4912
f 5233 5232 5237
f 5233 5237 5238
f 5237 5242 5243
f 5238 5237 5243
f 5243 5242 5247
f 4918 5243 4922
f 4922 5243 5248
f 5248 5243 5247
f 5248 5247 4922
f 4922 5247 4921
f 4922 4921 4926
f 5242 5241 5246
f 5242 5246 5247
f 5246 5252 5247
f 5247 5252 5253
f 4921 5247 5253
f 4921 5253 4925
f 4921 4925 4926
f 4925 5253 5252
f 5253 5252 5258
f 4925 5253 4931
f 4931 5253 5258
f 4931 5258 4930
f 4918 4922 4923
f 4918 4923 4919
f 4923 4922 4603
f 4919 4923 4603
f 4919 4603 4599
f 4603 4922 4602
f 4602 4922 4605
f 4605 4922 4926
f 4603 4602 4606
f 4606 4602 4605
f 4605 4926 4609
f 4926 4925 4931
f 4926 4931 4609
f 4609 4931 4608
f 4609 4608 4238
f 4238 4608 4237
f 4238 4237 4243
f 3844 4238 3849
f 3844 3849 3850
f 3849 4238 4243
f 3849 4243 3848
f 3848 4243 4242
f 4243 4237 4608
f 4613 4243 4608
f 4242 4243 4612
f 4612 4243 4613
f 4612 4608 4935
f 4612 4613 4608
f 4930 4935 4608
f 4931 4930 4608
f 5257 5258 5252
f 4587 4591 4592
f 4587 4592 4588
f 4221 4588 4592
f 4592 4224 4221
f 3828 4221 3831
f 3831 4221 4224
f 3828 3831 3453
f 3453 3443 3828
f 3042 3453 3456
f 3045 3042 3456
f 3458 3456 3831
f 3458 3831 3834
f 3456 3458 3048
f 3456 3048 3045
f 3831 3456 3453
f 3831 4224 3834
f 3834 4224 4226
f 4226 4229 3834
f 3837 3834 4229
f 3460 3837 3462
f 3837 3839 3462
f 3837 3460 3834
f 3834 3460 3458
f 3458 3460 3048
f 3054 3051 3460
f 3054 3460 3462
f 3054 3462 3058
f 3058 3466 3465
f 3057 3058 3465
f 3462 3466 3058
f 3839 3466 3462
f 3465 3466 3842
f 3842 3466 3839
f 3465 3842 3841
f 4232 3839 4229
f 4229 3839 3837
f 3839 4232 3841
f 4232 4231 4235
f 4232 4235 3841
f 3839 3841 3842
f 3470 3841 3845
f 3465 3841 3470
f 3057 3465 3061
f 3061 3465 3470
f 3060 3061 3470
f 3060 3470 3469
f 3068 3060 3469
f 3068 3469 3475
f 3068 3475 3067
f 3067 3475 3474
f 3470 3845 3469
f 3844 3469 3845
f 3844 3845 4238
f 4238 3845 3841
f 3844 3850 3475
f 3844 3475 3469
f 3475 3850 3849
f 3474 3475 3849
f 3474 3849 3848
f 3473 3474 3848
f 3473 3848 3852
f 3473 3852 3478
f 3478 3072 3065
f 3478 3065 3472
f 3478 3472 3473
f 3473 3472 3479
f 3473 3479 3066
f 3474 3473 3067
f 3067 3473 3066
f 3066 3479 3073
f 3066 3073 3065
f 3065 3073 3479
f 3065 3479 3472
f 3066 3065 2637
f 3066 2637 2638
f 2638 2639 3066
f 3066 2639 3067
f 2639 2629 3067
f 3067 2629 3068
f 3068 2629 3060
f 3060 2629 2630
f 3060 2630 3061
f 3061 2630 2631
f 3061 2631 2625
f 3057 3061 2625
f 3058 3057 2625
f 3058 2625 2621
f 3054 3058 2621
f 3051 3054 2617
f 3054 2621 2617
f 2620 2621 2625
f 2621 2620 2158
f 3048 2614 3045
f 2614 3048 3051
f 2614 3051 2617
f 3051 3048 3460
f 4914 5238 5243
f 4914 5243 4918
f 4914 4918 4915
f 4918 4919 4915
f 4595 4919 4599
f 4600 4229 4596
f 4596 4229 4226
f 4599 4600 4595
f 4600 4596 4595
f 4595 4596 4592
f 4595 4592 4591
f 4592 4596 4226
f 4224 4592 4226
f 4591 4912 4915
f 4591 4915 4595
f 4595 4915 4919
f 4914 4915 4912
f 4911 4914 4912
f 5238 4914 4911
f 5238 4911 5233
f 3817 4210 3818
f 3818 4210 4211
f 3818 4211 3828
f 3443 3818 3828
f 5583 5582 5588
f 5262 5266 4934
f 5266 4937 4934
f 3853 3478 3852
f 4599 4603 4600
f 4229 4600 4232
f 4232 4600 4603
f 4231 4232 4603
f 4603 4606 4235
f 4603 4235 4231
f 4235 4606 4234
f 4606 4605 4234
f 4234 4605 4238
f 4238 4605 4609
f 4234 4238 4235
f 4235 4238 3841
f 5621 5617 5616
f 5621 5616 5620
f 5617 5621 5968
f 5968 5621 5973
f 5621 5620 5973
f 5978 5973 5625
f 5973 5621 5625
f 5625 5621 5620
f 5625 5620 5624
f 5281 5624 5620
f 5624 5281 5285
f 4952 5285 4951
f 4952 4951 4954
f 5284 5285 5281
f 5285 5284 4951
f 4951 5284 5281
f 4948 4951 5281
f 5620 5616 5277
f 5620 5277 5281
f 4949 5281 4948
f 5281 5280 4948
f 4255 3864 4257
f 4257 3864 3867
f 3493 3864 3494
f 3088 3092 3494
f 3494 3092 3497
f 3493 3494 3497
f 3493 3497 3496
f 3864 3493 3867
f 3493 3496 3867
f 3870 3867 3871
f 3871 3867 3497
f 3497 3867 3496
f 3871 3497 3501
f 3088 2666 2665
f 2666 3088 3089
f 2665 2666 2671
f 2665 2671 3088
f 2666 2672 2671
f 3092 3088 2671
f 3092 2671 2672
f 3092 2672 3097
f 3097 2672 2676
f 3096 3092 3097
f 3497 3092 3501
f 3501 3092 3096
f 3097 3102 3096
f 3097 2676 3102
f 2680 2676 2681
f 2676 2680 3102
f 2681 2687 3105
f 2681 3105 3102
f 2681 3102 2680
f 3102 3101 3096
f 3096 3101 3504
f 3096 3504 3501
f 3501 3504 3871
f 3867 3870 4257
f 4259 4257 3870
f 4255 4257 4625
f 4625 4257 4627
f 4948 4625 4627
f 4948 4627 4951
f 4954 4951 4629
f 4951 4627 4629
f 4259 4629 4627
f 4627 4257 4259
f 4259 3870 3871
f 4259 3871 4260
f 4260 3871 3873
f 3873 3871 3504
f 3484 3079 3489
f 3079 3080 3085
f 3079 3085 3489
f 3080 2651 3085
f 3085 2651 2658
f 2658 2651 2659
f 3085 2658 3088
f 3088 2658 2666
f 3088 3494 3085
f 3085 3494 3490
f 3490 3494 3489
f 3493 3864 3861
f 3494 3493 3490
f 3493 3861 3489
f 3490 3493 3489
f 3490 3489 3085
f 6272 6262 6271
f 6263 6262 6272
f 6543 6272 6546
f 6543 6546 6547
f 6543 6547 6273
f 6273 6547 6544
f 6272 6543 6273
f 6263 6272 6264
f 6264 6272 6273
f 6265 6264 6274
f 6264 6273 6274
f 6274 6544 6545
f 6274 6273 6544
f 6016 5652 6015
f 6015 5652 5651
f 5647 5304 5653
f 5653 5304 5307
f 5306 4970 5310
f 4972 5310 4970
f 4972 4970 4647
f 4970 4645 4647
f 4645 4277 4280
f 4645 4280 4647
f 4280 4282 4647
f 4649 4647 4282
f 4653 4649 4285
f 4285 4649 4282
f 4649 4976 4647
f 4976 4972 4647
f 4652 4649 4653
f 4976 4649 4652
f 4976 4652 4981
f 4976 4981 4975
f 5316 4976 4975
f 4972 4976 5316
f 4972 5316 5310
f 5315 5316 4975
f 5310 5316 5309
f 5306 5310 5659
f 5306 5659 5660
f 5306 5660 5653
f 5660 5659 5652
f 5660 5652 5653
f 5652 5659 5658
f 5652 5658 5651
f 5658 5659 5310
f 5309 5658 5310
f 5651 5658 6022
f 5651 6022 6015
f 6022 5658 6021
f 6021 5658 5657
f 5664 5657 5658
f 5314 5664 5658
f 5658 5309 5314
f 5315 5314 5309
f 5315 5309 5316
f 5315 4975 4974
f 5315 4974 5314
f 4980 4981 4652
f 4980 4652 4651
f 4980 5314 4974
f 4980 4974 4981
f 4974 4975 4981
f 4987 4984 4985
f 4663 4985 4657
f 4985 4663 4987
f 4987 4663 4662
f 4995 4987 4662
f 5328 4987 5335
f 5335 4987 4995
f 4670 4994 4995
f 4670 4671 4301
f 4671 4672 4302
f 4671 4995 4662
f 4995 4671 4670
f 4662 4663 4671
f 4671 4663 4672
f 4302 4672 4663
f 4302 4663 4292
f 3910 4302 3903
f 4302 4292 3903
f 4657 4292 4663
f 4292 4657 4287
f 4657 4985 4980
f 4657 4980 4651
f 4657 4651 4652
f 4657 4652 4658
f 4657 4658 4288
f 4657 4288 4287
f 4287 4288 4292
f 4292 4288 4293
f 4293 3904 4292
f 4292 3904 3903
f 4288 4658 4652
f 4653 4285 4652
f 4652 4285 4284
f 4652 4284 4288
f 4284 4285 4288
f 4289 4288 4285
f 4285 4282 3894
f 4285 3894 3897
f 4289 4285 3897
f 4289 3897 3900
f 3535 3897 3531
f 3897 3894 3531
f 3894 3527 3531
f 3531 3527 3528
f 3535 3531 3532
f 3535 3532 3536
f 3532 3531 3528
f 3132 3536 3532
f 3132 3532 3128
f 3125 3128 3532
f 3132 3128 3129
f 3132 3129 3133
f 3132 3133 3139
f 3536 3132 3541
f 3541 3132 3138
f 3137 3138 2725
f 2726 2725 3138
f 2727 2726 3139
f 3139 2726 3138
f 3139 3138 3132
f 4277 4273 3884
f 4277 3884 3887
f 3884 4273 3885
f 4277 3887 4280
f 4280 3887 3890
f 3887 3884 3888
f 3890 3887 3888
f 3891 3890 3888
f 3890 3891 3524
f 3891 3888 3521
f 3891 3521 3524
f 3521 3888 3518
f 3524 3521 3119
f 3890 3524 3527
f 3527 3524 3528
f 3894 3890 3527
f 3528 3524 3125
f 3125 3524 3122
f 3528 3125 3532
f 3894 4282 4280
f 3894 4280 3890
f 5614 5967 5615
f 5615 5967 5618
f 5275 5274 5615
f 4621 4944 4622
f 4622 4944 4947
f 4947 4944 4946
f 4624 4622 4947
f 4947 4946 5278
f 5278 4946 4944
f 5278 4944 5275
f 5618 5275 5615
f 5278 5275 5619
f 5619 5275 5618
f 5618 5972 5976
f 5618 5976 5622
f 5622 5976 5623
f 5976 5977 5623
f 5622 5623 5619
f 5622 5619 5618
f 5619 5623 5282
f 5619 5282 5278
f 5278 5282 5283
f 5278 5279 4947
f 5279 5278 4950
f 4950 5278 5283
f 4947 5279 4950
f 4950 4626 4947
f 4624 4947 4626
f 4624 4626 4256
f 4624 4256 4254
f 4624 4254 4252
f 4624 4252 4622
f 4622 4251 4621
f 4251 4622 4252
f 4251 4252 3859
f 3859 4252 3860
f 3862 3860 4254
f 4254 3860 4252
f 3862 4254 3865
f 3865 4254 4256
f 3865 4256 4258
f 3865 4258 3868
f 4626 4950 4628
f 4628 4950 4953
f 4953 4950 5283
f 4953 5283 5287
f 5287 5283 5282
f 5287 5282 5623
f 5627 5287 5623
f 5627 5623 5977
f 5627 5977 5981
f 5627 5981 5982
f 5986 6294 5987
f 5987 6294 6295
f 5992 5987 6295
f 6304 6295 6294
f 6295 6304 5992
f 6304 6294 6303
f 6304 6311 5992
f 5987 5992 5988
f 5988 5992 5993
f 5987 5988 5981
f 5981 5988 5627
f 5630 5627 5988
f 5627 5626 5981
f 5981 5626 5982
f 5982 5626 5627
f 5630 5988 5634
f 5634 5988 5993
f 5630 5634 5635
f 5634 5993 5635
f 5635 5631 5630
f 5289 5631 5635
f 5289 5635 5292
f 5630 5631 5289
f 5627 5630 5289
f 5289 5287 5627
f 5286 5627 5287
f 5287 5289 5286
f 4631 4628 4953
f 4631 4953 4956
f 4626 4628 4258
f 4626 4258 4256
f 3868 4258 3872
f 4258 4261 3872
f 4261 4258 4628
f 4261 4263 3872
f 4263 3874 3872
f 3872 3874 3503
f 3503 3100 3502
f 3502 3100 3099
f 3506 3104 3503
f 3503 3104 3100
f 3104 3099 3100
f 3099 3104 3103
f 2684 3103 3104
f 2690 2684 2685
f 2684 2689 2253
f 2689 2684 2690
f 2689 2690 2694
f 2694 2690 2695
f 2690 2685 3106
f 2685 3104 3106
f 2685 2684 3104
f 2690 3106 3109
f 2690 3109 2695
f 3106 3104 3506
f 3510 3106 3506
f 3510 3506 3507
f 3510 3507 3511
f 3106 3510 3511
f 3106 3511 3107
f 3107 3511 3514
f 3106 3107 3110
f 3110 3107 3514
f 3516 3517 3513
f 3513 3517 3113
f 3517 3114 3113
f 3513 3113 3109
f 3514 3513 3110
f 3513 3109 3110
f 3110 3109 3106
f 2699 2694 2700
f 2700 2694 2695
f 2695 3109 2700
f 2700 3109 3113
f 2700 3113 3114
f 2703 2700 3117
f 2700 3113 3117
f 3117 3113 3114
f 3118 3117 3114
f 3114 3517 3516
f 3117 3114 3516
f 3516 3519 3117
f 3519 3516 3517
f 3519 3517 3520
f 3516 3513 3514
f 3516 3514 3517
f 3883 3517 3514
f 3883 3514 3881
f 3520 3517 3883
f 3520 3883 3886
f 5635 5993 5998
f 5635 5998 5637
f 5998 5993 5997
f 5997 5993 5992
f 5997 5992 6311
f 5998 5997 6002
f 6002 5997 6001
f 6001 5997 6320
f 6320 5997 6312
f 6320 6312 6311
f 6312 5997 6311
f 3486 3859 3487
f 3859 3860 3487
f 3083 3487 3084
f 3084 3487 3488
f 3488 3487 3492
f 3487 3491 3488
f 3491 3487 3862
f 3862 3487 3860
f 3492 3488 3491
f 3491 3862 3492
f 3492 3495 3091
f 3492 3091 3087
f 3863 3492 3862
f 3492 3863 3495
f 3863 3866 3495
f 3866 3863 3862
f 3500 3495 3499
f 3495 3500 3094
f 3495 3094 3091
f 3094 3500 3499
f 3094 3095 3091
f 2675 3094 2674
f 2674 3094 3093
f 3094 2675 2669
f 3090 3094 2669
f 3094 3090 3095
f 3091 3090 2669
f 3095 3090 3091
f 2670 3091 2669
f 2669 2663 2664
f 2669 2664 2670
f 2670 2664 3087
f 2670 3087 3091
f 3087 2664 2663
f 3087 2663 3086
f 3087 3084 3083
f 3084 3488 3492
f 3084 3492 3087
f 3862 3865 3866
f 3866 3865 3869
f 3869 3865 3868
f 3869 3868 3500
f 3500 3868 3499
f 3495 3866 3869
f 3495 3869 3500
f 3498 3499 3868
f 3498 3868 3503
f 3503 3868 3872
f 3498 3503 3502
f 3093 3498 3502
f 3093 3094 3499
f 3093 3499 3498
f 3099 3093 3502
f 3093 3099 3098
f 3093 3099 2674
f 2673 2674 2679
f 2679 2674 3099
f 2679 3099 3098
f 2679 3098 2683
f 2679 2683 2678
f 2683 2682 2678
f 2682 2244 2236
f 2682 2236 2678
f 2678 2236 2679
f 2679 2236 2237
f 2237 2236 2230
f 2236 2229 2230
f 2229 2236 1786
f 2236 2235 1793
f 2236 1793 1786
f 1793 1785 1786
f 1785 1793 1784
f 1793 1792 1784
f 1793 2235 1792
f 1792 2235 2234
f 2234 2235 2242
f 1783 1791 1782
f 1782 1791 1790
f 1790 1789 1781
f 1790 1781 1782
f 1782 1781 1774
f 1774 1781 1773
f 1767 1773 1772
f 1766 1767 1772
f 1773 1767 1774
f 1767 1768 1774
f 1775 1774 1768
f 1768 1769 1775
f 1769 1770 1775
f 1775 1770 1776
f 1784 1775 1776
f 1775 1784 1783
f 1775 1783 1774
f 1782 1774 1783
f 1791 1783 1792
f 1783 1784 1792
f 1784 1776 1785
f 1776 1777 1785
f 2673 2237 2230
f 2237 2673 2679
f 2673 2230 2674
f 2668 2674 2230
f 2230 2225 2668
f 2230 2229 2225
f 2225 2229 2224
f 2229 1786 2224
f 1786 1778 2224
f 1777 1778 1786
f 1786 1785 1777
f 1778 1777 2224
f 2224 1777 2223
f 1777 1776 1770
f 1777 1770 2216
f 1777 2216 2223
f 2216 1770 2215
f 2224 2223 2216
f 2217 2224 2216
f 2224 2217 2225
f 2225 2217 2218
f 2218 2217 2661
f 2217 2660 2661
f 2661 2660 2654
f 2654 2655 2661
f 2655 2656 2661
f 2662 2661 2656
f 3082 3083 2657
f 3082 2657 2656
f 3083 3084 3086
f 3086 3084 3087
f 3083 3086 2663
f 2657 3083 2663
f 2663 2669 2662
f 2657 2663 2656
f 2656 2663 2662
f 2661 2662 2218
f 2662 2219 2218
f 2218 2661 2225
f 2225 2226 2668
f 2225 2218 2226
f 2219 2226 2218
f 2662 2226 2219
f 2668 2226 2662
f 2662 2669 2668
f 2668 2669 2675
f 2675 2674 2668
f 5287 5289 4953
f 4953 5289 4956
f 4956 5289 5292
f 4959 4956 4958
f 4956 4959 4634
f 4632 4631 4956
f 4632 4956 4634
f 4632 4634 4631
f 4959 4961 4634
f 4958 4956 5292
f 4958 5292 5293
f 4959 4958 5293
f 4961 4959 5293
f 4961 5293 5297
f 4636 4638 4266
f 4268 4638 4271
f 4638 4268 4266
f 4268 3881 4266
f 4266 3881 3878
f 3881 4268 3883
f 3883 4268 4271
f 4271 4275 3883
f 3883 4275 3886
f 3881 3514 3513
f 3878 3881 3877
f 3877 3881 3880
f 3880 3881 3513
f 3877 3880 3513
f 3513 3514 3877
f 3511 3877 3514
f 3877 3511 3878
f 3878 3511 3875
f 3511 3507 3875
f 3874 3875 3503
f 3503 3875 3507
f 3503 3507 3506
f 3877 3878 3875
f 3877 3875 3874
f 4266 3878 3877
f 4266 3877 4263
f 4263 3877 3874
f 4266 4263 4264
f 4266 4264 4634
f 4266 4634 4636
f 4634 4961 4636
f 4634 4264 4263
f 4634 4263 4631
f 4631 4263 4261
f 4631 4261 4628
f 5293 5292 5297
f 5641 6002 5642
f 6002 6006 5645
f 6002 5645 5642
f 5642 5645 5646
f 5646 5645 6006
f 6006 6007 5646
f 3520 3886 3523
f 3519 3520 3522
f 3522 3520 3523
f 3889 3523 3886
f 3886 4275 4278
f 3886 4278 3889
f 4278 4275 4279
f 4278 4279 3889
f 4279 4275 4276
f 4279 4276 4644
f 4279 4644 4646
f 4279 4281 3893
f 4281 4283 3893
f 3893 4283 3896
f 3893 3896 3892
f 3892 3896 3895
f 3893 3892 3889
f 3893 3889 4279
f 3889 3892 3526
f 3889 3526 3523
f 3522 3523 3526
f 3522 3526 3525
f 3522 3525 3124
f 3522 3124 3121
f 3526 3892 3530
f 3892 3895 3530
f 3530 3534 3529
f 3127 3529 3534
f 3534 3533 3131
f 3534 3131 3127
f 3131 3533 3537
f 3533 3534 3538
f 3533 3538 3537
f 3131 3537 3135
f 3135 3537 3542
f 3542 3537 3538
f 3135 3542 3141
f 3542 3538 3543
f 3141 3542 3543
f 3543 3538 3901
f 3534 3898 3901
f 3534 3901 3538
f 3901 3906 3543
f 3906 3549 3543
f 6024 6343 6027
f 6343 6346 6027
f 6027 6346 6347
f 6027 6347 6028
f 6346 6343 6347
f 6347 6343 6586
f 6347 6586 6590
f 6347 6590 6349
f 6028 6347 6349
f 6030 6028 6349
f 5312 5313 5318
f 5312 5318 5317
f 4978 5317 5318
f 4978 5318 4979
f 4978 4979 4983
f 4982 4978 4983
f 4979 5318 5321
f 4979 5321 4983
f 5321 5325 4986
f 5322 5321 5669
f 5325 5321 5322
f 5326 5325 5322
f 4986 5325 5326
f 5326 5329 4989
f 5326 4989 4986
f 4986 4989 4988
f 4996 4989 5329
f 4996 5329 5336
f 5329 5326 5675
f 5675 5326 5672
f 5336 5339 4996
f 4996 5339 4998
f 5339 5336 5340
f 5340 5336 5337
f 5337 5682 5340
f 5340 5682 5684
f 5682 5337 5336
f 5682 5336 5329
f 5682 5329 5676
f 5329 5675 5676
f 5672 5326 5322
f 5672 5322 5669
f 5311 5312 5317
f 4973 5311 4978
f 5311 5317 4978
f 4978 4650 4977
f 4650 4978 4982
f 4982 4655 4650
f 4983 5321 4986
f 4986 4988 4664
f 4986 4664 4661
f 4661 4664 4291
f 4661 4291 4660
f 4664 4296 4295
f 4664 4295 4291
f 4661 4660 4655
f 4655 4982 4983
f 4655 4983 4656
f 4654 4655 4660
f 4654 4660 4659
f 4659 4660 4290
f 4286 4654 4659
f 4286 4659 4290
f 4650 4654 4286
f 4654 4650 4655
f 4977 4650 4973
f 4973 4650 4648
f 4281 4279 4646
f 4648 4281 4646
f 4648 4650 4283
f 4648 4283 4281
f 4650 4286 4283
f 4291 4290 4660
f 4290 4291 4294
f 4294 4291 4295
f 4290 4294 3907
f 4290 3907 3902
f 3906 3907 3912
f 3912 3907 3913
f 3906 3912 3549
f 3549 3912 3913
f 3549 3913 3550
f 3914 3913 3907
f 3914 3907 3908
f 3907 4294 4295
f 3907 4295 3908
f 3908 4295 3914
f 3914 4295 4303
f 3921 3914 4303
f 3921 4303 4312
f 4312 4303 4313
f 4303 4304 4313
f 4304 4303 4295
f 4304 4295 4296
f 4296 4664 4304
f 4664 4673 4304
f 4304 4673 4677
f 4677 4673 4674
f 4677 4674 4678
f 4674 4673 4665
f 4665 4673 4664
f 4664 4988 4989
f 4664 4989 4665
f 4674 4665 4996
f 4665 4989 4996
f 4674 4996 4998
f 4674 4998 4678
f 4677 4313 4304
f 3035 2599 3034
f 3034 2599 2598
f 2131 2599 2600
f 2131 2600 2132
f 2131 2132 1698
f 2131 1698 1707
f 2131 1707 2140
f 1707 1698 1708
f 2131 2140 2139
f 2131 2130 2599
f 2130 2131 2139
f 2599 2130 2598
f 2598 2130 2139
f 2598 2139 2609
f 2609 2139 2608
f 2608 2139 2612
f 2609 2608 2598
f 3034 2598 3033
f 3033 2598 2597
f 2597 2598 2608
f 3033 2597 2608
f 3044 3033 2608
f 2140 1707 2144
f 2140 2144 2139
f 1707 1713 2144
f 1713 1707 1714
f 1714 1707 1708
f 1713 1714 2144
f 1714 1715 1721
f 1714 1721 1720
f 1715 1714 1708
f 1709 1715 1708
f 1699 1698 2132
f 1699 2132 2133
f 1698 1699 1708
f 1708 1699 1709
f 1710 1709 1403
f 1710 1403 1412
f 1403 1404 1413
f 1403 1700 1394
f 1403 1709 1700
f 1709 1699 1700
f 1700 1699 2133
f 2134 1700 2133
f 1700 2134 2135
f 1701 1700 2135
f 1701 2135 1702
f 1702 2135 2136
f 1701 1702 1395
f 1700 1701 1395
f 1700 1395 1394
f 1396 1395 1702
f 1395 1396 1405
f 1395 1405 1404
f 1414 1405 1415
f 1405 1414 1404
f 1413 1414 1717
f 1414 1413 1404
f 1413 1412 1403
f 1412 1413 1716
f 1716 1413 1717
f 1412 1716 1710
f 1710 1716 1709
f 1709 1716 1715
f 1715 1716 1722
f 1721 1715 1722
f 1723 1722 1716
f 1723 1716 1717
f 1723 1717 1724
f 1724 1717 1422
f 1723 1724 1731
f 1730 1723 1731
f 1722 1723 1730
f 1731 1739 1730
f 1749 1739 1750
f 1750 2172 2171
f 1750 2171 1749
f 2186 2172 2173
f 2172 2186 2185
f 2635 2186 2636
f 2636 2186 2187
f 2635 2636 2644
f 2635 2644 2643
f 2644 3071 3072
f 3072 3478 3479
f 3072 3479 3073
f 3073 3479 3077
f 3077 3479 3482
f 3073 3077 3072
f 3072 2645 2644
f 2645 2650 2644
f 2649 2644 2650
f 2186 2635 2643
f 2643 2196 2186
f 2186 2196 2195
f 2186 2195 2185
f 2185 2195 2184
f 2184 2195 2194
f 2185 2184 2172
f 2172 2184 2171
f 2184 2194 2193
f 2183 2184 2193
f 2184 2183 2171
f 2183 2170 1748
f 2183 1748 2171
f 2183 2182 2170
f 2170 2182 2169
f 2170 2169 1748
f 1747 1748 2169
f 1748 1747 1738
f 1747 1737 1738
f 1737 1747 2169
f 1738 1737 1729
f 1738 1729 1730
f 1728 1729 1737
f 1729 1722 1730
f 1722 1729 1721
f 1721 1729 1728
f 1714 1720 2150
f 2145 1714 2150
f 2144 1714 2145
f 2145 2150 2144
f 2144 2150 2149
f 2149 2150 2155
f 2150 1720 2155
f 1720 1727 2155
f 1720 1721 1728
f 1720 1728 1727
f 1727 1728 2155
f 2155 1728 2156
f 1736 1728 1737
f 2156 1728 2162
f 2162 1728 1736
f 2162 1736 1737
f 2162 1737 2169
f 2162 2169 2168
f 2169 2182 2168
f 2168 2182 2181
f 2168 2181 2167
f 2168 2167 2161
f 2162 2168 2161
f 2155 2161 2154
f 2154 2161 2160
f 2161 2155 2162
f 2162 2155 2156
f 2155 2154 2149
f 2160 2161 2167
f 2160 2167 2166
f 2180 2167 2181
f 2166 2167 2180
f 2180 2179 2166
f 2179 2633 2166
f 2179 2180 2633
f 2633 2180 2634
f 2634 2180 2190
f 2181 2182 2192
f 2191 2181 2192
f 2181 2191 2180
f 2180 2191 2190
f 2192 2182 2193
f 2193 2194 1758
f 1757 2193 1758
f 2193 1757 2201
f 2193 2201 2192
f 2201 1757 1756
f 2192 2201 2200
f 2191 2192 2200
f 2191 2200 2199
f 2190 2191 2199
f 1755 2200 2201
f 1756 2200 1755
f 1755 2201 1756
f 1755 1756 1760
f 1760 1756 1761
f 2200 1755 1760
f 2207 2200 1760
f 2200 2207 2199
f 2199 2207 2206
f 2199 2647 2648
f 2199 2198 2647
f 2647 2641 2648
f 2648 2641 2642
f 2648 2642 2199
f 2199 2642 2190
f 2190 2642 2634
f 2634 2642 2633
f 2642 2641 2633
f 2641 2647 3075
f 3075 2647 2646
f 2641 3075 3070
f 2641 3070 2640
f 3070 3063 2640
f 2640 3063 2632
f 2640 2632 2633
f 2640 2633 2641
f 2632 2627 2628
f 2632 2628 2633
f 2633 2628 2166
f 2160 2166 2628
f 2160 2628 2623
f 2623 2628 2627
f 2159 2160 2623
f 2623 2153 2159
f 2160 2159 2153
f 2160 2153 2154
f 2154 2153 2148
f 2154 2148 2149
f 2148 2153 2619
f 2148 2619 2616
f 2619 2153 2623
f 2627 3063 3059
f 2627 3059 2626
f 2143 2612 2139
f 2143 2139 2144
f 2148 2143 2149
f 2149 2143 2144
f 3450 3451 3039
f 3451 3040 3039
f 3450 3039 3038
f 2602 3038 3039
f 3039 2603 2602
f 2602 2603 2134
f 2134 2603 2135
f 2135 2603 2136
f 2136 2603 2604
f 3040 2604 2603
f 2605 2604 3040
f 2136 2604 2121
f 2121 2604 2588
f 2136 2121 1702
f 1702 2121 2122
f 2122 2121 2588
f 2122 1691 1702
f 1702 1691 1703
f 1396 1702 1703
f 1396 1703 1397
f 1692 1691 2123
f 1691 2122 2123
f 2588 2123 2122
f 2123 2588 2589
f 2588 2604 2605
f 3024 2588 2605
f 3025 2589 2588
f 2588 3024 3025
f 3025 3024 3435
f 3435 3024 3452
f 3452 3024 3041
f 3452 3041 3040
f 3041 3024 2605
f 3041 2605 3040
f 3039 3040 2603
f 1403 1394 1404
f 1404 1394 1395
f 1738 1730 1739
f 1748 1738 1739
f 1739 1749 1748
f 1748 1749 2171
f 1405 1406 1415
f 1415 1406 1407
f 1415 1407 1416
f 1407 1135 1136
f 1407 1136 1417
f 1407 1417 1416
f 1135 1407 1398
f 1136 1135 1398
f 1407 1397 1398
f 1407 1406 1397
f 1398 1399 1136
f 1136 1399 1133
f 1136 1133 1137
f 1137 1133 1134
f 1133 1399 1134
f 1396 1397 1405
f 1397 1406 1405
f 1397 1703 1691
f 1388 1397 1691
f 1397 1388 1398
f 1398 1388 1389
f 1389 1388 1692
f 1692 1388 1691
f 1693 1692 2123
f 1693 2123 2124
f 2124 2123 2589
f 2124 2589 2590
f 2125 2124 2591
f 2591 2124 2590
f 2590 2589 3026
f 3026 2589 3025
f 2590 3026 2591
f 3027 3028 2591
f 2592 2591 3028
f 2591 2592 2125
f 3028 3029 2593
f 3028 2593 2592
f 3029 3030 2593
f 2593 3030 2594
f 2594 2128 2127
f 2127 2128 1697
f 1696 2127 1697
f 1696 1697 1704
f 1704 1697 1705
f 1402 1696 1704
f 1696 1402 1393
f 1393 1402 1392
f 1704 1705 1402
f 1697 2128 1705
f 2128 2137 1705
f 2128 2129 2138
f 2128 2138 2137
f 1705 2137 2138
f 1706 1705 2138
f 1705 1706 1712
f 1711 1705 1712
f 1705 1711 1402
f 1711 1410 1402
f 1712 1706 2138
f 1712 2138 2141
f 1717 1414 1422
f 1415 1416 1424
f 1415 1424 1423
f 1415 1423 1414
f 1414 1423 1422
f 1431 1422 1423
f 1425 1424 1416
f 1417 1425 1416
f 1426 1425 1417
f 1426 1417 1418
f 1417 1136 1418
f 1418 1136 1137
f 1137 1134 1400
f 1400 1134 1399
f 1137 1408 1409
f 1400 1408 1137
f 1408 1400 1409
f 1401 1409 1400
f 1410 1409 1401
f 1410 1401 1402
f 1711 1411 1410
f 1402 1401 1392
f 1696 1393 1392
f 1392 1695 1696
f 1695 1392 1391
f 1694 1695 1391
f 1391 1392 1401
f 1391 1401 1400
f 1390 1391 1400
f 1390 1400 1399
f 1390 1399 1398
f 1398 1389 1390
f 1390 1389 1693
f 1389 1692 1693
f 2125 1693 2124
f 1390 1693 1694
f 1390 1694 1391
f 1696 1695 2126
f 1696 2126 2127
f 2127 2593 2594
f 2593 2127 2592
f 2592 2127 2126
f 2592 2126 2125
f 2125 1694 1693
f 1694 2125 1695
f 1695 2125 2126
f 1430 1422 1431
f 1724 1422 1731
f 1731 1422 1430
f 1740 1739 1731
f 1740 1731 1732
f 1732 1731 1431
f 1431 1731 1430
f 1740 1732 1431
f 1740 1431 1437
f 1740 1437 1438
f 1438 1437 1431
f 1438 1431 1432
f 2646 2647 2652
f 2652 2647 2205
f 2647 2198 2205
f 2205 2198 2206
f 2206 2198 2199
f 2205 2206 2212
f 2206 2207 2213
f 2214 2213 2207
f 2214 2207 1765
f 2207 1760 1765
f 1765 1760 1766
f 1766 1760 1761
f 1766 1761 1762
f 1766 1762 1767
f 1762 1761 1757
f 1757 1761 1756
f 1763 1762 1757
f 1763 1757 1758
f 1763 1758 1764
f 1764 1758 1759
f 1764 1759 2202
f 2208 1764 2202
f 1758 2194 2195
f 2202 1759 1758
f 2202 1758 2195
f 2202 2195 2196
f 2202 2196 2203
f 2208 2202 2209
f 2209 2202 2203
f 2210 2209 2203
f 2210 2203 2204
f 2653 2210 2649
f 2649 2210 2204
f 2644 2649 2204
f 2644 2204 2197
f 2644 2197 2196
f 2644 2196 2643
f 2197 2204 2196
f 2204 2203 2196
f 2220 2666 2667
f 2220 2667 2221
f 2222 2221 2214
f 2222 2214 1771
f 1771 2214 1766
f 1771 1766 1772
f 1772 1773 1781
f 1772 1781 1780
f 1772 1780 1771
f 1771 1780 1779
f 1780 1781 1789
f 1788 1780 1789
f 1787 1780 1788
f 1780 1787 1779
f 1787 1788 2232
f 1787 2232 1779
f 1779 2232 2228
f 2227 2228 2232
f 2228 2227 2221
f 2221 2227 2220
f 2220 2227 2666
f 2666 2227 2672
f 2228 2221 2222
f 2228 2222 1779
f 1779 2222 1771
f 2182 2183 2193
f 1739 1740 1750
f 1410 1411 1420
f 1420 1421 1428
f 1409 1410 1420
f 1420 1419 1409
f 1419 1418 1409
f 1409 1418 1408
f 1408 1418 1137
f 2151 2152 2617
f 2151 2617 2621
f 2151 2621 2158
f 2151 1726 1719
f 2151 1719 2146
f 1719 1726 1725
f 1725 1718 1719
f 2157 1734 2158
f 1734 1735 2158
f 2151 2158 1726
f 2158 1735 1726
f 1726 1735 1725
f 1725 1735 1734
f 2644 2636 3071
f 3064 3071 2636
f 2636 2187 2637
f 2637 2187 2188
f 2637 3065 2636
f 2636 3065 3064
f 3064 3065 3071
f 3071 3065 3072
f 1438 1439 1742
f 1742 1439 1743
f 1743 1439 1440
f 1440 1439 1434
f 1434 1439 1433
f 1743 1440 1744
f 3076 3072 3077
f 3072 3076 2645
f 2645 3076 2650
f 3077 3482 3081
f 3076 3077 3081
f 2650 3076 3081
f 2650 3081 2654
f 2654 3081 2655
f 2654 2653 2649
f 2654 2649 2650
f 2676 2672 2231
f 2231 2672 2227
f 2677 2676 2231
f 2676 2677 2681
f 2681 2677 2231
f 2681 2231 2238
f 2245 2687 2246
f 2692 2687 2255
f 2255 2687 2246
f 2255 2254 2692
f 2246 2687 2681
f 2246 2681 2239
f 2255 2246 2256
f 2256 2246 2247
f 2246 2239 2247
f 2247 2239 2240
f 1799 2256 2247
f 1807 2256 1799
f 1799 2247 2248
f 1799 2247 2241
f 1795 1799 2241
f 2241 2247 2240
f 2239 2681 2238
f 2239 2238 2231
f 2232 2239 2231
f 2239 2232 2240
f 2240 2232 2233
f 1794 2240 2233
f 1794 2233 1788
f 2233 2232 1788
f 2232 2231 2227
f 2692 2254 2261
f 2692 2261 2697
f 2254 2255 2261
f 2261 2255 2262
f 2697 2261 2702
f 2262 2255 2256
f 2263 2262 2256
f 2263 2256 1807
f 2263 1807 1813
f 1807 1799 1808
f 1800 1808 1799
f 1800 1799 1796
f 1799 1795 1796
f 1809 1808 1800
f 1800 1801 1809
f 1797 1801 1800
f 1797 1800 1796
f 1796 1795 1789
f 1796 1789 1790
f 1790 1791 1796
f 1796 1791 1797
f 1797 1791 1792
f 1792 1798 1797
f 1798 1792 2242
f 2242 1792 2234
f 1797 1798 1802
f 1801 1797 1802
f 1801 1802 1809
f 1809 1802 1810
f 1808 1809 1814
f 1814 1809 1815
f 1808 1814 1807
f 1807 1814 1813
f 1813 1814 1820
f 1820 1819 1813
f 1820 1814 1821
f 1813 1819 2263
f 2263 1819 2268
f 2263 2268 2262
f 2267 2262 2268
f 2262 2267 2261
f 2261 2267 2266
f 2261 2266 2702
f 3518 3115 3119
f 3518 3119 3521
f 3119 3115 3116
f 3119 3116 3120
f 3120 3123 3119
f 3122 3119 3123
f 3119 3122 3524
f 1794 1788 1795
f 1795 1788 1789
f 2241 2240 1794
f 2241 1794 1795
f 2235 2243 2242
f 2235 2236 2244
f 2235 2244 2243
f 1798 2242 2249
f 1798 2249 1802
f 1810 1802 1811
f 1802 2250 1811
f 2250 1802 2249
f 2250 2249 2243
f 2243 2249 2242
f 2244 2250 2243
f 2250 2244 2251
f 2244 2682 2683
f 2244 2683 2688
f 2244 2688 2251
f 2251 2258 2252
f 2252 2258 2259
f 2258 2251 2259
f 2259 2251 2252
f 2693 2259 2252
f 1804 2252 1805
f 2251 2252 1804
f 1804 1803 2251
f 2251 1803 2257
f 2251 2257 2258
f 2257 1803 1811
f 2250 2257 1811
f 2250 2251 2257
f 1811 1803 1810
f 1810 1803 1802
f 1809 1810 1816
f 1815 1809 1816
f 1814 1815 1821
f 1822 1821 1815
f 1815 1816 1822
f 1451 1816 1810
f 1451 1810 1447
f 1810 1802 1442
f 1442 1802 1443
f 1443 1802 1803
f 1803 1804 1443
f 1805 2252 1806
f 1806 2252 2253
f 2252 2259 2260
f 2252 2260 2253
f 1812 1806 2260
f 2260 1806 2253
f 1805 1806 1445
f 1445 1806 1446
f 1805 1445 1444
f 1805 1444 1804
f 1450 1446 1806
f 1806 1812 1450
f 1453 1450 1812
f 1453 1812 1817
f 1453 1817 1818
f 1817 1812 2264
f 2264 1812 2260
f 2264 2260 2259
f 2264 2259 2698
f 2264 2698 2699
f 2693 2698 2259
f 2694 2699 2698
f 2694 2698 2693
f 2700 2703 2271
f 2700 2271 2265
f 2700 2265 2699
f 2699 2265 2264
f 2265 2271 2264
f 2271 2270 2264
f 1824 2270 1825
f 2270 1824 1817
f 2264 2270 1817
f 1817 1824 1458
f 1817 1458 1453
f 1453 1149 1450
f 1453 1452 1148
f 1453 1148 1149
f 1454 1451 1145
f 1451 1454 1822
f 1451 1822 1816
f 1140 1145 1451
f 1451 1447 1140
f 1146 1145 1140
f 1141 1146 1140
f 1146 1141 1147
f 1447 1810 1442
f 1447 1442 1443
f 1444 1443 1804
f 1443 1138 1141
f 1443 1141 1447
f 1447 1141 1140
f 1138 1443 1444
f 1139 1138 1444
f 1138 1139 1141
f 1139 1444 1142
f 1142 1141 1139
f 1444 1445 1448
f 1142 1444 1448
f 1448 1445 1449
f 1448 1449 1143
f 1448 1143 1142
f 1449 1445 1446
f 1449 1446 1450
f 1449 1450 1143
f 1143 1450 1144
f 1144 1450 1149
f 1143 1144 1149
f 1142 1143 1147
f 1147 1143 1148
f 1149 1148 1143
f 2269 2268 1819
f 2268 2269 2275
f 2269 1819 2275
f 1820 1828 1819
f 1830 1822 1823
f 1822 1830 1821
f 1821 1830 1829
f 1821 1829 1820
f 1820 1829 1828
f 1828 1827 1819
f 1819 1827 2275
f 2275 1827 2274
f 2275 2274 2268
f 2275 1827 1835
f 1827 1828 1835
f 2274 2275 2282
f 2275 1835 2282
f 2274 2282 2281
f 2290 2281 2282
f 1844 2282 1835
f 2289 2290 2300
f 2289 2300 2299
f 2301 2300 2290
f 2301 2290 1844
f 2301 1844 1854
f 2290 2282 1844
f 1844 1845 1854
f 1844 1835 1836
f 1844 1836 1845
f 2300 2301 2314
f 2315 2314 2301
f 2300 2314 2313
f 2302 2315 2301
f 2302 2301 1854
f 2302 1854 1855
f 1855 1854 1845
f 1855 1845 1846
f 2302 1855 1846
f 2315 2302 2316
f 2316 2302 2303
f 2318 2317 2304
f 2305 2318 2304
f 2722 2319 2318
f 2717 2722 2306
f 2306 2722 2318
f 2306 2318 2305
f 1857 2306 1856
f 2306 2305 1856
f 2292 2304 2291
f 2304 2303 2291
f 2303 2304 2317
f 2317 2316 2303
f 2303 2302 2291
f 2302 1846 2291
f 1847 2291 1846
f 1847 1846 1837
f 1838 1847 1837
f 1847 1838 2291
f 1837 1829 1838
f 1838 1829 1830
f 1837 1836 1829
f 1828 1829 1836
f 1828 1836 1835
f 1836 1837 1846
f 1836 1846 1845
f 1838 1830 2283
f 1838 2283 2291
f 2291 2283 2292
f 2305 2304 2292
f 2305 2292 2293
f 2305 2293 1849
f 2305 1849 1856
f 2293 2292 1849
f 2292 1848 1849
f 1839 1848 2292
f 1849 1848 1839
f 1467 1849 1464
f 1467 1464 1465
f 1464 1849 1839
f 1461 1154 1156
f 1461 1156 1465
f 1461 1465 1464
f 1461 1464 1460
f 1461 1460 1455
f 1461 1455 1456
f 1460 1464 1839
f 1839 1831 1460
f 1460 1831 1455
f 1831 1830 1823
f 1831 1823 1455
f 1823 1822 1454
f 1455 1823 1454
f 1455 1454 1150
f 1150 1454 1145
f 1150 1145 1146
f 1455 1150 1456
f 1150 1151 1456
f 1147 1151 1150
f 1147 1150 1146
f 1830 1831 1839
f 1830 1839 1838
f 1830 2276 2283
f 2283 1838 1839
f 2284 2283 1839
f 2283 2284 2292
f 1839 2292 2284
f 1141 1142 1147
f 439 610 611
f 611 440 439
f 441 440 611
f 441 611 612
f 611 765 612
f 612 765 766
f 612 613 441
f 441 613 442
f 440 441 273
f 440 273 272
f 440 272 271
f 440 271 439
f 439 271 270
f 271 272 162
f 272 163 162
f 162 163 167
f 167 163 272
f 162 167 166
f 271 162 270
f 162 166 161
f 162 161 270
f 161 166 165
f 275 443 269
f 269 443 437
f 444 443 614
f 443 444 438
f 443 438 437
f 609 438 444
f 609 444 614
f 438 270 437
f 269 437 270
f 270 438 439
f 439 438 610
f 610 438 609
f 609 614 610
f 615 610 614
f 610 615 767
f 764 610 767
f 610 764 611
f 611 764 765
f 764 767 765
f 765 767 768
f 765 768 769
f 765 769 766
f 612 766 769
f 612 769 613
f 769 770 613
f 613 770 616
f 442 613 616
f 616 617 446
f 616 446 442
f 446 445 442
f 277 445 446
f 442 445 274
f 274 445 277
f 442 274 273
f 442 273 441
f 277 276 273
f 273 274 277
f 273 276 272
f 272 276 167
f 775 770 774
f 774 770 769
f 622 776 779
f 779 776 775
f 628 779 778
f 627 628 778
f 778 779 775
f 627 778 777
f 778 775 777
f 775 774 777
f 774 769 773
f 773 769 768
f 773 768 767
f 773 767 772
f 773 772 620
f 773 620 621
f 626 774 773
f 773 621 625
f 773 625 626
f 774 626 777
f 456 626 625
f 625 455 456
f 456 455 462
f 455 461 462
f 461 455 454
f 461 454 460
f 454 453 460
f 460 453 459
f 461 460 469
f 469 460 468
f 467 468 460
f 467 460 459
f 459 291 467
f 291 459 453
f 286 291 453
f 290 291 285
f 285 291 286
f 294 290 293
f 293 290 289
f 289 290 285
f 289 285 284
f 284 285 281
f 284 281 280
f 281 285 448
f 448 285 452
f 452 285 286
f 452 286 453
f 453 454 624
f 449 453 624
f 449 624 620
f 619 449 620
f 281 448 275
f 443 275 448
f 443 448 444
f 448 449 444
f 614 444 449
f 449 619 614
f 614 619 615
f 767 615 620
f 772 767 620
f 620 615 619
f 455 625 624
f 455 624 454
f 624 625 621
f 624 621 620
f 275 269 270
f 275 270 165
f 165 270 161
f 164 275 165
f 275 164 172
f 275 172 281
f 164 165 76
f 164 76 172
f 76 165 77
f 77 85 76
f 76 85 84
f 84 85 1
f 1 85 2
f 76 84 172
f 84 83 176
f 84 176 172
f 83 84 89
f 90 84 8
f 89 84 90
f 8 84 1
f 1 2 9
f 8 1 9
f 15 8 9
f 15 9 16
f 15 16 23
f 15 23 22
f 17 23 16
f 23 17 24
f 17 16 10
f 10 16 9
f 10 9 2
f 3 10 2
f 3 2 85
f 3 85 77
f 3 77 78
f 72 78 77
f 73 78 72
f 166 73 72
f 78 73 79
f 73 166 74
f 79 73 74
f 167 74 166
f 165 166 72
f 165 72 77
f 449 448 453
f 452 453 448
f 180 289 176
f 176 289 284
f 176 284 280
f 176 280 171
f 171 280 281
f 176 83 89
f 180 176 89
f 89 90 8
f 7 89 8
f 7 8 14
f 14 8 15
f 7 14 95
f 7 95 89
f 14 15 22
f 21 14 22
f 29 21 30
f 28 29 37
f 28 37 36
f 28 36 106
f 28 106 103
f 106 36 110
f 36 37 43
f 36 43 110
f 29 28 103
f 29 103 99
f 29 99 21
f 21 99 100
f 14 21 95
f 21 100 95
f 95 100 99
f 94 95 99
f 95 94 184
f 99 103 187
f 187 103 190
f 99 187 183
f 99 183 94
f 94 183 184
f 184 183 187
f 184 187 298
f 297 298 187
f 297 187 302
f 302 187 190
f 190 103 106
f 190 106 194
f 311 306 310
f 306 305 310
f 310 305 198
f 198 305 193
f 193 305 306
f 193 306 194
f 193 194 198
f 306 302 190
f 194 306 190
f 194 199 198
f 310 198 314
f 198 203 314
f 203 198 204
f 204 198 199
f 199 110 204
f 110 199 194
f 115 204 110
f 110 194 106
f 110 43 49
f 110 49 115
f 43 44 49
f 50 49 44
f 204 115 114
f 203 204 114
f 115 49 50
f 116 115 50
f 44 43 37
f 37 38 44
f 44 38 45
f 44 45 51
f 50 44 51
f 50 51 56
f 38 37 29
f 38 29 30
f 39 38 30
f 30 31 39
f 45 38 46
f 46 38 39
f 51 45 52
f 52 45 46
f 46 39 47
f 39 40 47
f 39 31 40
f 53 46 47
f 52 46 53
f 51 52 56
f 56 52 57
f 57 52 124
f 124 52 125
f 125 52 117
f 117 52 53
f 125 117 126
f 117 118 126
f 119 118 112
f 112 118 111
f 118 117 111
f 118 117 53
f 111 118 48
f 118 53 47
f 118 47 48
f 112 111 48
f 112 48 41
f 112 41 107
f 107 41 42
f 119 205 118
f 209 126 118
f 209 118 205
f 209 205 210
f 319 318 210
f 319 210 211
f 119 112 206
f 119 206 205
f 206 112 113
f 112 107 108
f 112 108 113
f 42 41 33
f 41 48 47
f 41 47 40
f 33 41 40
f 33 34 42
f 107 42 108
f 108 42 34
f 108 34 35
f 108 35 104
f 109 108 104
f 109 104 105
f 113 108 195
f 113 195 200
f 113 200 206
f 205 206 210
f 210 206 211
f 211 206 315
f 319 211 315
f 206 200 315
f 312 200 201
f 200 312 315
f 315 312 316
f 316 499 315
f 316 312 499
f 499 312 497
f 503 502 499
f 499 502 315
f 315 502 319
f 289 180 293
f 293 180 184
f 184 180 95
f 95 180 89
f 281 172 171
f 176 171 172
f 78 79 3
f 3 79 4
f 79 80 86
f 79 86 4
f 86 5 4
f 12 13 19
f 5 12 11
f 5 11 4
f 11 10 4
f 4 10 3
f 10 11 18
f 10 18 17
f 24 17 18
f 19 18 11
f 12 19 11
f 18 19 26
f 18 26 25
f 27 26 19
f 27 19 20
f 26 27 34
f 34 27 35
f 35 27 101
f 104 35 101
f 105 104 101
f 102 101 27
f 101 102 105
f 105 191 196
f 196 191 192
f 197 192 308
f 197 308 196
f 197 196 192
f 196 308 307
f 196 109 105
f 196 108 109
f 108 196 195
f 200 195 201
f 201 195 196
f 201 196 312
f 196 307 312
f 3099 3103 3098
f 3098 3103 2683
f 2683 3103 2684
f 2688 2689 2693
f 2693 2689 2694
f 2688 2693 2252
f 2688 2252 2251
f 2683 2684 2688
f 2688 2684 2689
f 3117 3121 2703
f 2706 2703 3121
f 2703 2706 2277
f 2271 2703 2277
f 2277 2706 2707
f 2277 2707 2278
f 2278 2277 2286
f 2271 1825 2270
f 3522 3121 3117
f 3522 3117 3519
f 2710 2706 3121
f 3121 3124 2710
f 3525 3526 3529
f 3529 3526 3530
f 3525 3529 3127
f 3124 3525 3127
f 3127 2714 3124
f 3124 2714 2710
f 2710 2714 2711
f 2711 2714 2296
f 2714 2295 2296
f 2719 2714 3127
f 2718 2719 3127
f 2295 2714 2719
f 2719 2308 2295
f 2308 2719 2307
f 2307 2719 2718
f 2295 2308 2307
f 2294 2295 2307
f 2296 2295 2286
f 2286 2295 2285
f 2296 2286 2711
f 2286 2278 2707
f 2711 2286 2707
f 2707 2706 2711
f 2711 2706 2710
f 1463 1462 1458
f 1458 1462 1457
f 1458 1457 1152
f 1153 1458 1152
f 1458 1459 1463
f 1463 1459 1833
f 1463 1833 1832
f 1825 1459 1458
f 1825 1458 1824
f 1825 1833 1834
f 1825 1833 1459
f 1825 1834 1826
f 1825 1826 1833
f 1833 1826 1834
f 1832 1833 1842
f 1841 1832 1842
f 1842 1833 1843
f 1842 1843 1853
f 1842 1853 1852
f 1852 1853 2295
f 1853 2296 2295
f 2296 1853 2286
f 2286 1853 1843
f 1834 1843 1833
f 1833 2277 1834
f 1834 2277 2278
f 1834 2278 2286
f 1834 2286 1843
f 2277 1833 1825
f 2277 1825 2271
f 2286 2285 2296
f 2296 2285 2295
f 2307 1858 1859
f 2307 1859 2308
f 2308 1859 2295
f 2295 1859 1852
f 1852 1859 1851
f 1851 1859 1858
f 1858 2307 1857
f 2307 2306 1857
f 1858 1857 1850
f 1858 1850 1851
f 1841 1851 1850
f 1840 1841 1850
f 1840 1850 1465
f 1840 1465 1466
f 1465 1850 1467
f 1850 1849 1467
f 1840 1466 1841
f 1841 1466 1463
f 1841 1463 1832
f 1466 1462 1463
f 1462 1466 1465
f 1462 1465 1461
f 1467 1850 1468
f 1468 1850 1470
f 1470 1850 1857
f 1453 1458 1452
f 1452 1458 1457
f 1452 1457 1148
f 1152 1148 1457
f 1148 1152 1151
f 1148 1151 1147
f 1151 1152 1457
f 1151 1457 1456
f 1841 1842 2285
f 1841 2285 2295
f 2285 1842 1852
f 2285 1852 2295
f 1841 2295 1851
f 1851 2295 2294
f 1852 1851 2294
f 1852 2294 2295
f 616 770 617
f 617 770 771
f 622 617 776
f 776 617 771
f 617 622 623
f 617 623 618
f 618 623 450
f 447 618 450
f 618 447 446
f 618 446 617
f 446 278 277
f 278 446 279
f 276 277 168
f 276 168 167
f 169 168 277
f 167 168 75
f 167 75 74
f 74 75 80
f 74 80 79
f 75 168 80
f 86 80 87
f 87 80 81
f 86 87 5
f 87 6 5
f 5 6 13
f 5 13 12
f 13 6 87
f 13 20 19
f 96 20 13
f 96 13 91
f 96 91 97
f 91 92 97
f 91 13 87
f 91 87 92
f 87 88 92
f 776 770 775
f 770 776 771
f 623 622 628
f 628 622 779
f 629 623 628
f 629 628 633
f 629 633 634
f 637 634 473
f 464 634 473
f 464 473 465
f 465 473 474
f 465 474 296
f 465 296 292
f 292 288 458
f 292 458 465
f 450 451 283
f 282 450 283
f 450 282 447
f 446 447 279
f 279 447 282
f 451 458 288
f 451 288 283
f 282 283 288
f 282 288 287
f 282 287 178
f 279 282 278
f 282 175 174
f 278 282 174
f 278 174 170
f 278 170 277
f 277 170 169
f 168 169 80
f 80 169 81
f 169 173 81
f 81 173 174
f 81 174 82
f 173 169 174
f 174 169 170
f 175 282 178
f 287 178 288
f 287 288 179
f 287 179 178
f 178 179 288
f 178 288 182
f 288 292 182
f 178 182 181
f 182 292 296
f 186 296 185
f 296 186 182
f 181 182 186
f 181 186 185
f 92 93 97
f 181 185 93
f 93 185 98
f 93 98 97
f 450 623 451
f 623 629 451
f 451 629 458
f 458 629 630
f 458 630 457
f 457 630 629
f 465 458 457
f 629 634 457
f 457 634 464
f 457 464 465
f 1154 1461 1456
f 1154 1456 1151
f 1151 1152 1154
f 1154 1152 1155
f 1152 1457 1462
f 1155 1152 1462
f 1155 1462 1461
f 1155 1461 1156
f 1154 1155 1156
f 910 780 783
f 913 910 783
f 913 783 782
f 635 642 783
f 783 642 787
f 642 641 787
f 787 641 786
f 787 786 783
f 783 786 782
f 641 650 786
f 786 650 794
f 782 912 913
f 782 786 916
f 782 916 912
f 1157 910 1160
f 1160 910 913
f 1160 913 912
f 1160 1161 1157
f 1165 1161 1160
f 1165 1160 1164
f 1165 1166 1161
f 1161 1166 1162
f 1162 1166 915
f 915 1166 917
f 1161 1162 915
f 915 914 1161
f 1166 1165 1169
f 1166 1169 1170
f 1166 1170 917
f 917 1170 921
f 921 1170 920
f 1170 1169 920
f 931 930 805
f 930 804 805
f 804 811 805
f 805 811 812
f 657 812 663
f 805 812 657
f 931 805 932
f 805 806 932
f 932 806 921
f 806 795 921
f 931 932 921
f 920 931 921
f 806 805 658
f 658 805 657
f 806 658 652
f 795 806 652
f 921 795 789
f 921 789 917
f 777 626 627
f 627 626 632
f 628 627 632
f 628 632 633
f 633 632 471
f 636 633 471
f 471 632 463
f 636 471 472
f 471 463 470
f 470 463 462
f 462 463 632
f 632 631 462
f 631 632 626
f 631 626 462
f 462 626 456
f 469 470 461
f 461 470 462
f 469 468 479
f 479 468 478
f 295 467 291
f 295 291 290
f 295 290 294
f 295 294 466
f 467 295 466
f 467 477 468
f 468 477 478
f 477 467 476
f 476 467 466
f 487 477 476
f 487 476 486
f 487 486 646
f 647 477 487
f 647 487 646
f 477 647 638
f 477 638 478
f 478 638 639
f 479 478 640
f 640 478 639
f 640 639 648
f 479 640 480
f 469 479 470
f 470 479 480
f 470 480 481
f 470 481 471
f 636 472 473
f 473 637 636
f 633 636 637
f 633 637 634
f 780 910 781
f 910 911 781
f 915 917 789
f 915 789 785
f 658 657 493
f 658 493 652
f 493 489 652
f 489 488 652
f 651 652 488
f 789 795 652
f 789 652 644
f 644 652 643
f 643 652 651
f 914 915 911
f 914 915 785
f 914 785 784
f 914 784 911
f 781 911 784
f 780 781 784
f 783 780 784
f 635 783 636
f 636 783 784
f 472 471 481
f 472 481 482
f 482 481 642
f 482 642 643
f 643 642 635
f 643 635 636
f 643 636 784
f 784 785 788
f 788 785 789
f 784 788 643
f 643 788 789
f 643 789 644
f 643 651 488
f 482 643 488
f 488 489 482
f 482 489 483
f 473 472 483
f 483 472 482
f 911 1158 1161
f 911 1161 914
f 1158 911 910
f 1158 910 1157
f 1158 1157 1161
f 87 81 88
f 81 82 88
f 82 174 177
f 82 177 88
f 181 93 92
f 181 92 88
f 178 181 88
f 175 178 174
f 174 178 177
f 88 177 178
f 6035 5673 5681
f 5681 5334 5333
f 5334 5681 5673
f 5334 5673 5327
f 5674 5673 5671
f 5673 5674 5328
f 5674 5671 5328
f 5328 5671 5323
f 5673 5328 5327
f 5328 5323 4987
f 4679 4320 4683
f 4686 4324 4328
f 5006 4686 4689
f 5006 4689 5008
f 4689 4686 4328
f 4328 4335 4689
f 4689 4335 4692
f 5008 4689 4692
f 5011 5008 4692
f 4692 4697 5011
f 5011 4697 5016
f 5008 5011 5355
f 5355 5351 5008
f 3562 3563 3568
f 3567 3562 3568
f 3933 3562 3567
f 3938 3933 3567
f 3944 3938 3945
f 3938 3567 3568
f 3938 3568 3945
f 3945 3568 3577
f 3945 3577 3578
f 3945 3578 3946
f 3577 3568 3578
f 3569 3568 3166
f 3568 3569 3578
f 3578 3579 3946
f 3947 3946 3579
f 3947 3579 3580
f 3947 3580 3948
f 3571 3948 3580
f 3948 3571 3939
f 3571 3580 3579
f 3570 3571 3579
f 3571 3570 3167
f 3571 3167 3168
f 3570 3579 3569
f 3579 3578 3569
f 3569 3166 3570
f 3570 3166 3167
f 3166 3568 3563
f 3166 3563 3157
f 3157 3563 3564
f 3166 3157 3158
f 3167 3166 3158
f 3167 3158 3168
f 3571 3168 3572
f 3572 3168 3169
f 3160 3170 3169
f 3160 3169 3159
f 2353 2749 2748
f 2747 2748 3160
f 2747 3160 3159
f 2747 3159 3169
f 2756 2747 3169
f 2740 2747 2746
f 2746 2739 2740
f 2746 2745 2738
f 2746 2738 2739
f 2739 2738 2745
f 3149 2734 2739
f 2739 3154 3149
f 3154 2739 2745
f 3154 2745 3158
f 3153 3154 3157
f 3154 3158 3157
f 3153 3157 3558
f 3558 3157 3564
f 3535 3536 3540
f 3540 3536 3541
f 3546 3910 3547
f 3545 3546 3553
f 3546 3554 3553
f 3150 2734 3149
f 2735 2734 2730
f 2731 2735 2730
f 2735 2731 2331
f 2731 2326 2331
f 2740 2735 2331
f 2734 2735 2740
f 2734 2740 2739
f 2336 2740 2331
f 2337 2336 2331
f 2747 2740 2352
f 2352 2740 2336
f 2748 2747 2353
f 2747 2352 2353
f 2353 2352 2336
f 2353 2336 2337
f 2332 2337 2331
f 2332 2331 2327
f 2327 2331 2326
f 2326 2731 2327
f 2327 2321 2322
f 2328 2327 2322
f 2328 2322 1880
f 1880 2322 1868
f 1868 2322 1869
f 1868 1869 1881
f 1868 1881 1880
f 1869 1870 1882
f 1869 1882 1881
f 1870 1871 1882
f 1871 1883 1882
f 1883 1871 1884
f 1883 1884 1896
f 1883 1896 1895
f 1883 1895 1894
f 1882 1883 1894
f 1895 1896 1908
f 1908 1896 1909
f 1909 2342 1908
f 2342 2341 1908
f 2341 2340 1908
f 1908 2340 1907
f 1908 1907 1894
f 2340 2339 1907
f 2339 2741 2338
f 2338 2741 2750
f 2354 2749 2353
f 2749 2354 2338
f 2750 2749 2338
f 2354 2353 2337
f 2354 2337 2338
f 2332 2327 2333
f 2327 2328 2333
f 2333 2328 1880
f 1881 1893 1880
f 1880 1893 1892
f 1894 1893 1882
f 1882 1893 1881
f 3158 2745 2746
f 3158 2746 3168
f 2746 2755 3168
f 3169 3168 2755
f 2756 3169 2755
f 2756 2755 2747
f 2747 2755 2746
f 2749 2758 2748
f 2748 2758 2757
f 3160 2748 2757
f 3160 2757 3170
f 3175 3169 3170
f 3572 3169 3581
f 3169 3175 3581
f 3572 3581 3571
f 3176 3175 3170
f 2763 3170 2757
f 3176 3170 2763
f 2763 2757 2758
f 3175 3176 3180
f 3175 3180 3179
f 3176 2770 3180
f 3181 3180 2770
f 3180 3181 3185
f 3185 3181 3186
f 3179 3180 3185
f 3587 3179 3184
f 3184 3179 3185
f 3587 3184 3591
f 3595 3591 3184
f 3591 3595 3590
f 3591 3590 3587
f 3587 3590 3586
f 3179 3587 3581
f 3179 3581 3175
f 3581 3587 3586
f 3580 3581 3586
f 3581 3580 3571
f 3571 3580 3939
f 3939 3580 3948
f 3948 3580 3959
f 3580 3586 3959
f 3959 3586 3590
f 3959 3590 3968
f 3977 3968 3590
f 3977 3590 3594
f 3594 3590 3595
f 3977 3594 3598
f 3977 3598 3986
f 3599 3598 3594
f 3599 3594 3595
f 3598 3599 3602
f 3598 3602 3986
f 3602 3599 3603
f 3986 3602 3995
f 3602 3603 3995
f 3995 3603 4004
f 4004 3607 4005
f 3607 4004 3603
f 4004 4005 4014
f 4014 4005 4015
f 4015 4005 3607
f 4015 3607 3611
f 4015 4025 4024
f 4015 3611 3615
f 4015 4024 4014
f 2758 2749 2750
f 2758 2750 2759
f 2758 2759 2765
f 2764 2758 2765
f 2758 2764 2763
f 3176 2763 2764
f 3176 2764 2770
f 2770 2764 2765
f 2771 2770 2765
f 2765 2759 2376
f 2759 2366 2376
f 2366 2367 2376
f 2376 2367 2377
f 2376 2377 2765
f 2759 2750 2355
f 2759 2355 2366
f 2750 2741 2355
f 2355 2741 2339
f 2366 2355 2356
f 2366 2356 2367
f 2367 2356 2368
f 2367 2368 2378
f 2378 2368 2379
f 2379 2368 2369
f 2378 2377 2367
f 2377 2378 2384
f 2377 2766 2765
f 2771 2765 2766
f 2766 2377 2772
f 2772 2377 2383
f 2771 2766 2772
f 3181 2770 2777
f 3181 2777 3186
f 2777 2770 2771
f 2778 2777 2771
f 2777 2778 2786
f 2777 2786 2785
f 3186 2777 2785
f 3191 3186 2785
f 3185 3186 3191
f 3184 3185 3190
f 3189 3184 3190
f 3184 3189 3595
f 3190 3185 3191
f 2785 2786 2793
f 2785 2793 3191
f 2794 2793 2786
f 2794 2800 2793
f 2800 2799 2793
f 2799 2800 2806
f 2799 2806 2805
f 2800 3203 3208
f 3208 2806 2800
f 2806 3208 2805
f 2800 2794 2801
f 2794 2795 2801
f 2794 2786 2795
f 2795 2786 2787
f 2786 2778 2779
f 2771 2772 2778
f 2772 2779 2778
f 2779 2787 2786
f 2788 2787 2779
f 2788 2779 2780
f 2787 2788 2392
f 2392 2788 2393
f 2392 2393 2389
f 2393 2788 2389
f 2389 2788 2780
f 2779 2388 2780
f 2780 2388 2389
f 2388 2779 2383
f 2383 2779 2772
f 2388 2383 2389
f 2389 2383 2384
f 2389 2388 2392
f 1943 2392 1944
f 2392 1943 2396
f 2395 2396 1943
f 2395 1943 1947
f 1944 2392 2388
f 1944 2388 1940
f 1940 2388 1935
f 1935 2388 2384
f 1936 1935 2384
f 2389 2384 2388
f 2383 2377 2384
f 2384 2378 2379
f 2385 2384 2379
f 2369 1927 1926
f 2378 2369 1926
f 2369 2378 2379
f 1926 1932 2378
f 2379 2378 1932
f 2379 1932 2384
f 2384 1932 1936
f 1936 1932 1935
f 1932 1931 1935
f 1940 1935 1507
f 1944 1940 1943
f 1940 1939 1943
f 1939 1940 1510
f 1943 1939 1510
f 1513 1943 1510
f 1511 1510 1940
f 1511 1940 1507
f 1511 1507 1510
f 1506 1510 1507
f 1507 1935 1931
f 1503 1507 1931
f 1506 1507 1503
f 1506 1503 1502
f 1506 1207 1510
f 1510 1207 1210
f 1510 1210 1513
f 1210 1213 1513
f 1513 1515 1943
f 1515 1513 1216
f 1216 1513 1213
f 1213 1210 956
f 958 1213 956
f 1210 1207 956
f 831 958 956
f 956 829 831
f 829 956 953
f 958 831 834
f 958 961 1213
f 1216 1213 961
f 1216 961 963
f 1218 1216 963
f 1216 1218 1515
f 1517 1515 1218
f 1515 1947 1943
f 1947 1515 1517
f 1947 1517 1949
f 1949 1517 1519
f 1949 1519 1951
f 1947 1949 2395
f 1949 2399 2395
f 2396 2395 2795
f 2800 2395 2399
f 2395 2800 2795
f 2399 1949 2401
f 2401 1949 1951
f 1953 1951 1519
f 1953 1519 1521
f 1220 1519 1517
f 1220 1517 1218
f 965 1220 1218
f 965 1218 963
f 1519 1220 1222
f 1521 1519 1222
f 1523 1521 1222
f 1523 1222 1224
f 1521 1523 1955
f 1521 1955 1953
f 1953 1955 2403
f 2403 1955 2405
f 2403 2405 2808
f 2808 2810 3214
f 3214 2810 3220
f 2808 2806 2403
f 2403 2806 2401
f 1953 2403 2401
f 1953 2401 1951
f 2399 2401 2800
f 2401 2806 2800
f 2795 2800 2801
f 2795 2787 2396
f 2787 2392 2396
f 6064 6060 5697
f 5697 5701 6064
f 6064 6380 6069
f 6069 6380 6384
f 6630 6627 6387
f 6387 6627 6384
f 6069 6068 5706
f 5706 6068 5705
f 5717 6077 5716
f 6078 6077 5717
f 5717 5369 5721
f 5369 5372 5721
f 4715 4373 4382
f 4715 4382 4718
f 4718 4382 4390
f 4390 4382 4008
f 4018 4008 4009
f 4010 4009 3999
f 4010 3999 4000
f 3999 4009 3998
f 4009 4008 3998
f 4008 4382 4373
f 4008 4373 3998
f 3998 3989 3999
f 3989 3990 3999
f 3999 3990 4000
f 4000 3990 3991
f 3991 3990 3981
f 3991 3981 3982
f 6637 6635 6393
f 6637 6393 6395
f 6393 6635 6392
f 6393 6392 6077
f 6393 6077 6078
f 6395 6393 6080
f 6080 6393 6078
f 6080 6078 5717
f 6080 5717 5721
f 6080 5721 5724
f 6080 5724 6083
f 6395 6080 6083
f 5724 5721 5372
f 5374 5724 5372
f 5724 5374 5377
f 5036 5033 4718
f 4718 5033 4715
f 4715 5033 5031
f 5031 5033 5372
f 5372 5033 5374
f 3599 3595 3196
f 3599 3196 3195
f 3595 3189 3196
f 3196 3189 3190
f 3190 3191 3197
f 3190 3197 3196
f 3197 3191 2793
f 3197 3202 3196
f 3201 3196 3202
f 3599 3196 3201
f 3599 3201 3603
f 3201 3608 3603
f 3201 3206 3608
f 3206 3201 3207
f 3201 3202 3207
f 3202 3197 2793
f 3202 2799 3207
f 2799 3202 2793
f 3207 2799 2805
f 3207 2805 3208
f 3213 3207 3208
f 3219 3213 3214
f 3219 3214 3220
f 3214 3208 2808
f 3214 3213 3208
f 3208 2806 2808
f 3607 3603 3608
f 3608 3206 3212
f 3612 3607 3608
f 3612 3608 3212
f 3611 3607 3612
f 3611 3612 3616
f 3616 3612 3218
f 3218 3612 3212
f 3212 3206 3207
f 3212 3207 3213
f 2313 2314 1863
f 2313 1862 1861
f 1863 1862 2313
f 1873 1872 1862
f 1873 1862 1863
f 1863 2314 2315
f 1863 2315 1864
f 1864 2315 2316
f 1864 2316 1865
f 1864 1865 1875
f 1874 1864 1875
f 1884 1871 1872
f 1872 1873 1475
f 1872 1475 1884
f 1873 1874 1475
f 1474 1884 1475
f 1896 1884 1474
f 1896 1474 1481
f 1897 1896 1481
f 1897 1481 1482
f 1482 1481 1474
f 1482 1474 1475
f 1897 1482 1898
f 1898 1482 1483
f 1483 1482 1475
f 1475 1476 1483
f 1476 1475 1874
f 1476 1874 1885
f 1885 1874 1875
f 1886 1885 1875
f 1885 1886 1476
f 1477 1476 1886
f 1886 1887 1478
f 1886 1478 1477
f 1478 1887 1900
f 1887 1886 1875
f 1887 1875 1876
f 1864 1874 1873
f 1864 1873 1863
f 1180 1179 1185
f 1180 1185 1186
f 1475 1180 1482
f 1482 1180 1186
f 1482 1186 1185
f 1482 1185 1481
f 1482 1476 1475
f 1476 1482 1483
f 1475 1476 1180
f 1179 1180 1172
f 1171 1179 1172
f 934 1179 923
f 923 1179 1171
f 934 923 933
f 923 922 933
f 1179 934 933
f 1179 933 1178
f 1179 1178 1184
f 1179 1184 1185
f 1192 1185 1184
f 1481 1185 1489
f 1489 1185 1192
f 1489 1192 1191
f 1481 1489 1482
f 1482 1489 1490
f 1490 1910 1911
f 1482 1490 1911
f 1482 1911 1898
f 1175 1473 1176
f 1478 1473 1477
f 1175 1176 927
f 927 1176 928
f 1175 927 926
f 1174 1175 926
f 800 926 927
f 927 801 800
f 800 801 791
f 801 792 791
f 801 927 792
f 792 927 793
f 793 794 650
f 793 650 649
f 649 650 640
f 640 650 641
f 649 640 648
f 793 649 648
f 792 793 648
f 792 648 647
f 791 792 647
f 800 791 799
f 926 800 925
f 800 799 925
f 790 799 791
f 799 790 646
f 646 790 791
f 646 791 647
f 648 639 638
f 647 648 638
f 645 646 486
f 646 645 655
f 646 655 656
f 645 486 485
f 655 645 485
f 486 476 475
f 476 466 294
f 476 294 299
f 476 299 475
f 475 299 298
f 298 299 294
f 298 294 293
f 475 485 486
f 298 485 475
f 298 303 485
f 645 485 491
f 645 491 655
f 490 491 485
f 490 485 484
f 302 484 485
f 302 485 303
f 302 303 298
f 302 298 297
f 302 306 484
f 484 306 490
f 654 490 661
f 491 490 655
f 655 490 654
f 655 654 661
f 655 661 662
f 662 661 654
f 662 654 655
f 655 662 809
f 809 655 798
f 798 655 654
f 797 798 654
f 496 661 490
f 496 495 661
f 660 661 495
f 654 661 660
f 653 654 660
f 654 653 797
f 797 653 796
f 808 796 660
f 796 653 660
f 495 496 310
f 311 310 496
f 311 496 490
f 311 490 306
f 922 796 808
f 796 922 923
f 796 923 797
f 1171 1172 923
f 923 1172 924
f 1172 1180 1173
f 1180 1476 1173
f 1173 1476 1471
f 1471 1476 1477
f 1471 1477 1472
f 1472 1477 1473
f 1472 1473 1174
f 1174 1473 1175
f 1472 1174 1173
f 1472 1173 1471
f 1174 926 925
f 1174 925 1173
f 1173 925 924
f 1173 924 1172
f 923 924 797
f 924 798 797
f 798 924 925
f 925 799 798
f 798 799 655
f 655 799 656
f 646 656 799
f 922 808 933
f 808 807 813
f 933 808 939
f 939 808 814
f 814 808 813
f 939 814 938
f 938 814 813
f 933 939 1178
f 1178 939 1184
f 938 813 942
f 942 813 818
f 807 659 813
f 813 659 664
f 807 808 659
f 664 498 667
f 667 498 501
f 813 664 667
f 813 667 818
f 818 667 666
f 818 666 817
f 817 666 820
f 820 666 669
f 669 666 504
f 666 667 500
f 666 500 504
f 500 667 501
f 504 500 501
f 501 505 504
f 317 501 498
f 313 317 498
f 498 664 494
f 494 664 659
f 494 659 495
f 495 659 660
f 660 659 808
f 2332 2333 1892
f 1892 2333 1880
f 1905 1892 1893
f 2337 2332 2338
f 2338 2332 2333
f 1905 2333 1892
f 2333 1905 2338
f 2339 2338 1905
f 2339 1905 1906
f 1906 1905 1893
f 2339 1906 1907
f 1906 1893 1894
f 1907 1906 1894
f 1894 1895 1908
f 2339 2340 2356
f 2342 2358 2341
f 2341 2358 2357
f 2357 2358 2368
f 2368 2358 2369
f 946 942 818
f 818 817 820
f 818 820 946
f 820 945 946
f 822 820 671
f 820 669 671
f 671 669 504
f 322 504 505
f 504 322 321
f 505 501 317
f 505 317 322
f 321 322 326
f 321 326 325
f 321 325 504
f 504 325 507
f 329 325 326
f 325 329 510
f 325 510 507
f 504 507 671
f 822 671 673
f 824 822 673
f 822 824 948
f 822 948 945
f 822 945 820
f 948 951 1199
f 951 948 824
f 675 673 510
f 675 510 513
f 333 513 510
f 510 329 333
f 507 510 671
f 671 510 673
f 1191 1488 1489
f 1192 1184 1191
f 1184 939 1191
f 942 939 938
f 939 942 1191
f 1191 942 1190
f 1190 942 1195
f 942 946 1195
f 1200 1195 946
f 1195 1200 1498
f 1493 1195 1498
f 1200 946 949
f 948 1200 949
f 949 946 948
f 948 946 945
f 948 1199 1200
f 1203 1199 951
f 1199 1203 1204
f 1199 1204 1200
f 1200 1204 1503
f 1200 1503 1498
f 1204 1203 1502
f 1204 1502 1503
f 1506 1502 1203
f 1506 1203 1207
f 1203 951 1207
f 951 953 1207
f 953 956 1207
f 826 953 951
f 951 824 826
f 953 826 829
f 826 824 675
f 675 824 673
f 826 675 829
f 829 675 678
f 680 678 519
f 519 678 515
f 680 519 520
f 681 680 520
f 520 516 341
f 520 519 515
f 520 515 516
f 516 515 337
f 341 516 337
f 515 333 337
f 337 333 334
f 513 333 515
f 513 515 678
f 513 678 675
f 1191 1190 1195
f 1191 1195 1196
f 1494 1196 1195
f 1494 1195 1493
f 1196 1494 1191
f 1191 1494 1488
f 1494 1493 1498
f 1498 1503 1925
f 1503 1931 1925
f 1925 1931 1932
f 1932 1926 1925
f 1498 1925 1926
f 1498 1926 1499
f 1498 1499 1494
f 1499 1926 1494
f 1489 1488 1495
f 1495 1488 1494
f 1917 1494 1926
f 1494 1917 1918
f 1917 1926 1918
f 1918 1926 1927
f 1494 1918 1495
f 1489 1495 1918
f 1490 1489 1910
f 1910 1489 1918
f 1910 1918 1919
f 1911 1910 1919
f 1911 1919 1920
f 1927 1919 1918
f 2369 2370 1927
f 2369 2358 2359
f 2369 2359 2370
f 2358 2342 2359
f 2359 2342 2343
f 2370 1928 1927
f 1927 1928 1919
f 1928 2370 1919
f 2370 2371 1919
f 2370 2359 2371
f 1919 2371 2360
f 2371 2359 2360
f 2360 2371 2361
f 1920 1919 2360
f 1920 1921 1911
f 1920 2360 2361
f 1920 2361 1921
f 1911 1921 1912
f 2345 2361 2344
f 2344 2361 2360
f 2360 2359 2344
f 2344 2359 2343
f 1875 1865 1866
f 1875 1866 1876
f 2317 1866 1865
f 2317 1865 2316
f 2317 2318 1866
f 1866 2318 1867
f 1876 1866 1867
f 1876 1867 1877
f 1876 1877 1888
f 1887 1876 1888
f 1888 1877 1878
f 1888 1878 1889
f 1888 1889 1901
f 1889 1890 1903
f 1889 1903 1902
f 1889 1902 1901
f 1902 1903 1915
f 1903 1916 1915
f 1916 1903 2349
f 2349 1903 2350
f 2334 1903 1904
f 1903 2334 2350
f 2334 1904 2350
f 2349 2348 1916
f 1916 2348 1915
f 1902 1915 1914
f 1914 1915 2348
f 1902 1914 1901
f 1914 2348 2347
f 1900 1901 1914
f 1901 1900 1887
f 1901 1887 1888
f 1897 1898 1910
f 1898 1911 1899
f 1899 1911 1912
f 2345 2362 2361
f 2345 2344 1912
f 2344 1911 1912
f 1898 1911 1910
f 1911 2343 1910
f 1897 1910 1909
f 1897 1909 1896
f 1910 1911 2344
f 1910 2344 2343
f 1910 2343 1909
f 1909 2343 2342
f 1484 1478 1900
f 293 184 298
f 494 495 309
f 498 494 309
f 313 498 309
f 207 313 202
f 313 207 317
f 217 212 213
f 207 212 317
f 212 322 317
f 322 212 217
f 322 217 326
f 217 218 222
f 221 217 222
f 221 222 226
f 221 226 225
f 225 226 229
f 229 226 230
f 225 229 334
f 338 230 236
f 229 230 337
f 337 230 338
f 229 337 334
f 221 225 330
f 330 225 334
f 330 334 333
f 221 330 326
f 221 326 217
f 326 330 329
f 329 330 333
f 310 309 495
f 309 310 313
f 313 310 314
f 313 314 202
f 203 202 314
f 22 30 21
f 31 30 22
f 31 22 23
f 31 32 40
f 40 32 33
f 34 33 25
f 26 34 25
f 18 25 24
f 33 32 25
f 24 25 32
f 32 31 24
f 24 31 23
f 207 202 203
f 203 114 208
f 114 120 208
f 207 203 208
f 207 208 120
f 207 120 212
f 212 120 127
f 213 212 127
f 213 218 217
f 213 127 133
f 213 133 218
f 218 133 139
f 218 139 222
f 133 127 134
f 134 127 128
f 128 58 134
f 128 127 121
f 121 127 120
f 58 63 134
f 63 58 64
f 64 58 59
f 64 59 65
f 65 59 60
f 65 60 61
f 66 65 61
f 65 66 70
f 69 65 70
f 66 67 70
f 143 70 71
f 71 70 67
f 65 69 68
f 68 64 65
f 64 68 141
f 134 63 64
f 139 133 134
f 222 139 147
f 226 222 147
f 230 226 147
f 236 230 237
f 231 237 230
f 347 342 348
f 348 342 343
f 342 236 343
f 236 237 343
f 348 343 237
f 348 237 243
f 243 237 244
f 237 238 244
f 245 244 238
f 245 238 239
f 156 239 160
f 159 239 238
f 239 159 156
f 156 159 155
f 155 159 238
f 155 238 231
f 155 231 154
f 231 238 237
f 231 230 154
f 154 230 147
f 148 154 147
f 154 148 155
f 149 155 148
f 156 155 150
f 155 149 150
f 157 156 150
f 157 150 151
f 150 149 142
f 142 149 141
f 142 141 69
f 141 68 69
f 150 142 69
f 150 69 151
f 151 69 70
f 151 70 143
f 143 144 152
f 143 152 151
f 145 223 146
f 223 145 138
f 138 145 137
f 223 138 219
f 137 145 144
f 136 137 144
f 67 137 136
f 67 136 144
f 67 144 71
f 71 144 143
f 137 67 62
f 67 66 62
f 66 61 62
f 61 60 124
f 61 124 129
f 130 61 129
f 61 130 62
f 129 124 125
f 129 125 130
f 57 124 56
f 56 124 123
f 50 56 55
f 56 122 55
f 56 123 122
f 123 56 55
f 123 55 122
f 55 122 50
f 50 122 116
f 116 122 121
f 116 121 115
f 121 122 55
f 121 55 54
f 59 55 60
f 55 56 60
f 60 56 123
f 60 123 124
f 59 58 55
f 55 58 54
f 58 128 54
f 54 128 121
f 115 121 114
f 114 121 120
f 2356 2355 2339
f 2356 2357 2368
f 2357 2356 2340
f 2340 2341 2357
f 829 678 680
f 829 680 831
f 834 961 958
f 963 961 834
f 834 836 963
f 963 836 840
f 963 840 965
f 965 840 841
f 841 840 836
f 841 836 837
f 837 688 841
f 836 834 837
f 837 834 684
f 837 684 685
f 837 685 688
f 684 834 831
f 684 831 680
f 684 680 685
f 680 681 685
f 685 681 524
f 524 681 520
f 688 693 841
f 965 841 966
f 965 966 970
f 965 970 969
f 965 969 1220
f 966 841 845
f 966 845 970
f 842 841 693
f 845 841 846
f 846 841 842
f 700 846 842
f 846 700 845
f 845 700 699
f 845 699 707
f 845 707 849
f 845 849 970
f 970 849 973
f 969 970 973
f 969 973 1224
f 969 1222 1220
f 1222 969 1224
f 1921 2361 1922
f 2361 2362 1922
f 1924 1923 1930
f 1930 1923 1929
f 1501 1497 1496
f 1501 1496 1500
f 1500 1496 1924
f 1500 1924 1930
f 1505 1501 1500
f 1504 1500 1930
f 1504 1930 1934
f 1500 1504 1505
f 1509 1505 1504
f 1508 1509 1504
f 1508 1504 1934
f 1938 1508 1934
f 1938 1934 1937
f 1937 1934 1933
f 1508 1938 1942
f 1942 1938 1937
f 1512 1508 1942
f 1211 1508 1512
f 1508 1211 1208
f 1208 1211 1212
f 957 960 833
f 957 833 830
f 833 960 832
f 832 960 959
f 832 959 835
f 835 959 962
f 960 957 1212
f 1215 960 1212
f 959 960 1214
f 1214 960 1215
f 959 1214 962
f 1212 1211 1214
f 1212 1214 1215
f 1211 1512 1214
f 1214 1512 1514
f 1217 1214 1514
f 1514 1512 1942
f 1946 1514 1942
f 1941 1942 1937
f 2381 1937 1933
f 2387 1937 2381
f 1929 1933 1934
f 1929 2381 1933
f 2387 2381 2386
f 2386 2381 2380
f 2374 2381 1929
f 2380 2381 2373
f 2373 2381 2374
f 2387 2391 2390
f 2387 2390 2386
f 2391 2387 2781
f 2781 2387 2773
f 2773 2387 2774
f 2781 2773 2774
f 2781 2774 2782
f 2781 2782 2791
f 2790 2781 2791
f 2390 2391 2781
f 1937 2387 2391
f 1937 2391 1941
f 2391 2387 2386
f 2391 2386 2390
f 1941 2391 1945
f 1941 1945 1942
f 2391 2394 1945
f 1946 1942 1945
f 2390 2781 2790
f 2394 2391 2390
f 2394 2390 2790
f 2394 2789 2790
f 2797 2803 2796
f 2796 2803 2802
f 2796 2803 2400
f 2402 2404 1954
f 1952 2402 1954
f 1954 1956 1524
f 1954 1524 1522
f 2402 1952 1950
f 2402 1950 2400
f 2400 2398 2796
f 2796 2398 2397
f 2397 2398 1948
f 2397 1948 2394
f 2796 2790 2797
f 2797 2790 2791
f 140 139 134
f 134 135 140
f 135 134 64
f 135 64 141
f 135 141 140
f 140 141 68
f 140 141 149
f 140 149 148
f 140 148 147
f 140 147 139
f 157 151 152
f 158 157 152
f 233 158 152
f 233 152 227
f 227 152 153
f 233 227 234
f 153 152 144
f 153 144 145
f 145 223 153
f 153 223 228
f 153 228 227
f 335 228 336
f 335 340 228
f 228 340 235
f 235 340 234
f 234 340 339
f 345 339 340
f 340 346 345
f 346 340 517
f 523 346 517
f 339 345 234
f 345 242 234
f 242 345 241
f 241 345 344
f 345 353 352
f 345 352 344
f 344 352 241
f 353 345 527
f 345 522 527
f 345 346 523
f 345 523 522
f 527 522 523
f 527 523 528
f 682 523 518
f 682 518 683
f 683 518 679
f 518 523 517
f 833 683 679
f 830 833 679
f 1212 1209 1208
f 1208 1209 1509
f 1508 1208 1509
f 1505 1509 1209
f 1505 1209 1205
f 1497 1501 1201
f 1197 1497 1201
f 1198 1197 1201
f 947 1198 950
f 1198 1201 1202
f 1198 1202 950
f 1201 1501 1205
f 1205 1501 1505
f 1201 1205 1202
f 1202 1205 1206
f 1206 1205 952
f 952 1205 954
f 1206 952 950
f 1206 950 1202
f 952 954 955
f 1209 954 1205
f 1209 1212 957
f 1209 957 954
f 955 954 828
f 828 952 955
f 825 952 828
f 825 828 677
f 677 828 676
f 676 828 827
f 676 827 679
f 827 830 679
f 676 679 514
f 514 679 518
f 677 676 514
f 677 674 825
f 825 823 952
f 952 823 950
f 947 950 823
f 947 823 821
f 506 670 672
f 506 672 509
f 509 672 674
f 509 674 512
f 509 508 328
f 508 509 327
f 327 509 328
f 508 327 328
f 506 509 328
f 324 506 328
f 324 328 327
f 324 327 323
f 220 327 331
f 327 328 331
f 331 328 332
f 332 328 509
f 332 509 512
f 332 512 331
f 512 511 331
f 512 674 514
f 512 514 511
f 514 674 677
f 511 514 331
f 335 336 340
f 340 336 518
f 517 340 518
f 518 336 514
f 337 338 341
f 341 338 342
f 342 338 236
f 521 342 347
f 342 521 520
f 342 520 341
f 521 525 520
f 525 521 347
f 524 520 525
f 685 524 688
f 688 524 529
f 530 688 529
f 688 694 693
f 689 688 530
f 688 689 694
f 693 694 842
f 842 694 700
f 695 694 537
f 695 537 538
f 538 537 530
f 530 537 694
f 530 694 689
f 530 529 524
f 530 524 525
f 538 530 531
f 701 695 543
f 695 538 543
f 543 538 544
f 544 538 539
f 709 701 710
f 701 543 702
f 701 702 710
f 702 543 544
f 710 702 544
f 710 544 711
f 711 544 545
f 711 545 703
f 711 703 712
f 703 545 546
f 704 712 703
f 704 703 546
f 712 704 705
f 712 705 713
f 713 705 706
f 713 706 714
f 714 706 852
f 852 706 847
f 852 847 848
f 852 848 853
f 853 848 975
f 972 975 848
f 975 972 971
f 975 971 974
f 972 848 971
f 971 848 847
f 975 972 1227
f 1223 1227 972
f 1227 1223 1524
f 1524 1223 1522
f 1522 1223 1520
f 1520 1223 1221
f 1223 972 1221
f 1221 972 968
f 968 972 971
f 968 971 967
f 967 971 847
f 843 967 847
f 967 843 968
f 968 843 844
f 964 968 844
f 839 964 844
f 968 964 1221
f 962 964 835
f 835 964 839
f 838 839 844
f 838 844 843
f 691 838 843
f 843 698 691
f 535 536 691
f 691 536 527
f 686 691 527
f 838 691 839
f 839 691 692
f 839 692 835
f 692 691 687
f 687 691 686
f 692 687 835
f 687 686 527
f 528 687 527
f 687 528 523
f 353 527 352
f 352 527 526
f 527 536 535
f 527 535 526
f 352 526 535
f 352 535 358
f 352 358 351
f 358 535 357
f 358 357 351
f 535 534 357
f 541 534 535
f 535 542 541
f 541 542 696
f 542 697 696
f 541 696 546
f 541 540 534
f 541 546 540
f 540 546 545
f 540 533 534
f 533 356 534
f 533 532 356
f 532 533 539
f 539 533 540
f 532 355 356
f 356 355 350
f 356 357 534
f 357 356 351
f 351 356 350
f 246 351 245
f 351 350 245
f 244 245 350
f 350 349 244
f 243 244 348
f 348 244 349
f 349 350 355
f 349 355 348
f 525 347 348
f 525 348 531
f 525 531 530
f 531 348 354
f 354 348 355
f 354 532 531
f 354 355 532
f 531 532 539
f 531 539 538
f 539 540 545
f 539 545 544
f 156 157 239
f 239 157 240
f 240 157 232
f 157 158 233
f 157 233 232
f 232 233 240
f 233 241 240
f 239 240 245
f 246 245 240
f 352 351 246
f 241 352 246
f 241 246 240
f 241 233 234
f 242 241 234
f 235 234 227
f 235 227 228
f 4655 4656 4661
f 4656 4983 4986
f 4656 4986 4661
f 5684 5687 5342
f 5684 5342 5340
f 5348 5344 5694
f 5344 5690 5345
f 5690 5694 5695
f 5690 5695 5691
f 5690 5691 5345
f 5691 5695 5345
f 5345 5695 5349
f 5345 5349 5350
f 5350 5007 5005
f 5007 4688 5005
f 4688 4687 4684
f 4688 4684 4685
f 4688 4685 5005
f 5005 4685 5004
f 4685 4684 5004
f 5350 5005 5346
f 5346 5005 5004
f 5002 5004 4682
f 4682 5004 4684
f 4681 4682 4318
f 4682 4684 4319
f 4682 4319 4318
f 4319 4684 4323
f 4319 4323 4318
f 4323 4322 4318
f 4323 4684 4327
f 4327 4684 4687
f 4323 4327 4322
f 4322 4327 4326
f 4322 4326 3935
f 3935 4326 3941
f 4318 4322 3930
f 3930 4322 3935
f 3935 3929 3930
f 4318 4317 4680
f 4318 4680 4681
f 4678 4314 4677
f 4314 4678 4680
f 4314 4680 4317
f 4682 4681 5002
f 5002 4681 5001
f 5001 4681 5000
f 5000 4681 4680
f 5002 5001 5342
f 5001 5000 5342
f 4998 5000 4680
f 4998 4680 4678
f 5344 5345 5342
f 5342 5345 5002
f 5002 5345 5004
f 5004 5345 5346
f 5350 5346 5345
f 5695 5699 5353
f 5695 5694 5698
f 5699 5695 5698
f 5353 5699 5698
f 5353 5698 5352
f 5357 5353 5356
f 5356 5353 5352
f 5014 5357 5013
f 5013 5357 5356
f 5360 5361 5018
f 5018 5361 5019
f 4701 4700 5014
f 4701 5014 5017
f 5014 4700 5013
f 5013 4700 4695
f 5017 5014 5018
f 5015 5018 5014
f 5360 5018 5015
f 5360 5015 5014
f 5358 5360 5014
f 5358 5014 5357
f 5014 5013 4695
f 4694 4695 5012
f 5012 4695 5013
f 4694 4693 4338
f 4695 4694 4339
f 4339 4694 4338
f 4339 4338 4331
f 4332 4339 4331
f 3950 4331 4330
f 4332 4331 3951
f 3951 4331 3950
f 3951 3950 3585
f 3951 3585 3576
f 4332 3951 4333
f 4332 4333 4339
f 3951 3952 4333
f 4339 4333 4340
f 3952 3951 3940
f 3952 3940 3941
f 3940 3951 3576
f 3941 3940 3934
f 3941 3934 3935
f 3952 3941 4326
f 3952 4326 4333
f 4333 4326 4334
f 4334 4326 4327
f 4327 4687 4688
f 4327 4688 4690
f 4334 4327 4690
f 4690 4688 4691
f 4690 4691 5009
f 4691 5010 5009
f 5010 5015 5009
f 5009 5014 4696
f 5009 4696 4690
f 4334 4690 4696
f 4341 4334 4696
f 4341 4696 4340
f 4340 4696 4695
f 4341 4340 4334
f 4334 4340 4333
f 4339 4340 4695
f 4695 4696 5014
f 5357 5014 5353
f 5014 5009 5353
f 5009 5015 5354
f 5009 5354 5353
f 5015 5358 5354
f 5354 5015 5010
f 5695 5353 5349
f 5349 5353 5354
f 5349 5354 5350
f 5350 5354 5010
f 5350 5010 5007
f 4691 4688 5010
f 5010 4688 5007
f 5339 5340 5000
f 5000 5340 5342
f 4998 5339 5000
f 4313 4677 4314
f 4318 3930 3929
f 4318 3929 4317
f 3934 3929 3935
f 3934 3940 3576
f 3576 3585 3584
f 3576 3584 3575
f 3584 3585 3950
f 3949 3950 4330
f 3950 3949 3583
f 3584 3950 3583
f 3575 3584 3574
f 3574 3584 3583
f 3575 3574 3174
f 3165 3575 3174
f 3575 3165 3565
f 3583 3949 3582
f 3574 3583 3582
f 3574 3582 3573
f 3173 3573 3172
f 3173 3172 3162
f 3162 2753 2754
f 3173 3162 3163
f 3163 3162 2754
f 2754 2744 3163
f 3163 2744 3155
f 3163 3155 3156
f 3163 3156 3164
f 3156 3155 3152
f 3156 3152 3151
f 3152 3147 3551
f 3555 3152 3551
f 3147 3146 3551
f 3551 3146 3550
f 3156 3152 3555
f 3156 3559 3560
f 3156 3560 3164
f 3559 3156 3555
f 3559 3555 3560
f 3560 3555 3556
f 3560 3556 3922
f 3928 3560 3922
f 3560 3928 3929
f 3928 3922 3923
f 3929 3928 3923
f 3560 3929 3561
f 3560 3561 3566
f 3566 3561 3934
f 3934 3561 3929
f 3560 3566 3565
f 4314 4317 3929
f 4314 3929 3923
f 4314 3923 3922
f 4313 4314 3922
f 3922 3914 3921
f 3914 3922 3551
f 3922 3556 3551
f 3555 3551 3556
f 3922 3921 4312
f 4313 3922 4312
f 2718 2723 2722
f 3140 3134 3141
f 3141 3134 3135
f 3134 2723 2718
f 3135 3134 3131
f 3130 3134 2718
f 3134 3130 3131
f 2722 2717 2718
f 3130 2718 3127
f 3131 3130 3127
f 2306 2307 2717
f 2717 2307 2718
f 2319 2722 2320
f 2320 2722 2723
f 2728 2723 3134
f 2723 2728 2724
f 2728 3134 3140
f 2728 3140 3141
f 2728 3141 3142
f 2728 3142 2729
f 3141 3543 3142
f 3549 3550 3543
f 3543 3550 3544
f 3550 3146 3544
f 3544 3143 3543
f 3142 3543 3143
f 3143 3544 3146
f 2729 3142 2733
f 2729 2733 2732
f 3142 3143 3146
f 2733 3142 3146
f 3146 3147 3152
f 3146 3152 3151
f 3146 3151 2733
f 2737 2733 3151
f 2733 2737 2732
f 3151 3152 3155
f 2737 3151 2744
f 2744 3151 3155
f 2754 2753 2744
f 2744 2753 2743
f 3171 2752 3161
f 3161 2752 3162
f 3161 3162 3172
f 2753 3162 2752
f 2318 2319 1867
f 1877 1867 1878
f 1867 2319 1878
f 2319 2320 2324
f 1878 2319 2324
f 2324 2320 2325
f 2324 1879 1878
f 1879 1890 1878
f 1889 1878 1890
f 1890 1879 2324
f 2329 1890 2324
f 2329 2324 2325
f 2724 2728 2325
f 2325 2728 2729
f 2329 2325 2330
f 2330 2325 2729
f 2330 2729 2732
f 1890 2329 1891
f 1904 1890 1891
f 1890 1904 1903
f 1904 1891 2334
f 2335 2350 2334
f 2350 2335 2351
f 2334 1891 2329
f 2334 2329 2330
f 2334 2330 2335
f 2330 2732 2335
f 2736 2732 2737
f 2335 2732 2736
f 2737 2744 2736
f 2736 2744 2743
f 2743 2753 2351
f 2351 2753 2752
f 2743 2351 2736
f 2350 2351 2752
f 2751 2742 2752
f 2742 2349 2350
f 2742 2350 2752
f 2351 2335 2736
f 2325 2320 2724
f 2724 2320 2723
f 3534 3530 3895
f 3534 3895 3898
f 3896 3898 3895
f 3898 3896 3899
f 3899 3896 4283
f 3898 3899 3901
f 3899 3902 3901
f 3907 3906 3902
f 3902 3906 3901
f 3902 3899 4286
f 3902 4286 4290
f 4283 4286 3899
f 3551 3550 3913
f 3914 3551 3913
f 1914 2347 1913
f 1914 1913 1900
f 2347 2346 1913
f 1899 1900 1912
f 1912 1900 2346
f 2346 1900 1913
f 1912 2346 2345
f 2345 2346 2362
f 2362 2346 2347
f 2362 2347 2363
f 2363 2347 2364
f 2364 2347 2348
f 2751 2365 2364
f 2751 2364 2348
f 2742 2751 2348
f 2742 2348 2349
f 2751 2761 2364
f 2364 2761 2375
f 2375 2761 2760
f 2761 2768 2760
f 2760 2768 2767
f 2760 2767 2375
f 2375 2767 2382
f 2375 2382 2374
f 2374 2382 2381
f 2387 2381 2382
f 2774 2387 2382
f 2774 2382 2767
f 2774 2767 2768
f 2774 2768 2775
f 2775 2768 2776
f 2775 2776 2784
f 2775 2784 2783
f 2783 2782 2775
f 2774 2775 2782
f 2782 2783 2791
f 2791 2783 2792
f 2364 2375 2374
f 2364 2374 2363
f 2374 2373 2363
f 2373 2372 2361
f 2373 2361 2362
f 2373 2362 2363
f 2761 2751 2762
f 2762 2751 2752
f 2762 2752 3171
f 3172 3171 3161
f 2762 3171 3177
f 2762 3177 2769
f 2769 2776 2768
f 2769 2768 2762
f 2768 2761 2762
f 3961 3589 3582
f 3961 3582 3949
f 3949 4330 4337
f 4337 4330 4331
f 3949 4337 3961
f 4337 4331 4338
f 3961 3970 3960
f 3970 3961 4344
f 4344 3961 4337
f 4337 4338 4345
f 4337 4345 4344
f 4338 4693 4345
f 4345 4693 4698
f 4345 4351 4344
f 4344 4351 4350
f 4350 3970 4344
f 4350 3979 3970
f 3979 4350 4358
f 3979 4358 3988
f 3988 4358 4366
f 3988 4366 3997
f 3988 3997 3987
f 3996 3987 3997
f 3988 3987 3978
f 3988 3978 3979
f 3978 3987 3597
f 3597 3987 3601
f 3978 3969 3979
f 3970 3979 3969
f 3970 3969 3960
f 3969 3593 3960
f 3969 3978 3593
f 3593 3978 3597
f 3589 3960 3593
f 3960 3589 3961
f 3582 3589 3178
f 3178 3589 3183
f 3582 3178 3172
f 3582 3172 3573
f 3171 3172 3178
f 3171 3178 3177
f 3183 3589 3588
f 3589 3593 3588
f 3183 3588 3592
f 3592 3588 3593
f 3183 3592 3188
f 3593 3597 3596
f 3593 3596 3592
f 3596 3597 3601
f 3596 3601 3600
f 3601 3987 3606
f 3600 3601 3605
f 3601 3606 3605
f 3996 3606 3987
f 3205 3605 3604
f 3205 3604 3609
f 3205 3609 3211
f 3609 3604 3605
f 3609 3605 3610
f 3199 3205 3204
f 3205 3199 3200
f 3205 3200 3605
f 3605 3200 3600
f 3596 3600 3200
f 3194 3596 3200
f 3194 3200 3199
f 3596 3194 3188
f 3592 3596 3188
f 3187 3188 3194
f 3194 3193 3187
f 3193 3194 3199
f 3198 3199 3204
f 3193 3199 3198
f 3192 3193 3198
f 3193 3192 2792
f 2792 3192 3198
f 2792 3198 2798
f 2792 2783 3193
f 3193 2783 3187
f 3187 2783 2784
f 2784 2776 3187
f 3187 2776 3182
f 3188 3187 3182
f 3188 3182 3183
f 3182 2776 2769
f 3182 2769 3177
f 3182 3177 3178
f 3183 3182 3178
f 3164 3565 3165
f 3565 3164 3560
f 3575 3565 3566
f 3164 3165 3174
f 3575 3566 3576
f 3576 3566 3934
f 3174 3574 3173
f 3173 3574 3573
f 3164 3174 3173
f 3173 3163 3164
f 2394 2790 2796
f 2394 2796 2397
f 2394 1946 1945
f 1946 2394 1948
f 1950 1948 2398
f 1950 2398 2400
f 1950 1952 1520
f 1950 1520 1518
f 1520 1952 1954
f 1520 1954 1522
f 2797 2791 2792
f 2797 2792 2798
f 3204 2804 2798
f 3204 2798 3198
f 2798 2804 2803
f 2803 2804 3204
f 2798 2803 2797
f 2807 2803 3209
f 2400 2803 2807
f 2400 2807 2402
f 2404 2402 2807
f 1954 2404 1956
f 1956 2404 2406
f 2809 2404 2807
f 3209 3215 2807
f 2807 3215 2809
f 2404 2809 2811
f 2404 2811 2406
f 2811 2809 3221
f 3221 2809 3215
f 3216 3215 3209
f 3215 3216 3221
f 3222 3216 3217
f 3222 3217 3223
f 3217 3613 3617
f 3613 3614 3618
f 3618 3614 4026
f 4026 3614 4016
f 4027 4026 4016
f 4027 4016 4017
f 4017 4026 4027
f 4027 4017 4397
f 4383 4397 4017
f 4397 4383 4384
f 4383 4017 4374
f 4383 4374 4384
f 4374 4017 4007
f 4375 4384 4374
f 4384 4398 4397
f 4375 4374 4007
f 4366 4375 3997
f 3997 4375 4007
f 4007 3996 3997
f 3606 3996 3610
f 3610 3996 4007
f 3605 3606 3610
f 4007 4006 3610
f 4007 4017 4006
f 4017 4016 4006
f 4006 4016 3610
f 4016 3614 3610
f 3610 3614 3609
f 3614 3613 3609
f 3609 3613 3217
f 3211 3609 3217
f 3211 3217 3210
f 3210 3217 3216
f 3211 3210 3204
f 3211 3204 3205
f 3204 3210 2803
f 3210 3216 3209
f 3210 3209 2807
f 3210 2807 2803
f 5370 5719 5723
f 5373 5370 5723
f 4706 4354 4701
f 4706 4701 4702
f 4354 4706 4355
f 4702 4703 4706
f 4706 4703 4707
f 4706 4707 4355
f 4707 4356 4355
f 4355 4356 4363
f 4364 4363 4356
f 4364 4356 4707
f 4364 4707 4709
f 4364 4709 4712
f 4372 4364 4712
f 4371 4364 4372
f 4364 4371 4363
f 4363 4371 4362
f 4370 4362 4371
f 4379 4370 4371
f 4380 4379 4371
f 4371 4372 4381
f 4371 4381 4380
f 5026 5027 5029
f 5027 5030 5029
f 5029 4713 5026
f 4713 4710 5026
f 1856 1849 1469
f 1469 1849 1467
f 1857 1856 1469
f 1857 1469 1470
f 1470 1469 1468
f 1468 1469 1467
f 916 1163 912
f 1159 912 1163
f 912 1159 1160
f 1163 1164 1159
f 1159 1164 1160
f 1165 1164 1169
f 1169 1164 1168
f 1168 1164 1163
f 1169 1168 920
f 920 1168 919
f 920 919 931
f 930 931 919
f 919 1168 918
f 919 918 930
f 930 918 929
f 930 929 803
f 930 803 804
f 929 803 802
f 802 803 793
f 803 794 793
f 929 802 928
f 793 927 928
f 793 928 802
f 794 803 918
f 918 803 929
f 918 1167 916
f 1167 918 1168
f 916 1167 1163
f 1163 1167 1168
f 918 916 794
f 916 786 794
f 1478 1479 1473
f 1473 1479 1176
f 1176 1479 1181
f 1176 1177 928
f 1182 1177 1176
f 1182 1176 1181
f 1181 1479 1182
f 1182 1479 1480
f 1177 1182 935
f 1177 935 929
f 1182 1183 936
f 1182 936 935
f 936 1183 1188
f 1187 1183 1182
f 1188 940 936
f 1183 1187 1188
f 1187 1182 1486
f 1486 1182 1480
f 1188 1187 1486
f 1188 1486 1492
f 1193 1188 1492
f 1492 1486 1487
f 1188 941 940
f 941 1188 1189
f 1189 1188 1193
f 1189 1193 941
f 1193 1492 1497
f 1193 1497 1197
f 1194 1193 1197
f 1193 944 941
f 1193 943 944
f 1193 1194 943
f 941 816 936
f 936 816 812
f 812 811 936
f 936 811 935
f 936 937 941
f 936 940 937
f 940 941 937
f 1479 1478 1485
f 1485 1478 1484
f 1485 1484 1900
f 1485 1900 1901
f 1479 1485 1480
f 1480 1485 1486
f 1487 1486 1491
f 1487 1491 1492
f 1491 1486 1915
f 1902 1915 1486
f 1902 1486 1901
f 1915 1902 1901
f 1915 1901 1914
f 1915 1914 1924
f 1924 1914 1923
f 1913 1914 1901
f 1485 1901 1486
f 929 928 1177
f 929 935 803
f 803 935 810
f 803 810 804
f 804 810 811
f 810 935 811
f 657 663 497
f 657 497 492
f 657 492 493
f 308 493 307
f 307 493 492
f 307 492 312
f 492 497 312
f 499 497 663
f 499 663 665
f 665 663 815
f 816 665 815
f 816 815 811
f 816 811 812
f 811 815 812
f 812 815 663
f 941 944 816
f 947 821 944
f 944 821 819
f 944 819 816
f 665 816 668
f 816 819 668
f 665 668 499
f 499 668 503
f 670 506 503
f 670 503 668
f 503 506 324
f 503 324 320
f 503 320 319
f 320 324 319
f 319 324 323
f 503 319 502
f 319 211 318
f 640 641 480
f 480 641 642
f 480 642 481
f 27 20 101
f 20 96 101
f 101 96 102
f 96 97 102
f 473 483 474
f 474 483 301
f 474 301 296
f 301 483 300
f 186 296 300
f 186 300 185
f 296 301 300
f 189 185 300
f 189 300 304
f 189 304 192
f 489 300 483
f 304 300 489
f 489 493 304
f 304 493 308
f 304 308 192
f 192 191 105
f 192 105 188
f 188 105 102
f 189 192 188
f 188 102 189
f 185 189 98
f 98 189 102
f 98 102 97
f 1913 1899 1912
f 1899 1913 1900
f 1901 1900 1913
f 1914 1913 1923
f 1922 1923 1913
f 1922 1913 1912
f 1922 1912 1921
f 1491 1915 1496
f 1496 1915 1924
f 1491 1496 1497
f 1492 1491 1497
f 1197 1198 1194
f 1194 1198 947
f 1194 947 944
f 1194 944 943
f 1922 2362 2373
f 1922 2373 1923
f 1923 2373 1929
f 2373 2374 1929
f 1930 1929 1934
f 670 668 819
f 819 821 670
f 821 823 672
f 821 672 670
f 674 672 823
f 674 823 825
f 827 828 954
f 830 827 954
f 830 954 957
f 1946 1948 1516
f 1946 1516 1514
f 1516 1948 1518
f 1518 1948 1950
f 1518 1520 1221
f 1219 1221 964
f 1217 1219 964
f 1217 964 962
f 1217 962 1214
f 1217 1516 1219
f 1516 1217 1514
f 1516 1518 1219
f 1221 1219 1518
f 832 835 682
f 687 682 835
f 682 687 523
f 682 683 832
f 832 683 833
f 215 210 318
f 215 318 211
f 215 211 216
f 216 211 319
f 216 319 323
f 216 323 220
f 220 323 327
f 216 220 219
f 216 219 215
f 219 220 223
f 223 220 331
f 223 331 224
f 138 132 215
f 138 215 219
f 210 215 209
f 215 214 209
f 209 214 131
f 209 125 126
f 209 131 125
f 130 125 131
f 62 131 137
f 62 130 131
f 137 131 138
f 138 131 132
f 132 131 215
f 215 131 214
f 336 331 514
f 223 224 228
f 228 224 336
f 336 224 331
f 535 691 690
f 535 690 542
f 697 542 690
f 697 690 691
f 697 691 698
f 698 843 697
f 696 697 705
f 696 705 546
f 697 843 706
f 843 847 706
f 697 706 705
f 705 704 546
f 12828 12832 12995
f 12828 12995 12988
f 12832 12828 12616
f 12616 12828 12613
f 12616 12613 12386
f 12386 12613 12383
f 12386 12383 12385
f 12385 12383 12126
f 12126 12383 12124
f 12126 12124 11859
f 11859 12124 11857
f 11859 11463 11465
f 11465 11861 11859
f 11465 10989 11467
f 10989 10991 11467
f 11465 11467 10991
f 10557 10991 10989
f 10557 10989 10553
f 10989 11465 10987
f 10987 11465 11463
f 10985 10987 11461
f 11461 10987 11463
f 11461 11463 11859
f 11461 11859 11857
f 10548 10987 10985
f 10548 10985 10542
f 10548 10542 10541
f 10548 10541 10547
f 10547 10541 10546
f 10546 10540 10144
f 10547 10546 10552
f 10552 10546 10551
f 10556 10552 10551
f 10160 10556 10551
f 10556 10557 10552
f 10552 10557 10553
f 10557 10561 10991
f 10557 10556 10561
f 10556 10560 10561
f 10567 10561 10560
f 10561 10993 10991
f 10993 10561 10994
f 10561 10562 10994
f 10562 10561 10568
f 10562 10568 10994
f 10568 10561 10567
f 10566 10567 10560
f 10166 10560 10556
f 10165 10166 10160
f 10160 10166 10556
f 10166 10172 10560
f 10166 10165 10172
f 10560 10172 10566
f 10172 10165 10171
f 10567 10566 10575
f 10567 10575 10576
f 10567 10576 10568
f 10568 10576 10577
f 10569 10568 10577
f 11002 10577 10576
f 10576 10575 11002
f 10575 11001 11002
f 11002 11001 11012
f 11002 11003 10577
f 11003 11004 10578
f 10578 11004 10577
f 11004 11003 10577
f 10578 10577 11003
f 10569 10577 11003
f 10569 11003 10998
f 11475 10998 11476
f 10998 11475 10997
f 10569 10998 10997
f 10569 10997 10568
f 10568 10997 10994
f 11474 10997 11475
f 10997 11474 11471
f 10997 11471 10994
f 11474 11475 11471
f 11475 11871 11868
f 11475 11868 11471
f 11471 11868 11867
f 12137 11868 11872
f 11872 11868 11871
f 12138 12137 11872
f 11872 11871 11475
f 11872 11475 11476
f 11872 12144 12138
f 12839 12838 12845
f 12845 12838 12626
f 12626 12838 12625
f 12620 12625 12838
f 12620 12838 12619
f 12619 12838 12837
f 12832 12837 12838
f 12833 12832 12838
f 12619 12837 12832
f 12619 12832 12616
f 12833 12838 12995
f 12995 12838 12839
f 12995 12839 12996
f 12996 12839 13002
f 12996 12989 12988
f 12996 12988 12995
f 12833 12995 12832
f 12619 12616 12386
f 12619 12386 12389
f 12386 12385 12126
f 12386 12126 12129
f 12386 12129 12389
f 12126 12128 12129
f 12129 12128 11861
f 12129 11861 12132
f 12132 11861 11863
f 12132 11863 11864
f 11467 11863 11861
f 11861 11465 11467
f 11859 11861 12126
f 11861 12128 12126
f 12989 12996 12997
f 12989 12997 12990
f 12996 13002 12997
f 13002 12839 13003
f 13003 12997 13002
f 12840 13003 12839
f 12839 12845 12840
f 12840 12845 12846
f 12997 13003 12840
f 12840 12841 13003
f 12841 12840 12847
f 12840 12846 12847
f 12845 12626 12846
f 12626 12627 12846
f 12846 12627 12628
f 12846 12628 12847
f 12626 12632 12627
f 12627 12632 12633
f 12633 12632 12398
f 12633 12398 12399
f 12399 12398 12138
f 12399 12400 12633
f 12634 12633 12400
f 12633 12634 12627
f 12627 12634 12628
f 12628 12634 12629
f 12847 12628 12629
f 12848 12847 12629
f 12841 12847 12842
f 12842 12847 12848
f 12841 13004 13003
f 12841 12842 13004
f 12842 13005 13004
f 13004 13005 12999
f 12998 13004 12999
f 13003 13004 12998
f 12997 13003 12998
f 12998 12999 12992
f 12998 12992 12991
f 12998 12991 12997
f 12997 12991 12990
f 12620 12619 12625
f 12619 12624 12625
f 12624 12619 12389
f 12624 12389 12392
f 12632 12626 12398
f 12626 12625 12397
f 12626 12397 12398
f 12625 12393 12397
f 12624 12392 12625
f 12392 12393 12625
f 12389 12129 12392
f 12129 12132 12392
f 12392 12132 12133
f 12392 12133 12393
f 12393 12133 12137
f 12393 12137 12397
f 12133 12132 12137
f 12137 12132 12136
f 12136 12132 11864
f 11867 12137 12136
f 11867 12136 11864
f 12137 11867 11868
f 11471 11867 11864
f 11471 11864 11468
f 11864 11863 11467
f 11468 11864 11467
f 11468 11467 11471
f 11467 11470 11471
f 11467 10991 11470
f 11470 10991 10993
f 11471 11470 10993
f 10994 11471 10993
f 12138 12398 12137
f 12137 12398 12397
f 12139 12399 12138
f 12400 12401 12634
f 12634 12401 12635
f 12140 12401 12400
f 12401 12140 12141
f 12400 12399 12139
f 12140 12400 12146
f 12146 12400 12139
f 12139 12145 12146
f 12141 12140 12147
f 12147 12140 12146
f 11874 12146 12145
f 11875 12146 11874
f 11482 11874 11878
f 11875 11874 11482
f 11875 11482 11483
f 11875 11483 11477
f 11482 11878 11877
f 11877 11878 11874
f 11877 11874 11873
f 11873 11874 12145
f 11873 11872 11476
f 11873 11476 11481
f 11872 11873 12145
f 11872 12145 12144
f 12138 12144 12145
f 12139 12138 12145
f 10148 10144 10147
f 10144 10148 10546
f 10546 10148 10154
f 10551 10546 10154
f 10154 10148 10147
f 10551 10154 10160
f 10160 10154 10153
f 10153 10154 10147
f 10147 10144 10143
f 10147 10143 9788
f 9788 10143 9778
f 9788 9778 9787
f 9787 9778 9777
f 9788 9787 9792
f 9787 9791 9792
f 9788 9792 10153
f 9788 10153 10147
f 10153 9792 10159
f 10153 10159 10160
f 10159 9792 9797
f 10160 10159 10165
f 10164 10165 10159
f 9801 10164 10159
f 10165 10164 9801
f 9801 9805 10170
f 10171 10170 9805
f 9810 9805 9804
f 9809 9810 9804
f 9810 9809 9427
f 9428 9810 9427
f 9810 9811 10178
f 9805 9810 10170
f 9810 10178 10171
f 9810 10171 10170
f 10171 10178 10179
f 10172 10171 10179
f 10566 10172 10575
f 10172 10179 10574
f 10172 10574 10575
f 10575 10574 10179
f 11001 10575 11011
f 10575 10574 10586
f 10575 10586 11011
f 11001 11011 11012
f 10587 11011 10586
f 11012 11011 10587
f 10588 11012 10587
f 10587 10586 10595
f 10595 10596 10587
f 10587 10596 10597
f 10587 10597 10588
f 11003 11002 11013
f 11013 11002 11012
f 11003 11013 11004
f 11004 11013 11014
f 11013 11012 10588
f 11013 10588 10598
f 11013 10598 11023
f 10588 10597 10598
f 11023 10598 10597
f 11013 11023 11024
f 11013 11024 11014
f 11015 11014 11024
f 11022 11023 10597
f 11024 11023 11032
f 11033 11024 11032
f 11032 11023 11031
f 11023 11022 11031
f 11022 10597 10596
f 11022 10596 11021
f 10595 10192 10594
f 10192 10595 10191
f 10574 10573 10586
f 10586 10573 10585
f 10573 10574 10178
f 10178 10574 10179
f 10585 10573 10186
f 10186 10573 10178
f 10585 10186 10185
f 10585 10186 10191
f 10586 10585 10594
f 10586 10594 10595
f 10595 10594 10191
f 10594 10585 10191
f 10192 10191 10594
f 10190 10191 9822
f 9821 9439 9825
f 9439 9438 9442
f 9439 9442 9825
f 9443 9825 9442
f 9821 9825 9826
f 9821 9826 10190
f 9821 10190 9822
f 10190 9826 10196
f 10190 10196 10191
f 9442 9087 9092
f 9443 9442 9448
f 9448 9442 9092
f 9826 9825 9443
f 9826 9443 9832
f 9832 9443 9448
f 9832 9448 9449
f 9093 9448 9092
f 9087 9086 8759
f 9092 9087 8760
f 8760 9087 8759
f 8759 8764 8765
f 8759 8765 8760
f 8760 8765 9092
f 8764 8759 8449
f 8759 8444 8449
f 8121 8449 8444
f 8444 8443 8117
f 8444 8117 8121
f 8121 8120 8449
f 8120 8121 7809
f 8121 7810 7809
f 8121 8117 8120
f 8120 8117 7809
f 7809 8117 7806
f 7809 7806 7468
f 7806 7465 7468
f 7804 7806 8117
f 7804 8117 8114
f 8759 9086 9082
f 8756 8759 9082
f 8756 9082 8757
f 8757 9082 9083
f 9083 9082 9086
f 9083 9086 9087
f 9083 9087 9442
f 9442 9438 9083
f 8756 8757 9083
f 9082 8756 9083
f 8759 8756 8444
f 8756 8440 8444
f 8443 8444 8440
f 8440 8439 8443
f 8117 8443 8114
f 8114 8443 8439
f 8114 8439 8115
f 8115 8439 8440
f 8115 8440 8114
f 8440 8756 8439
f 8439 8756 8752
f 8439 8752 8436
f 8752 8756 8753
f 8756 9082 8753
f 9082 9077 8753
f 9077 9082 9083
f 9438 9439 9434
f 9434 9439 9817
f 9817 9439 9821
f 9434 9817 9816
f 9434 9433 9077
f 9438 9434 9083
f 9434 9078 9083
f 9078 9434 9077
f 9083 9078 9077
f 9077 9070 8753
f 8747 8753 9070
f 9070 9077 9071
f 9077 9434 9071
f 9071 9434 9426
f 9434 9816 9426
f 9426 9816 9808
f 9426 9808 9809
f 9808 9816 9809
f 9809 9816 9817
f 9817 9821 9822
f 9817 9822 10185
f 9817 10185 10184
f 10185 9822 10190
f 10190 10191 10186
f 10185 10190 10186
f 10185 10186 10178
f 10177 10185 10178
f 9809 10177 9810
f 10177 9809 10176
f 10177 10176 10185
f 10185 10176 10184
f 10176 9809 10184
f 10184 9809 9817
f 9809 9427 9426
f 9071 9426 9427
f 9071 9427 9072
f 10178 9810 10177
f 10989 10987 10553
f 10553 10987 10548
f 10552 10553 10547
f 10547 10553 10548
f 10170 10171 10164
f 10164 10171 10165
f 10170 10164 9801
f 10594 10191 10197
f 10594 10197 10604
f 10594 10604 10605
f 10594 10605 10595
f 10197 10191 10196
f 10196 9826 10197
f 10197 9826 9832
f 9832 9833 10197
f 9831 9832 9448
f 9831 9448 9447
f 9831 9447 9830
f 9830 9447 9839
f 9839 9447 9455
f 9455 9447 9454
f 9447 9092 9454
f 9092 9447 9448
f 9092 9447 9093
f 9093 9447 9448
f 8764 8765 8449
f 8765 8764 9092
f 8765 8450 8449
f 9092 8764 9091
f 8448 8449 8120
f 8448 8120 8125
f 8454 8448 8125
f 8454 8125 8453
f 8453 8125 8124
f 8454 8453 8769
f 8770 8769 9097
f 9098 8770 9097
f 8770 8764 8769
f 8769 8764 8449
f 8769 8449 8454
f 8454 8449 8448
f 8764 8770 9098
f 8764 9098 9091
f 9092 9091 9098
f 9092 9098 9454
f 9097 8769 9102
f 9102 8769 8774
f 8774 8769 8773
f 8773 8769 8453
f 8774 8773 9102
f 8773 8453 8458
f 8458 8457 8773
f 8457 8458 8129
f 8457 8129 8128
f 8457 8128 8461
f 8461 8128 8132
f 8461 8132 8131
f 8460 8461 8131
f 8131 8132 7821
f 7821 8132 7822
f 7822 8132 8128
f 7822 8128 7817
f 8458 8453 8129
f 8129 8453 8124
f 8129 8124 7813
f 8129 7813 7818
f 8128 8129 7817
f 7817 8129 7818
f 7822 7817 7821
f 7821 7817 7480
f 7817 7477 7480
f 7813 7817 7818
f 7477 7817 7813
f 7473 7477 7813
f 7477 7473 7472
f 7146 7477 7472
f 7146 7472 7142
f 7142 7472 7143
f 7143 7472 7473
f 6908 7146 7142
f 6908 7142 6904
f 6904 7142 6905
f 6905 7142 7143
f 7146 6908 7145
f 7145 6908 6907
f 7145 6907 7149
f 7149 6907 6911
f 7149 6911 7152
f 7152 6911 6914
f 6914 7155 7152
f 7155 6914 6918
f 6918 6917 6921
f 6918 6917 7155
f 7154 7155 6917
f 7154 6917 6921
f 7158 7154 6921
f 7158 6921 7161
f 7161 6921 6924
f 7161 6924 7164
f 7161 7164 7163
f 7164 6924 6926
f 6924 6697 6699
f 6924 6699 6926
f 6926 6699 6703
f 6926 6703 6929
f 6926 7163 7164
f 7163 6926 7167
f 7167 6926 6929
f 6703 6706 6929
f 6929 6706 6931
f 7167 6929 6931
f 7167 6931 7170
f 7170 7501 7498
f 7170 7498 7167
f 7498 7501 7842
f 7842 7839 7498
f 7842 8153 8151
f 7842 8151 7839
f 7839 8151 8147
f 7839 7836 7498
f 7836 7839 8147
f 7498 7836 7495
f 7837 7836 8147
f 7837 8147 8148
f 7837 8148 7833
f 7833 8148 8144
f 7836 7837 7496
f 7496 7837 7833
f 7836 7496 7495
f 7496 7833 7493
f 7833 8144 7831
f 8144 8140 7831
f 7833 7831 7493
f 7831 7490 7493
f 7161 7493 7490
f 7493 7161 7496
f 7161 7164 7496
f 7164 7163 7496
f 7496 7163 7495
f 7163 7498 7495
f 7498 7163 7167
f 10595 10605 10606
f 10595 10606 10596
f 11021 10596 11030
f 10596 10606 11030
f 11030 10606 11031
f 11030 11031 11021
f 11022 11021 11031
f 11031 10606 10607
f 11031 10607 11032
f 10608 11032 10607
f 11032 10608 10609
f 11033 11032 10609
f 11034 11033 10610
f 10610 11033 10609
f 10610 10609 10623
f 10610 10623 10624
f 10624 10623 11043
f 11043 10623 11042
f 11043 11042 11492
f 11492 11042 11491
f 11491 11042 11057
f 11887 11491 11490
f 11879 11491 11888
f 11888 11491 11887
f 11492 11491 11879
f 11492 11879 11880
f 11880 11879 11888
f 11880 11888 11889
f 11888 12155 12156
f 11888 12156 11889
f 12156 12155 12168
f 12156 12168 12169
f 12169 12168 12407
f 12407 12406 12417
f 12155 11888 11887
f 12155 11887 11902
f 12155 11902 12154
f 11902 11887 11886
f 11506 11887 11490
f 11887 11506 11886
f 11506 11490 11505
f 11506 11505 11886
f 11505 11490 11489
f 11505 11489 11488
f 11504 11505 11488
f 11505 11504 11886
f 11504 11488 11503
f 11504 11503 11885
f 11504 11885 11886
f 11884 11885 11503
f 11900 11885 11899
f 11899 11885 11884
f 11886 11885 11900
f 11901 11886 11900
f 11886 11901 11902
f 11902 11901 12153
f 11902 12153 12154
f 12155 12154 12168
f 12168 12154 12167
f 12168 12406 12407
f 12406 12168 12405
f 12405 12168 12167
f 12406 12416 12417
f 12416 12406 12405
f 12415 12416 12405
f 12415 12405 12404
f 12404 12405 12167
f 12415 12404 12414
f 12404 12167 12166
f 12414 12404 12165
f 12404 12166 12165
f 12413 12414 12165
f 12165 12182 12413
f 12182 12165 12181
f 12413 12182 12181
f 12164 12181 12165
f 12181 12164 12163
f 12181 12163 12180
f 12163 12164 11910
f 12163 11910 11909
f 12163 11909 12179
f 12180 12163 12179
f 12179 11909 11918
f 12179 11918 11917
f 11918 11909 11908
f 11918 11908 11917
f 11917 12178 12179
f 12178 11917 12189
f 12178 12189 12179
f 12190 12179 12189
f 12425 12180 12191
f 12180 12425 12412
f 12180 12412 12181
f 12181 12412 12413
f 12426 12413 12412
f 12413 12426 12427
f 12428 12413 12427
f 12414 12413 12428
f 12442 12427 12441
f 12441 12427 12426
f 12428 12427 12443
f 12443 12427 12442
f 12646 12428 12443
f 12443 12442 12645
f 12646 12443 12645
f 12645 12442 12441
f 12657 12645 12656
f 12656 12645 12441
f 12645 12657 12658
f 12645 12658 12646
f 12656 12441 12451
f 12451 12441 12450
f 12441 12440 12450
f 12449 12450 12440
f 12449 12440 12439
f 12448 12449 12439
f 12448 12439 12196
f 12448 12196 12202
f 12197 12196 12439
f 12196 12197 12189
f 12439 12440 12425
f 12439 12425 12424
f 12440 12441 12426
f 12440 12426 12425
f 12425 12426 12412
f 12191 12180 12190
f 12190 12180 12179
f 12425 12191 12190
f 12425 12190 12424
f 12439 12424 12190
f 12439 12190 12197
f 12197 12190 12189
f 12448 12202 12456
f 12202 12201 12207
f 12449 12448 12456
f 12449 12456 12457
f 12450 12449 12458
f 12458 12449 12457
f 12458 12457 12463
f 12457 12456 12463
f 12463 12456 12462
f 12456 12202 12207
f 12206 12456 12207
f 12462 12456 12206
f 12206 12207 12201
f 12211 12206 12210
f 12210 12206 12205
f 12206 12200 12205
f 12200 12206 12201
f 11937 12205 12200
f 12210 12205 11941
f 11941 12205 11937
f 11937 11940 11941
f 11936 11940 11937
f 11941 11940 11944
f 11945 11941 11944
f 11941 11945 12210
f 12210 11945 12214
f 12218 12214 11948
f 12214 11945 11948
f 11948 11945 11944
f 11948 11944 11947
f 11947 11944 11550
f 11944 11943 11550
f 11943 11944 11551
f 11944 11940 11551
f 11547 11551 11940
f 11551 11547 11550
f 11550 11547 11546
f 11551 11550 11943
f 11550 11107 11112
f 11104 11550 11546
f 11107 11550 11103
f 11103 11550 11104
f 11099 11103 11104
f 11103 11099 11098
f 11104 11546 11542
f 11104 11542 11099
f 11098 11099 11094
f 11093 11098 11094
f 10675 11098 10670
f 10670 11098 11093
f 11093 11094 10670
f 10664 10670 11094
f 10664 11094 10665
f 11094 11089 10665
f 10240 10664 10235
f 9859 10235 9855
f 9859 9855 9858
f 9858 9855 9472
f 9858 9472 9471
f 9858 9471 9476
f 9859 9858 10235
f 10235 9858 10239
f 10239 9858 9863
f 10235 10239 10240
f 10240 10239 10244
f 10664 10240 10670
f 10670 10240 10244
f 10670 10244 10669
f 10675 10670 10674
f 10674 10670 10669
f 10674 10669 10244
f 10674 10244 10248
f 10244 10239 9867
f 10239 9863 9867
f 10244 9867 9866
f 10244 9866 9870
f 10248 10244 9870
f 10248 9870 10247
f 10252 9870 9873
f 9870 10252 10247
f 10248 10247 10252
f 11098 10675 11103
f 11103 10675 10679
f 11107 10684 10683
f 10684 11107 10679
f 10684 10679 10683
f 10679 11107 11103
f 10683 10679 10678
f 10257 10683 10253
f 10683 10678 10253
f 10679 10675 10674
f 10678 10679 10674
f 10253 10678 10674
f 10253 10674 10248
f 10253 10248 10252
f 10257 10253 10256
f 10253 10252 10256
f 10256 10252 9876
f 9876 10252 9873
f 9876 9873 9492
f 9495 9876 9492
f 9495 9492 9491
f 9492 9873 9870
f 9488 9492 9870
f 9488 9870 9484
f 9870 9866 9484
f 9866 9867 9863
f 9862 9866 9863
f 9862 9863 9480
f 9862 9480 9866
f 9863 9481 9480
f 9866 9480 9484
f 9484 9480 9125
f 9125 9480 9121
f 9488 9484 9125
f 9124 9125 9121
f 9124 9121 8790
f 9124 8790 8792
f 8792 8790 8789
f 8789 8790 9121
f 9124 8792 8794
f 8792 8475 8794
f 8792 8789 8473
f 8792 8473 8475
f 8469 8473 8789
f 8469 8789 8786
f 8786 8789 8790
f 8790 9121 9117
f 8790 9117 8786
f 8786 8470 8469
f 8470 8786 8466
f 8786 8782 8466
f 8469 8140 8144
f 8469 8144 8473
f 8148 8147 8475
f 8148 8475 8144
f 8144 8475 8473
f 8479 8475 8478
f 8478 8475 8151
f 8151 8475 8147
f 8475 8479 8794
f 8479 8478 8794
f 8478 8481 8794
f 8794 8481 8798
f 8798 8481 8797
f 8481 8483 8797
f 8156 8483 8481
f 8156 8481 8153
f 8153 8481 8151
f 8151 8481 8478
f 10605 10604 10197
f 10198 10605 10197
f 10606 10605 10199
f 10605 10198 10199
f 10207 10197 9833
f 10198 10197 10208
f 10197 10207 10208
f 10207 9833 10208
f 9833 9834 10208
f 10198 10208 10199
f 10199 10208 10209
f 10606 10199 10607
f 10607 10199 10200
f 10199 10209 10620
f 10621 10199 10620
f 10199 10621 10200
f 10620 10209 10621
f 10200 10621 10607
f 10608 10607 10621
f 10623 10609 10608
f 10623 10608 10622
f 11042 10623 11041
f 11041 10623 10622
f 11491 11042 11041
f 11491 11041 11056
f 11491 11056 11490
f 11056 11041 11040
f 11490 11056 11055
f 11490 11055 11489
f 11055 11056 11040
f 11489 11055 11054
f 11489 11054 11488
f 11054 11055 11039
f 11039 11055 11040
f 10621 11040 11041
f 10621 11041 10622
f 10608 10621 10622
f 11040 10621 10620
f 11040 10620 11039
f 10209 10619 10620
f 10208 10619 10209
f 10620 10619 10638
f 11039 10620 11053
f 11053 10620 10638
f 11054 11039 11053
f 11053 10638 10619
f 11054 11053 11488
f 11053 11487 11488
f 11053 10638 11052
f 10638 10637 11052
f 10638 10619 10618
f 10638 10618 10637
f 10618 10619 10207
f 10207 10619 10208
f 9833 9832 10207
f 10206 10207 9832
f 10206 9832 9831
f 10618 10207 10617
f 10618 10617 10637
f 10617 10207 10206
f 11052 10637 11051
f 11052 11051 11066
f 11052 11066 11067
f 11066 11502 11067
f 11066 11501 11502
f 11067 11502 11052
f 11052 11502 11053
f 11053 11502 11503
f 11053 11503 11487
f 11488 11487 11503
f 11884 11503 11502
f 11884 11502 11899
f 11502 11516 11898
f 11502 11898 11899
f 11900 11899 12152
f 11899 12151 12152
f 11899 12164 12151
f 12164 11899 11911
f 12164 11911 11910
f 11910 11911 11899
f 11910 11899 11898
f 11898 11516 11515
f 11897 11898 11515
f 11898 11897 11909
f 11898 11909 11910
f 11909 11897 11515
f 11908 11909 11514
f 11514 11909 11515
f 11523 11908 11514
f 11917 11924 12189
f 12189 11917 11923
f 11923 11917 11916
f 12189 11923 12188
f 12195 12189 12188
f 12196 12189 12195
f 12188 11923 12195
f 12196 12201 12202
f 12201 12196 12195
f 12195 11928 12201
f 11928 12195 11923
f 11928 11923 11927
f 11927 11923 11922
f 11923 11916 11532
f 11916 11528 11532
f 11916 11917 11528
f 11917 11908 11523
f 11917 11523 11528
f 11522 11528 11523
f 11523 11514 11522
f 11522 11514 11513
f 11513 11514 11072
f 11514 11073 11072
f 11513 11072 11522
f 11522 11521 11528
f 11528 11521 11527
f 11528 11527 11532
f 11532 11527 11531
f 11532 11531 11923
f 11923 11531 11922
f 11922 11531 11536
f 11922 11536 11927
f 11536 11531 11530
f 11536 11530 11535
f 11531 11527 11082
f 11531 11082 11530
f 11530 11082 11081
f 11077 11527 11521
f 11082 11527 11077
f 11077 11521 11078
f 11078 11521 11522
f 11078 11522 11072
f 11078 11072 11071
f 11071 11072 10648
f 11072 10649 10648
f 10649 11072 10643
f 11072 11064 10643
f 11065 11064 11072
f 11065 11072 11073
f 10644 11064 11065
f 11064 10644 10643
f 11065 11066 10644
f 10644 11066 11051
f 10644 11051 10635
f 10635 11051 10636
f 10636 11051 10637
f 10636 10637 10617
f 10636 10617 10206
f 10636 10216 10215
f 10216 10206 10215
f 10216 10636 10206
f 10206 10205 10215
f 10205 10206 9831
f 10215 10205 9831
f 10215 10635 10636
f 10634 10635 10215
f 10635 10634 10644
f 10643 10644 10634
f 10643 10634 10214
f 10214 10634 10215
f 10643 10214 10221
f 10648 10649 10643
f 11071 11077 11078
f 11077 11071 10648
f 11082 11077 11081
f 11086 11081 10662
f 11086 10662 10661
f 11530 11086 11090
f 11530 11090 11535
f 11530 11531 11086
f 11081 11086 11530
f 11538 11539 11094
f 11094 11539 11535
f 11539 11538 11542
f 11543 11539 11542
f 11535 11539 11536
f 11536 11539 11927
f 11539 11932 11927
f 11539 11931 11932
f 11932 11931 11936
f 11936 11931 11543
f 11543 11931 11539
f 11928 11927 11933
f 11928 11933 12201
f 11927 11932 11933
f 12201 11933 11932
f 12201 11932 12200
f 12200 11932 11937
f 11937 11932 11936
f 11936 11543 11940
f 11940 11543 11547
f 11547 11543 11546
f 11546 11543 11542
f 11542 11538 11094
f 11542 11094 11099
f 11089 11094 11535
f 11089 11535 11090
f 11089 11090 11086
f 11089 11086 11085
f 11085 11086 10661
f 10661 10662 10657
f 10657 10662 11081
f 10661 10657 10656
f 10233 10656 10657
f 10656 10233 10661
f 10661 10233 10236
f 10236 10233 10235
f 11085 10661 10665
f 11085 10665 11089
f 10665 10661 10664
f 10661 10660 10664
f 10235 10664 10660
f 10235 10660 10661
f 10235 10661 10236
f 10235 10232 9855
f 10232 10235 10233
f 9855 10232 10233
f 9855 9851 9468
f 9472 9855 9468
f 9472 9468 9471
f 9471 9468 9114
f 9109 9114 9468
f 9468 9110 9109
f 9109 8778 9114
f 9114 8778 8783
f 9114 8783 8782
f 9114 8782 9113
f 9113 8782 8786
f 9113 8786 9117
f 9117 9114 9113
f 9117 9118 9114
f 9118 9117 9476
f 9114 9118 9471
f 9471 9118 9476
f 9475 9476 9117
f 9476 9475 9480
f 9480 9475 9117
f 9121 9480 9117
f 9480 9481 9476
f 9481 9863 9476
f 9476 9863 9858
f 10643 10642 10648
f 10643 10221 10642
f 10221 10220 10642
f 10648 10642 10220
f 10648 10220 10225
f 10648 10225 10224
f 10648 10224 10647
f 10647 10224 10652
f 10648 10647 10652
f 10652 10224 10229
f 10648 10652 10653
f 10652 11076 11077
f 11076 10652 10657
f 11076 10657 11081
f 11076 11081 11077
f 10652 11077 10653
f 10648 10653 11077
f 11480 11476 11004
f 11004 11476 10998
f 11004 10998 11003
f 11481 11480 11004
f 11476 11480 11481
f 11873 11481 11877
f 11877 11481 11482
f 11482 11481 11005
f 11482 11005 11006
f 11483 11482 11007
f 11482 11006 11007
f 11006 11016 11007
f 11007 11016 11017
f 11483 11007 11008
f 11477 11483 11478
f 11478 11483 11008
f 11478 11008 10999
f 11478 10999 11479
f 11479 10999 11000
f 11479 11000 11472
f 11478 11479 11472
f 11478 11876 11875
f 11478 11875 11477
f 12146 11875 12147
f 12147 11875 11876
f 12142 12147 11876
f 12141 12147 12142
f 12142 11869 11876
f 12142 11869 11870
f 11870 11869 11876
f 12142 11870 12143
f 11876 11478 11479
f 11876 11479 11870
f 11479 11472 11870
f 12143 11870 12134
f 11865 12134 11870
f 11865 11870 11472
f 11865 11866 12135
f 11865 12135 12134
f 12135 11866 12131
f 12134 12135 12131
f 12131 11866 11862
f 11469 11866 11865
f 11466 11862 11866
f 11466 11866 11469
f 11469 11865 11472
f 11469 11472 11473
f 11473 11472 10995
f 10992 11473 10995
f 10992 10995 10996
f 11472 11000 10995
f 11000 10999 10571
f 11000 10571 10995
f 10571 10563 10995
f 10995 10563 10996
f 10996 10563 10564
f 10992 10996 10564
f 10563 10571 10572
f 10563 10572 10564
f 10564 10572 10173
f 10167 10564 10173
f 10168 10167 10173
f 10167 10168 10564
f 10168 10173 10174
f 10173 10572 10180
f 10173 10180 10174
f 10174 10180 10181
f 10564 10168 10565
f 10564 10565 10559
f 10564 10559 10558
f 10559 10565 10162
f 10162 10565 10168
f 10558 10559 10554
f 10558 10554 10161
f 10162 10168 10169
f 10162 10169 10163
f 10163 10169 9802
f 9798 10163 9802
f 9798 9802 9799
f 10175 10169 10174
f 10174 10169 10168
f 10175 10174 9807
f 9807 10174 9806
f 9813 9807 9806
f 9813 9806 9812
f 9806 10174 10181
f 9812 9806 10181
f 9812 10181 9813
f 10181 10180 10583
f 10180 10582 10583
f 10181 10182 9813
f 10182 10183 9813
f 9813 10183 9814
f 9807 9813 9424
f 9813 9429 9424
f 9430 9429 9813
f 9430 9813 9814
f 9429 9430 9424
f 9424 9430 9425
f 9425 9430 9073
f 9425 9073 9068
f 9430 9431 9073
f 9814 10183 10189
f 10189 10183 10182
f 10189 10182 10188
f 10188 10182 10593
f 10593 10182 10584
f 10593 10584 10592
f 10584 10182 10583
f 10583 10182 10181
f 10582 10180 10572
f 10581 10582 10571
f 10571 10582 10572
f 10581 10571 10570
f 10580 10581 10570
f 11005 11481 11004
f 11005 11004 11015
f 11015 11004 11014
f 11016 11006 11005
f 11016 11005 11015
f 11016 11015 11026
f 11017 11016 11026
f 11027 11017 11026
f 11017 11027 11028
f 11018 11017 11028
f 11018 10589 11019
f 10589 10590 11019
f 10590 10589 10599
f 10589 11018 11028
f 10589 11028 10599
f 10590 10599 10600
f 10599 11028 10600
f 11028 11029 10600
f 10590 10600 11029
f 10600 11029 10601
f 11018 11019 11008
f 11008 11019 11009
f 11017 11018 11007
f 11007 11018 11008
f 10580 11008 10581
f 10581 11008 11009
f 11007 11008 10580
f 11007 10580 10579
f 11008 11007 10579
f 11008 10579 10580
f 11008 10580 10999
f 10580 10570 10999
f 10999 10570 10571
f 10582 11010 11009
f 10584 10583 10592
f 10188 10593 10592
f 10188 10592 10187
f 10189 10188 9819
f 9819 10188 9818
f 10189 9819 9814
f 9814 9819 9815
f 9819 9820 9815
f 9819 9436 9435
f 9436 9819 9820
f 9824 9436 9820
f 9436 9824 9440
f 9824 9820 9819
f 9824 9819 9823
f 9823 9819 10195
f 9819 10189 10195
f 9819 9818 10189
f 10189 10188 10195
f 10189 9818 10188
f 10194 10195 10188
f 9823 10195 9828
f 9828 10195 10204
f 10204 10195 10203
f 10195 10194 10203
f 10203 10194 10603
f 10203 10603 10616
f 10203 10616 10202
f 10616 10603 10602
f 10603 10194 10602
f 10194 10188 10187
f 10194 10187 10602
f 10602 10187 10193
f 10193 10187 10592
f 10602 10193 10592
f 10592 10583 10582
f 10591 10592 10582
f 10591 10582 11020
f 11019 10590 10591
f 11019 10591 11020
f 11019 11020 11009
f 11009 11020 11010
f 11010 11020 10582
f 11009 11010 10581
f 10581 11010 10582
f 11025 11015 11024
f 11015 11025 11026
f 11025 11024 11034
f 11034 11024 11033
f 11034 11035 11025
f 11025 11035 11026
f 11035 11036 11026
f 11026 11036 11027
f 11028 11027 11037
f 11037 11027 11036
f 11037 11036 10613
f 11036 10612 10613
f 10612 11036 11035
f 10612 11035 10611
f 10611 11035 11034
f 10611 11034 10610
f 11043 11044 10625
f 11043 10625 10624
f 10624 10625 10610
f 10611 10610 10625
f 11037 11038 11028
f 11028 11038 11029
f 10614 11038 11037
f 10614 11037 10613
f 10628 10614 10627
f 10627 10614 10613
f 11047 10628 10627
f 10628 11047 10629
f 10629 11047 11048
f 11048 11047 11059
f 10628 10629 10614
f 10629 10615 10614
f 10614 10615 10201
f 10616 10615 10201
f 10616 10201 10202
f 10615 10616 10602
f 10616 10630 10631
f 10203 10616 10631
f 10210 10203 10631
f 10210 10631 10632
f 10210 10632 10211
f 10211 10203 10210
f 10203 10211 10204
f 10204 10211 9828
f 10204 9828 10203
f 10203 9828 9827
f 9835 9828 10211
f 10211 10212 9835
f 9828 9835 9829
f 9828 9829 9444
f 9444 9829 9445
f 9446 9445 9450
f 9445 9446 9089
f 9446 9450 9089
f 9089 9450 9451
f 9836 9450 9835
f 9835 9450 9445
f 9835 9445 9829
f 9450 9836 9451
f 9836 9837 9451
f 9837 9836 9841
f 9841 9836 10218
f 10219 9841 10218
f 9837 9841 9451
f 9451 9841 9456
f 9451 9456 9452
f 9456 9841 9842
f 9456 9842 9845
f 9461 9456 9845
f 9457 9456 9462
f 9462 9456 9461
f 9462 9461 9845
f 9846 9462 9845
f 9846 9845 9461
f 9846 9461 9462
f 9850 9845 10223
f 10227 9850 10223
f 9845 9842 10223
f 9842 10219 10223
f 10223 10219 10222
f 10219 9842 9841
f 10218 9836 10213
f 9836 9835 10213
f 10212 10213 9835
f 10213 10212 10217
f 10217 10212 10640
f 10640 10212 10633
f 10213 10217 10218
f 10218 10217 10640
f 10633 10212 10632
f 10632 10212 10211
f 10633 10632 10640
f 10630 10616 10629
f 10629 10616 10615
f 10630 10629 11049
f 10629 11048 11049
f 11048 11059 11049
f 11049 11059 11060
f 10630 11049 11050
f 11049 11060 11061
f 11497 11060 11059
f 11497 11059 11058
f 11497 11498 11060
f 11509 11498 11497
f 11509 11497 11508
f 11509 11508 11894
f 11895 11509 11894
f 11894 11508 11507
f 11507 11508 11496
f 11496 11508 11497
f 11894 11507 11893
f 11893 11507 11496
f 11496 11497 11058
f 11058 11047 11496
f 11047 11058 11059
f 11496 11047 11046
f 11047 10627 11046
f 10626 10627 10613
f 10626 10613 10612
f 10627 10626 11046
f 11046 10626 11045
f 10626 10612 10611
f 11046 11495 11496
f 11495 11046 11494
f 11486 11046 11045
f 11046 11486 11494
f 11493 11494 11486
f 11485 11493 11486
f 11485 11486 11045
f 11485 11045 11044
f 11044 11045 10625
f 10625 11045 10626
f 10625 10626 10611
f 11485 11044 11043
f 11043 11484 11485
f 11484 11043 11492
f 11485 11484 11492
f 11493 11485 11492
f 11493 11492 11880
f 11880 11889 11890
f 11889 12156 12148
f 12169 12170 12156
f 12169 12407 12408
f 12169 12408 12170
f 12408 12407 12418
f 12418 12407 12417
f 12408 12419 12409
f 12419 12408 12418
f 12433 12419 12418
f 12417 12432 12418
f 12432 12417 12431
f 12431 12640 12641
f 12431 12641 12432
f 12640 12649 12641
f 12641 12649 12650
f 12852 13008 13009
f 12852 13009 12853
f 12852 12853 12649
f 12649 12853 12650
f 12650 12651 12641
f 12641 12651 12642
f 12652 12643 12642
f 12643 12652 12653
f 12643 12653 12644
f 12434 12643 12644
f 12434 12644 12435
f 12420 12434 12435
f 12435 12653 12444
f 12435 12444 12436
f 12653 12435 12644
f 12444 12653 12654
f 12654 12653 12660
f 12654 12660 12661
f 12653 12652 12660
f 12652 12651 12855
f 12651 12854 12855
f 12651 12650 12854
f 12854 12650 12853
f 12854 12853 13009
f 12854 13009 13010
f 12854 13010 12855
f 12855 13010 13011
f 13009 13008 13155
f 13008 13154 13155
f 13154 13160 13155
f 13161 13155 13160
f 13160 13334 13335
f 13160 13335 13161
f 13155 13161 13156
f 13156 13161 13162
f 13156 13010 13155
f 13155 13010 13009
f 13011 13010 13156
f 12859 12855 13011
f 12652 12855 12660
f 12660 12855 12859
f 12859 13011 13015
f 13015 13011 13014
f 12660 12859 12661
f 12661 12859 12860
f 12661 12860 12862
f 12661 12862 12666
f 12860 12859 13015
f 12862 12860 13019
f 12860 13015 13016
f 12860 13016 13019
f 12666 12862 12672
f 12672 12862 12866
f 12672 12866 12673
f 12866 12862 12865
f 12866 12865 13023
f 12865 12862 13019
f 12865 13019 13023
f 13023 13019 13022
f 12866 13023 13025
f 12868 12866 13025
f 12870 12868 13025
f 13027 13025 13196
f 13196 13025 13186
f 13025 13023 13022
f 13185 13025 13022
f 13186 13025 13185
f 13186 13185 13196
f 13196 13185 13195
f 13195 13185 13366
f 13360 13185 13359
f 13185 13176 13175
f 13185 13175 13359
f 13359 13175 13351
f 13185 13360 13366
f 13366 13360 13359
f 13366 13359 13365
f 13359 13351 13358
f 13365 13359 13358
f 13364 13365 13358
f 13350 13358 13351
f 13364 13358 13194
f 13184 13194 13358
f 13184 13358 13357
f 13194 13184 13193
f 13193 13184 13183
f 13184 13357 13183
f 13357 13349 13348
f 13357 13348 13183
f 13349 13357 13358
f 13349 13358 13350
f 13341 13348 13349
f 13348 13341 13340
f 13341 13349 13342
f 13342 13349 13350
f 13340 13341 13335
f 13341 13336 13335
f 13336 13341 13162
f 13336 13162 13161
f 13336 13161 13335
f 13340 13335 13334
f 13340 13334 13339
f 13340 13339 13347
f 13340 13347 13348
f 13183 13348 13347
f 13347 13182 13183
f 13183 13182 13191
f 13183 13191 13192
f 13183 13192 13193
f 10224 10225 10220
f 10224 10220 9843
f 10224 9843 9848
f 9844 10220 10221
f 10221 10214 9839
f 10221 9839 9844
f 9839 9838 9844
f 9838 9839 9454
f 9839 9455 9454
f 9844 9838 9454
f 9844 9454 9460
f 9454 9098 9097
f 9454 9097 9453
f 9454 9453 9459
f 9454 9459 9460
f 9453 9097 9102
f 9459 9453 9102
f 9101 9102 8773
f 9106 9101 8773
f 9106 8773 8776
f 8776 8773 8772
f 9458 9101 9464
f 9464 9101 9106
f 9105 9106 8776
f 8772 8773 8457
f 8772 8457 8776
f 8776 8457 8461
f 9110 9105 8776
f 9105 9463 9106
f 9106 9463 9464
f 9464 9463 9468
f 9463 9105 9468
f 9105 9110 9468
f 9468 9851 9852
f 9469 9468 9852
f 9468 9469 9464
f 9469 9852 9464
f 9464 9852 9847
f 9851 9855 9856
f 9851 9856 9852
f 9856 9855 10233
f 9852 9856 10228
f 9856 10233 10228
f 10228 10233 10652
f 10652 10233 10657
f 10229 10228 10652
f 10229 10224 10228
f 10228 10224 9847
f 9852 10228 9847
f 9848 9847 10224
f 9847 9848 9465
f 9848 9843 9465
f 9465 9843 9459
f 9847 9465 9464
f 9465 9459 9464
f 9464 9459 9458
f 9458 9459 9101
f 9101 9459 9102
f 9844 9460 9459
f 9844 9459 9843
f 9844 9843 10220
f 11073 11514 11065
f 11500 11065 11514
f 11066 11065 11500
f 11066 11500 11501
f 11501 11500 11514
f 11501 11514 11515
f 11501 11515 11502
f 11515 11516 11502
f 13173 13166 13172
f 13166 13165 13172
f 13166 13167 13158
f 13166 13158 13157
f 13159 13160 13154
f 13153 13159 13154
f 13159 13153 13158
f 13158 13153 13007
f 13158 13007 13006
f 13008 13007 13154
f 13154 13007 13153
f 13334 13160 13159
f 13334 13159 13333
f 13339 13334 13333
f 13339 13333 13338
f 13338 13333 13159
f 13168 13338 13159
f 13168 13167 13338
f 13338 13167 13337
f 13167 13168 13159
f 13159 13158 13167
f 13338 13337 13345
f 13337 13167 13345
f 13167 13166 13174
f 13167 13174 13345
f 13174 13166 13173
f 13174 13173 13345
f 13173 13344 13345
f 13345 13344 13354
f 13345 13346 13338
f 13345 13354 13355
f 13346 13345 13355
f 13347 13346 13355
f 13355 13181 13182
f 13347 13355 13356
f 13356 13355 13182
f 13356 13182 13347
f 13346 13347 13339
f 13346 13339 13338
f 13165 13166 13017
f 13017 13166 13018
f 13012 13018 13166
f 13012 13166 13157
f 13018 13012 13017
f 13165 13017 13172
f 13172 13017 13021
f 12856 12861 12857
f 12861 13017 12857
f 12857 13017 13012
f 13012 13157 13158
f 13013 13012 13158
f 13013 13158 13006
f 13007 13008 12851
f 12851 13008 12852
f 12648 12649 12640
f 12648 12640 12639
f 12649 12648 12852
f 12852 12648 12851
f 13007 12851 12850
f 13007 12850 13006
f 13006 12850 13013
f 13013 12850 12858
f 13013 12858 12857
f 13013 12857 13012
f 12658 12857 12659
f 12646 12658 12659
f 12658 12659 12647
f 12646 12659 12647
f 12646 12637 12428
f 12637 12646 12647
f 12428 12637 12647
f 12428 12647 12638
f 12429 12428 12638
f 12638 12647 12648
f 12648 12639 12638
f 12851 12648 12850
f 12850 12648 12647
f 12850 12647 12858
f 12858 12647 12659
f 12858 12659 12857
f 12856 12857 12665
f 12857 12658 12665
f 12658 12657 12665
f 12856 12665 12861
f 12861 12665 12671
f 12864 12861 12671
f 13017 12861 12864
f 13017 12864 13021
f 13021 12864 12863
f 13020 13021 12863
f 13024 13020 12863
f 12867 13024 12863
f 13024 12867 13026
f 12867 12863 12670
f 12867 12670 12677
f 12869 12867 12677
f 12869 12677 12682
f 12867 12869 13026
f 13026 13187 13177
f 13026 13177 13024
f 13178 13177 13187
f 13177 13178 13024
f 13188 13178 13187
f 13188 13361 13178
f 13178 13361 13352
f 13352 13361 13362
f 13352 13362 13353
f 13352 13353 13178
f 13178 13353 13179
f 13178 13179 13173
f 13179 13353 13173
f 13024 13178 13021
f 13024 13021 13020
f 13178 13172 13021
f 13172 13178 13173
f 13344 13173 13353
f 13344 13353 13354
f 13355 13354 13181
f 13191 13182 13181
f 13190 13191 13181
f 13181 13354 13180
f 13190 13181 13180
f 13190 13180 13189
f 13189 13180 13354
f 13189 13354 13363
f 13363 13354 13353
f 13363 13353 13362
f 12414 12428 12429
f 12415 12414 12429
f 12638 12639 12429
f 12415 12429 12430
f 12430 12429 12639
f 12416 12415 12430
f 12416 12430 12417
f 12431 12417 12430
f 12430 12639 12431
f 12431 12639 12640
f 12451 12450 12656
f 12451 12450 12664
f 12656 12451 12664
f 12664 12450 12663
f 12663 12450 12458
f 12664 12665 12656
f 12656 12665 12657
f 12665 12664 12670
f 12665 12670 12671
f 12671 12670 12864
f 12864 12670 12863
f 12682 12677 12676
f 12682 12676 12681
f 12676 12677 12670
f 12669 12676 12670
f 12669 12463 12676
f 12463 12669 12464
f 12669 12670 12663
f 12663 12670 12664
f 12663 12458 12464
f 12663 12464 12669
f 12464 12458 12463
f 12676 12463 12469
f 12676 12469 12675
f 12676 12675 12681
f 12681 12675 12474
f 12474 12675 12469
f 12474 12469 12473
f 12473 12469 12468
f 12469 12463 12468
f 12468 12463 12462
f 12473 12468 12467
f 12473 12467 12472
f 12472 12467 12219
f 12461 12467 12468
f 12468 12462 12461
f 12467 12461 12215
f 12461 12462 12211
f 12211 12462 12206
f 12461 12211 12215
f 12467 12215 12219
f 12219 12215 12214
f 12219 12214 12218
f 12214 12215 12210
f 12215 12211 12210
f 12418 12432 12433
f 12432 12641 12642
f 12432 12642 12433
f 12651 12652 12642
f 12433 12642 12643
f 12433 12643 12434
f 12433 12434 12420
f 12419 12433 12420
f 12409 12419 12410
f 12410 12419 12420
f 12410 12420 12421
f 12410 12421 12411
f 12421 12420 12435
f 12421 12435 12422
f 12422 12435 12436
f 12411 12421 12173
f 12173 12421 12174
f 12174 12421 12422
f 12411 12173 12410
f 12173 12172 12410
f 12172 12173 12160
f 12159 12172 12160
f 12172 12159 12158
f 12172 12158 12171
f 12410 12172 12171
f 12409 12410 12171
f 12409 12171 12170
f 12409 12170 12408
f 12170 12171 12157
f 12157 12171 12158
f 12170 12157 12156
f 12158 12150 11890
f 12158 11890 12157
f 12150 12158 11891
f 11890 12150 11891
f 12157 11890 12149
f 11890 11889 12149
f 12149 11889 12156
f 12149 12156 12157
f 11880 11890 11881
f 11880 11881 11493
f 11494 11493 11881
f 11494 11881 11891
f 11881 11890 11891
f 11882 11494 11891
f 11494 11882 11883
f 11883 11882 11891
f 11883 11891 11892
f 11494 11883 11495
f 11883 11892 11495
f 11496 11495 11893
f 11893 11495 11892
f 11894 11905 11895
f 11894 11904 11905
f 11896 11895 11905
f 11895 11896 11509
f 11905 11906 11896
f 11509 11896 11510
f 11896 11906 11510
f 11510 11906 11517
f 11913 11906 11912
f 11912 11906 11905
f 11912 11905 12175
f 11913 11912 12175
f 11913 12175 12176
f 11906 11913 11907
f 11914 11907 11913
f 11914 11913 12176
f 11914 11919 11915
f 11914 12177 12186
f 11914 12186 11919
f 12177 11914 12176
f 12177 12176 12186
f 12186 12176 12185
f 12192 12193 12186
f 12192 12186 12185
f 12184 12185 12176
f 12184 12176 12175
f 12174 12175 12161
f 12184 12175 12174
f 12185 12184 12423
f 12437 12185 12423
f 12192 12185 12438
f 12438 12185 12437
f 12192 12438 12193
f 12446 12193 12438
f 12193 12446 12198
f 12446 12447 12198
f 12447 12446 12454
f 12446 12453 12454
f 12455 12454 12460
f 12447 12454 12203
f 12203 12454 12455
f 12203 12455 12204
f 12204 12455 12209
f 12209 12455 12460
f 12203 12198 12447
f 12198 12203 12204
f 12199 12198 12204
f 12193 12198 12199
f 12193 12199 12194
f 12194 12199 11925
f 11925 12199 11929
f 12193 12194 12186
f 12194 11925 11920
f 12186 12194 12187
f 12187 12194 11920
f 12187 11920 12186
f 11919 12186 11920
f 11919 11920 11915
f 11915 11920 11524
f 11920 11529 11524
f 11529 11920 11921
f 11524 11529 11525
f 11921 11926 11529
f 11926 11921 11920
f 11926 11920 11925
f 11926 11930 11534
f 11929 11534 11930
f 11534 11929 11537
f 11534 11537 11533
f 11534 11533 11087
f 11088 11534 11087
f 11534 11088 11083
f 11534 11083 11529
f 11083 11088 10658
f 10658 11088 10663
f 11083 11084 11529
f 11080 11084 10655
f 10655 11084 10658
f 10658 11084 11083
f 10654 10655 10658
f 11074 11080 11075
f 11079 11080 11074
f 11080 11079 11526
f 11080 11079 11525
f 11526 11079 11525
f 11525 11079 11074
f 11525 11074 11520
f 11075 11080 10650
f 10650 11080 10655
f 11075 10650 10645
f 11074 11075 10645
f 11070 11074 10645
f 10646 10645 10650
f 11520 11519 11525
f 11525 11519 11524
f 11526 11525 11080
f 11080 11525 11529
f 11080 11529 11084
f 11534 11529 11926
f 12165 12151 12164
f 12151 12165 12152
f 12152 12165 12166
f 12153 12152 12166
f 12152 12153 11901
f 11901 11900 12152
f 12153 12166 12154
f 12167 12154 12166
f 9771 9781 9772
f 9781 9771 9397
f 9772 9781 9782
f 9782 9781 9398
f 9772 9782 9773
f 9773 9782 9783
f 9773 9783 9774
f 9774 9783 9784
f 9784 9400 9401
f 9784 9401 9785
f 9400 9784 9783
f 9400 9783 9399
f 9399 9783 9782
f 9398 9399 9782
f 9398 9781 9397
f 9398 9397 9042
f 9042 9397 9041
f 9042 9041 9048
f 9398 9042 9049
f 9398 9042 9050
f 9398 9050 9399
f 9050 9042 9049
f 9399 9050 9400
f 9784 9785 9774
f 9774 9785 9775
f 9775 9785 9776
f 9776 9785 9786
f 9785 9401 9402
f 9785 9402 9786
f 9403 9402 9411
f 9053 9411 9402
f 9403 9411 9412
f 9791 9787 9403
f 9791 9403 9412
f 9791 9412 9415
f 9791 9796 9797
f 9791 9797 9792
f 10159 9797 9801
f 9801 9797 9796
f 9800 9801 9796
f 9800 9796 9415
f 9800 9415 9419
f 9796 9791 9415
f 9423 9419 9422
f 9422 9419 9418
f 9418 9064 9067
f 9067 9422 9418
f 9418 9419 9415
f 9418 9415 9414
f 9418 9414 9061
f 9418 9061 9064
f 9061 9414 9411
f 9053 9061 9411
f 9411 9414 9415
f 9411 9415 9412
f 9053 9402 9052
f 9052 9402 9401
f 9052 9401 9051
f 9051 9401 9400
f 8724 9052 8723
f 8723 9052 9051
f 9053 9052 8724
f 9053 8724 8725
f 8725 8724 8733
f 8733 8724 8732
f 9053 8725 8733
f 9061 9053 8733
f 9061 8733 9064
f 8733 8732 8741
f 8733 8741 9064
f 8741 8732 8740
f 8745 9064 8741
f 8741 8740 8745
f 9064 8745 9067
f 9419 9423 9804
f 9419 9804 9800
f 9423 9427 9804
f 9804 9427 9809
f 9804 9805 9800
f 9800 9805 9801
f 9048 9049 9042
f 9400 9050 9051
f 9051 9050 8723
f 9050 8722 8723
f 8723 8411 8724
f 8724 8411 8412
f 8412 8411 8090
f 8090 8411 8089
f 8412 8090 8094
f 8416 8412 8094
f 8724 8412 8732
f 8412 8416 8732
f 8423 8416 8100
f 8100 8416 8094
f 8416 8423 8732
f 8732 8423 8740
f 8740 8423 8425
f 8740 8425 8744
f 8740 8744 8745
f 8745 8744 8425
f 8423 8100 8103
f 8423 8103 8425
f 8106 8103 7796
f 7796 8103 7792
f 8103 8100 7792
f 7790 7792 8100
f 8100 7789 7790
f 8094 8090 7783
f 7783 8090 8089
f 8093 8094 7783
f 8094 8093 8100
f 8093 7783 8100
f 7789 8100 7783
f 7447 7789 7783
f 7790 7789 7447
f 7790 7447 7792
f 7792 7447 7448
f 7452 7792 7448
f 7447 7783 7441
f 7447 7118 7121
f 7447 7121 7122
f 7447 7451 7448
f 7451 7447 7452
f 7451 7452 7448
f 7447 7122 7452
f 7452 7122 7127
f 7792 7452 7796
f 7796 7452 7456
f 8106 8430 8425
f 8106 8425 8103
f 8431 8430 8748
f 8748 8430 8747
f 8430 8106 8105
f 8429 8430 8105
f 8106 7796 8105
f 7796 7795 8105
f 8105 7801 8111
f 7801 8105 7795
f 8111 7801 7800
f 7795 7455 7801
f 7795 7796 7455
f 7796 7456 7455
f 7456 7127 7455
f 7126 7455 7127
f 7454 7455 7459
f 7795 7455 7459
f 7801 7795 7800
f 7800 7795 7459
f 7454 7455 7126
f 8111 7800 8110
f 8114 8111 7801
f 8114 7801 7804
f 7801 7800 7804
f 8439 8114 8440
f 7465 7804 7462
f 7804 7465 7806
f 7465 7462 7464
f 7464 7462 7461
f 7464 7461 7135
f 7461 7462 7133
f 7461 7133 7132
f 7461 7132 7135
f 7132 7133 7462
f 7132 7462 7461
f 7459 7132 7461
f 7130 7132 7459
f 7130 7459 7454
f 7130 7454 7125
f 7125 7454 7126
f 7127 7456 7452
f 8716 9037 8712
f 9037 8716 9041
f 8716 8712 8401
f 8716 8401 8404
f 8083 8404 8401
f 8083 8401 8080
f 8083 8080 7775
f 7775 8080 7772
f 7775 7772 7433
f 7433 7772 7431
f 7433 7436 7775
f 7775 7436 7778
f 7779 7778 7436
f 7779 7436 7437
f 7779 7780 8088
f 7779 8088 8087
f 7780 7779 7437
f 7437 7438 7780
f 7780 7438 7781
f 7781 7438 7439
f 7780 7781 8089
f 8088 7780 8089
f 7779 8087 7778
f 7778 8087 8086
f 7775 7778 8083
f 7778 8086 8083
f 8087 8088 8410
f 8087 8410 8409
f 8088 8089 8411
f 8410 8088 8411
f 8089 7781 7783
f 7439 7783 7781
f 7783 7439 7441
f 9397 9388 9041
f 9041 9388 9037
f 9041 8716 9048
f 9048 8716 8720
f 9048 8720 9049
f 9049 8720 8721
f 9050 9049 8722
f 8722 9049 8721
f 8409 8721 8720
f 8721 8409 8722
f 8722 8409 8410
f 8087 8409 8408
f 8087 8408 8086
f 8411 8723 8410
f 8410 8723 8722
f 9787 9776 9786
f 9786 9402 9403
f 9786 9403 9787
f 9422 9067 9423
f 9072 9423 9067
f 9072 9427 9423
f 9071 9072 9067
f 9071 9067 8745
f 9071 8748 8747
f 9071 8747 9070
f 8753 8747 8752
f 8439 8436 8111
f 8439 8111 8114
f 8111 8436 8105
f 8105 8436 8429
f 8436 8752 8747
f 8429 8436 8430
f 8430 8436 8747
f 8430 8748 8426
f 8426 8748 8745
f 8426 8745 8425
f 8426 8425 8430
f 9071 8745 8748
f 8086 8408 8083
f 8083 8408 8404
f 8408 8409 8720
f 8720 8716 8408
f 8408 8716 8404
f 7433 7431 7105
f 7105 7431 7103
f 7105 7103 6866
f 6866 7103 6864
f 6866 6864 6641
f 6641 6864 6639
f 6641 6639 6399
f 6399 6639 6397
f 7105 6866 6868
f 7105 6868 7108
f 7108 6868 7109
f 6868 6866 6643
f 6866 6641 6643
f 6868 6643 6644
f 6643 6641 6401
f 6401 6641 6399
f 6087 6401 6399
f 6087 6399 6085
f 6085 6399 6397
f 6085 6397 6083
f 6085 6083 5727
f 5727 6083 5724
f 6087 6085 5727
f 6087 5727 5730
f 6087 5730 5731
f 6087 5731 6088
f 5731 5730 5381
f 5731 5381 5382
f 6089 5731 5732
f 5731 6089 6088
f 5733 5732 5384
f 5384 5732 5383
f 5383 5732 5731
f 5383 5731 5382
f 5383 5382 5041
f 5042 5383 5041
f 5383 5042 5384
f 5384 5042 5043
f 5733 5384 5385
f 5733 5385 5734
f 5384 5043 5385
f 5385 5043 5044
f 5044 5043 4733
f 4733 5043 4732
f 4726 4733 4732
f 4726 4732 4725
f 4733 4726 4734
f 4734 4726 4727
f 4727 4726 4395
f 4395 4726 4394
f 4734 4727 4404
f 4404 4727 4395
f 4742 4734 4411
f 4411 4734 4404
f 4412 4411 4404
f 4404 4405 4412
f 4405 4404 4396
f 4412 4405 4028
f 4411 4412 4415
f 4742 4411 4745
f 4745 4411 4415
f 4416 4415 4412
f 4742 4745 5061
f 4742 5061 5053
f 5061 5060 5053
f 5060 5061 5065
f 5064 5060 5065
f 5396 5060 5398
f 5060 5064 5398
f 5744 5396 5398
f 5744 6100 6099
f 6099 6413 6407
f 6413 6099 6414
f 6413 6414 6417
f 6417 6414 6100
f 6100 6414 6099
f 6417 6100 6102
f 6100 5744 5747
f 6100 5747 6102
f 5747 5744 5398
f 5751 5747 5403
f 5403 5747 5398
f 5403 5398 5404
f 5404 5398 5399
f 5068 5404 5399
f 5068 5399 5065
f 5404 5068 5403
f 5067 5403 5404
f 5067 5404 5068
f 5068 5065 4748
f 4752 5068 4748
f 5068 4752 5067
f 5067 4752 4751
f 5067 4751 4758
f 5073 5067 4758
f 4751 4752 4423
f 4751 4423 4429
f 4751 4429 4758
f 4429 4423 4430
f 4758 4429 4430
f 4430 4054 4434
f 4430 4434 4433
f 4434 4054 4059
f 4054 4055 4059
f 4433 4763 4430
f 4430 4763 4758
f 4758 4763 4762
f 4433 4434 4059
f 4433 4059 4063
f 4433 4063 4437
f 4763 4433 4437
f 5076 4762 4763
f 4758 4762 5076
f 4758 5076 5073
f 5073 5072 5067
f 5067 5072 5409
f 5402 5403 5409
f 5409 5403 5067
f 5751 5403 5402
f 5751 5402 5750
f 5076 5072 5073
f 5409 5072 5412
f 5072 5076 5412
f 4762 4763 4766
f 4763 4767 4766
f 4767 4763 4437
f 4762 4766 5076
f 5076 4766 5078
f 5076 5078 5413
f 5413 5078 5412
f 5076 5413 5412
f 5412 5413 5759
f 5412 5759 5409
f 5409 5759 5756
f 5402 5409 5750
f 5750 5409 5756
f 5750 6105 5751
f 5751 6105 6106
f 6106 6105 6421
f 6102 6106 6417
f 6417 6106 6421
f 6417 6421 6657
f 6421 6662 6657
f 6421 6420 6661
f 6421 6661 6662
f 6662 6887 6657
f 6662 6661 6887
f 6887 6661 6886
f 6661 6420 6660
f 6420 6419 6660
f 6419 6420 6424
f 6420 6105 6419
f 6419 6105 6110
f 6424 6419 6110
f 6419 6424 6660
f 6660 6424 6665
f 6886 6661 6660
f 6885 6660 6665
f 6886 6660 6885
f 6886 6885 7126
f 6891 6885 6665
f 6885 7125 7126
f 6885 6891 7125
f 7125 6891 7130
f 6886 7126 7127
f 6887 6886 7127
f 6887 6882 6657
f 6657 6882 6881
f 6882 6881 6879
f 6656 6657 6881
f 6656 6881 6879
f 6657 6656 6654
f 6656 6879 6654
f 6874 6654 6879
f 6417 6657 6656
f 6417 6656 6654
f 6417 6654 6413
f 6407 6413 6649
f 6649 6413 6654
f 6649 6654 6874
f 6649 6874 6646
f 6874 6871 6646
f 6407 6649 6646
f 6404 6407 6646
f 6099 6407 6093
f 6407 6404 6093
f 6093 6404 6090
f 6099 6093 5744
f 6093 5737 5744
f 5744 5737 5738
f 5396 5744 5738
f 5396 5738 5389
f 5389 5738 5385
f 5385 5738 5734
f 5385 5044 5052
f 5044 4733 5045
f 5044 5045 4734
f 4734 4742 5045
f 5045 4742 5053
f 5045 5053 5052
f 5045 5052 5044
f 5052 5053 5060
f 5389 5052 5060
f 5389 5060 5396
f 5389 5385 5052
f 7436 7433 7105
f 7436 7105 7108
f 7436 7108 7437
f 7437 7108 7109
f 7437 7109 7110
f 7437 7110 7438
f 7439 7438 7110
f 7439 7110 7111
f 7441 7439 7113
f 7113 7439 7111
f 7441 7113 7118
f 7441 7118 7447
f 7118 6879 6881
f 6874 6879 7118
f 6874 7118 7113
f 6871 6874 7111
f 7111 6874 7113
f 6646 6403 6404
f 6646 6645 6403
f 6093 6090 5733
f 6093 5733 5737
f 5737 5733 5738
f 5733 5734 5738
f 5734 5733 6090
f 5732 5733 6090
f 5732 6090 6089
f 6089 6090 6404
f 6089 6404 6403
f 6087 6088 6402
f 6087 6402 6401
f 6402 6088 6403
f 6403 6088 6089
f 6401 6402 6644
f 6643 6401 6644
f 6644 6402 6645
f 6644 6645 6869
f 6644 6869 6868
f 6868 6869 7109
f 7109 6869 6870
f 7110 7109 6870
f 7110 6870 7111
f 6871 7111 6870
f 6871 6870 6645
f 6871 6645 6646
f 6870 6869 6645
f 6645 6402 6403
f 7122 7121 7118
f 6882 7122 7118
f 6882 7118 6881
f 7122 6882 6887
f 7122 6887 7127
f 7459 7461 7800
f 7804 7800 7461
f 7462 7804 7461
f 6111 6110 6105
f 6110 6111 5756
f 6110 5756 5755
f 5756 6111 5750
f 6111 6105 5750
f 6105 6420 6421
f 6424 6110 6426
f 6426 6110 6114
f 6114 6110 6115
f 6427 6426 6114
f 6427 6114 6115
f 6427 6115 6117
f 6427 6117 6430
f 6115 5759 6117
f 6117 5759 5761
f 5756 5759 6115
f 5756 6115 6110
f 7132 7130 6893
f 6893 7130 6891
f 6891 6665 6893
f 6665 6667 6893
f 6667 6665 6424
f 6424 6426 6667
f 6426 6427 6667
f 6427 6668 6667
f 6893 6667 6668
f 6893 6668 6894
f 6893 6894 7132
f 7132 6894 7133
f 7132 7133 6893
f 6893 7133 6894
f 6667 6670 6896
f 6667 6896 6893
f 7132 6893 6896
f 7132 6896 7135
f 6896 6897 7135
f 7135 6897 7136
f 7136 6897 7139
f 7139 6897 6900
f 7139 6900 6905
f 6678 6905 6900
f 6678 6900 6674
f 6438 6678 6674
f 6438 6124 6441
f 6437 6438 6441
f 6437 6678 6438
f 6677 6678 6437
f 6677 6437 6681
f 6678 6677 6905
f 6905 6677 6904
f 6681 6904 6677
f 6908 6904 6681
f 6907 6908 6681
f 6907 6681 6680
f 6907 6680 6911
f 6684 6911 6680
f 6911 6915 6914
f 6911 6684 6915
f 6914 6915 6687
f 6687 6915 6684
f 6918 6914 6691
f 6691 6914 6687
f 6918 6691 6690
f 6918 6690 6917
f 6917 6690 6694
f 6917 6694 6921
f 6921 6694 6697
f 6697 6700 6699
f 6699 6700 6458
f 6459 6458 6700
f 6459 6700 6697
f 6459 6697 6456
f 6459 6456 6458
f 6456 6697 6694
f 6456 6694 6453
f 6456 6453 6142
f 6456 6142 6146
f 6456 6146 6459
f 6140 6142 6453
f 6142 6140 5784
f 5788 6142 5784
f 6142 5788 6146
f 5788 5792 6146
f 6146 5791 6145
f 5791 6146 5792
f 5791 5792 5794
f 5791 5792 5449
f 6145 5791 5794
f 6146 6145 6458
f 6146 6458 6459
f 6145 5794 6148
f 6458 6145 6148
f 6458 6148 6461
f 5452 5794 5791
f 5453 5452 5791
f 5453 5791 5449
f 5453 5449 5117
f 5117 5449 5114
f 5117 5114 4800
f 5117 4800 4803
f 4479 4803 4480
f 4803 4800 4801
f 4803 4801 4480
f 4480 4801 4476
f 4476 4801 4797
f 4801 4800 4797
f 4800 5114 4797
f 5110 5114 5447
f 5447 5114 5449
f 5792 5788 5449
f 5449 5788 5447
f 5447 5784 5443
f 5784 5447 5788
f 6140 6453 6449
f 6137 6140 6449
f 6140 6137 5784
f 5784 6137 5785
f 5785 6137 5782
f 5778 5782 6137
f 5778 6137 6134
f 5785 5782 5439
f 5444 5785 5439
f 5439 5782 5778
f 5439 5778 5435
f 5435 5778 5436
f 5435 5436 5439
f 5440 5103 5439
f 5440 5439 5436
f 5440 5436 5099
f 5440 5099 5104
f 5440 5104 5103
f 5779 5436 5778
f 5436 5779 5775
f 5436 5775 5432
f 5779 5778 6135
f 6135 5778 6134
f 5775 5779 6135
f 6134 6137 6446
f 6135 6134 6447
f 6447 6134 6446
f 6450 6446 6137
f 6446 6450 6687
f 6687 6450 6691
f 6450 6137 6449
f 6450 6449 6691
f 6449 6453 6690
f 6449 6690 6691
f 6690 6453 6694
f 6684 6687 6688
f 6687 6688 6447
f 6447 6688 6684
f 6687 6447 6446
f 6443 6447 6684
f 6684 6680 6681
f 6684 6681 6443
f 6443 6681 6441
f 6447 6443 6131
f 6135 6447 6131
f 6135 6131 5775
f 5432 5775 5776
f 5432 5776 5433
f 5776 5775 6131
f 5433 5776 5772
f 5436 5432 5099
f 5099 5432 5096
f 5432 5433 5097
f 5432 5097 5096
f 5099 5096 5097
f 5100 5099 5097
f 5099 5100 4788
f 4788 5100 4789
f 4789 5100 5097
f 4789 5097 4784
f 4789 4784 4462
f 4462 4784 4458
f 4459 4458 4784
f 4459 4784 4785
f 5092 5097 5433
f 5092 5433 5429
f 5093 5092 5429
f 5093 5429 5430
f 5429 5433 5772
f 5768 5773 6124
f 5773 5772 6129
f 5773 6129 6124
f 6129 5772 6128
f 5773 5768 5426
f 5426 5768 5427
f 5427 5768 5769
f 5426 5427 5088
f 5087 5426 5088
f 5430 5426 5087
f 5430 5087 5093
f 5093 5087 5088
f 5088 5427 5421
f 5088 5421 5081
f 5421 5422 5081
f 5081 5422 5082
f 5088 5081 5082
f 5089 5088 5082
f 4776 5088 5089
f 4777 4776 5089
f 4777 5089 5082
f 4777 5082 4771
f 5421 5427 5769
f 5422 5421 5764
f 5764 5421 5769
f 5765 5422 5764
f 5082 5422 5417
f 5082 5417 5078
f 5078 5416 5412
f 5078 5417 5416
f 5759 5412 5416
f 5759 5416 5761
f 6430 6117 6429
f 6430 6429 6427
f 6427 6429 6426
f 6426 6429 6667
f 6667 6429 6670
f 6670 6429 6671
f 6429 6430 6671
f 6896 6670 6897
f 6670 6671 6897
f 6900 6897 6671
f 6900 6671 6674
f 6674 6671 6430
f 6674 6433 6438
f 6120 6433 6434
f 6121 6120 6434
f 6433 6120 6124
f 6433 6124 6438
f 6120 6125 6124
f 6124 6128 6441
f 6128 6124 6129
f 6437 6441 6681
f 6443 6441 6131
f 6131 6441 6132
f 6132 6441 6128
f 5776 6131 6132
f 5776 6132 5772
f 5772 6132 6128
f 7464 7135 7465
f 7468 7465 7139
f 7465 7136 7139
f 7136 7465 7135
f 7468 7469 7810
f 7468 7810 7809
f 8120 7809 7814
f 8125 8120 7814
f 8125 7814 7813
f 8125 7813 8124
f 7814 7809 7468
f 7473 7813 7814
f 7814 7468 7474
f 7814 7474 7473
f 7474 7468 7473
f 7468 7139 7473
f 7473 7139 7143
f 6905 7143 7139
f 8779 9110 8776
f 9110 8779 9109
f 9109 8779 8778
f 8778 8779 8776
f 8776 8461 8460
f 8776 8460 8778
f 8778 8460 8464
f 8460 8131 8135
f 8460 8135 8464
f 8135 8131 7821
f 8135 7821 7826
f 8135 7826 8134
f 8134 7826 7825
f 8135 8134 8463
f 8135 8463 8464
f 8463 8134 8466
f 8137 8466 8134
f 8137 8141 8466
f 8140 8141 8137
f 8466 8141 8470
f 8470 8141 8140
f 8470 8140 8469
f 8464 8463 8466
f 8782 8783 8466
f 8466 8783 8778
f 8466 8778 8464
f 9487 9488 9128
f 9488 9487 9491
f 9491 9487 9131
f 9131 9487 9128
f 9488 9491 9492
f 9134 9491 9131
f 9495 9491 9134
f 9134 9131 8801
f 8801 9131 8798
f 8798 9131 8794
f 8798 8797 8801
f 8801 8797 8800
f 8794 9128 9124
f 9124 9128 9125
f 9125 9128 9488
f 9128 8794 9131
f 7483 7825 7826
f 7483 7826 7484
f 7484 7826 7821
f 7484 7821 7480
f 7825 7483 7487
f 7825 7487 7828
f 7825 7828 8134
f 8134 7828 8137
f 8137 7828 7831
f 8140 8137 7831
f 7831 7828 7486
f 7490 7831 7486
f 7490 7486 7487
f 7487 7486 7828
f 7486 7487 7154
f 7154 7487 7155
f 7486 7154 7158
f 7486 7158 7490
f 7490 7158 7161
f 7155 7487 7152
f 7152 7487 7483
f 7152 7483 7484
f 7152 7484 7149
f 7484 7480 7149
f 7480 7477 7476
f 7480 7476 7145
f 7480 7145 7149
f 7476 7477 7146
f 7476 7146 7145
f 6924 6921 6697
f 9831 9830 9839
f 9831 9839 9840
f 9831 9840 10215
f 10215 9840 10214
f 10214 9840 9839
f 12992 12999 12993
f 12993 12999 13000
f 12993 13000 12994
f 12835 12994 13000
f 12994 12835 12830
f 13000 13001 12835
f 12830 12835 12831
f 12831 12835 12836
f 12831 12836 12615
f 12618 12615 12836
f 12835 12617 12618
f 12835 12618 12836
f 12835 13001 12834
f 12834 13001 13000
f 13000 12999 12843
f 12999 13005 12842
f 12999 12842 12843
f 13000 12843 12834
f 12834 12843 12835
f 12835 12843 12844
f 12842 12848 12843
f 12630 12621 12843
f 12630 12843 12849
f 12630 12849 12629
f 12849 12843 12848
f 12849 12848 12629
f 12844 12843 12622
f 12622 12843 12621
f 12622 12621 12630
f 12835 12844 12622
f 12835 12622 12617
f 12617 12622 12618
f 12618 12622 12623
f 12388 12618 12391
f 12391 12618 12623
f 12618 12388 12387
f 12387 12388 12391
f 12618 12387 12617
f 12618 12617 12615
f 12615 12617 12614
f 12614 12617 12387
f 12614 12387 12384
f 12384 12387 12388
f 12384 12388 12127
f 12384 12127 12125
f 12127 12131 11862
f 12127 11862 11860
f 12127 11860 12125
f 11858 11860 11464
f 11466 11464 11860
f 11466 11860 11862
f 11469 11473 10992
f 10992 10990 11469
f 11469 10990 11466
f 10558 10992 10564
f 11464 11466 10990
f 10990 10988 11464
f 10990 10992 10554
f 10992 10558 10554
f 10554 10161 10155
f 10155 10554 10555
f 10555 10554 10559
f 10555 10559 10156
f 10156 10155 10555
f 10162 10156 10559
f 10162 10163 10156
f 10555 10156 10550
f 10157 10156 10163
f 9799 10163 9798
f 10163 9799 9793
f 10163 9793 10157
f 9793 9799 9794
f 9793 9794 10157
f 10157 9794 10158
f 10152 10157 9794
f 10152 9794 9789
f 10157 10152 10151
f 10151 10152 10145
f 9789 10146 10152
f 10146 9789 9779
f 9779 9789 9790
f 9790 9404 9389
f 9389 9404 9405
f 9404 9790 9413
f 9405 9404 9413
f 9405 9413 9055
f 9405 9055 9043
f 9413 9054 9055
f 9054 9413 9062
f 9062 9413 9417
f 9066 9062 9421
f 9421 9062 9417
f 9421 9417 9420
f 9066 9421 9420
f 9066 9420 9065
f 9066 9069 8742
f 9069 9066 9068
f 9068 9066 9065
f 9425 9068 9065
f 9425 9065 9420
f 9069 8746 8742
f 8746 9069 9068
f 8746 9068 9074
f 8746 9074 8749
f 9074 9068 9073
f 9074 9073 9431
f 9074 9431 9432
f 9074 9432 9075
f 9075 8750 9074
f 9074 8750 8749
f 8746 8749 8427
f 8427 8749 8432
f 8432 8749 8750
f 8432 8750 8433
f 8432 8433 8427
f 8433 8428 8427
f 8433 8107 8428
f 8107 8104 8428
f 8433 8434 8107
f 8107 8434 8108
f 8427 8428 8746
f 8746 8428 8424
f 8424 8428 8101
f 8104 8101 8428
f 8101 8104 8102
f 8102 8104 7791
f 8104 7793 7794
f 8104 7794 7791
f 8095 8102 7791
f 7791 7784 8095
f 7784 7791 7442
f 7791 7449 7442
f 7449 7450 7443
f 7442 7449 7443
f 7453 7449 7791
f 7791 7794 7453
f 7457 7453 7794
f 7457 7794 7798
f 7797 7798 7794
f 7798 7797 8108
f 7797 8107 8108
f 7793 7797 7794
f 8107 7797 7793
f 8107 7793 8104
f 8109 7798 8108
f 7799 7798 8109
f 7798 7799 7457
f 7458 7457 7799
f 7129 7458 7460
f 7458 7799 7460
f 7460 7799 7803
f 7460 7463 7134
f 7463 7460 7803
f 7805 7463 7803
f 7803 7799 8109
f 8113 7803 8109
f 8109 8108 8434
f 8434 8433 8751
f 8751 8433 8750
f 8751 8750 9075
f 8751 9075 9076
f 9431 9430 9815
f 9430 9814 9815
f 9819 9435 9820
f 9820 9435 9436
f 9079 9080 9436
f 9437 9436 9080
f 9436 9437 9432
f 9436 9432 9431
f 9075 9432 9437
f 9075 9437 9080
f 9075 9080 9076
f 9076 9080 9081
f 9076 9081 8755
f 9076 8755 8751
f 9080 9084 8758
f 9080 8758 8755
f 9080 8755 8754
f 8437 8755 8758
f 9080 8755 9081
f 8751 8755 8437
f 8751 8437 8434
f 8434 8435 8109
f 8435 8434 8437
f 8435 8437 8438
f 8435 8438 8113
f 8438 8437 8113
f 8437 8112 8113
f 8437 8758 8441
f 8437 8441 8442
f 8112 8437 8442
f 8442 8116 8112
f 8758 8763 8446
f 8446 8763 8762
f 8446 8762 8445
f 8763 8445 8762
f 8446 8445 8763
f 8446 8441 8758
f 8441 8116 8442
f 8116 8113 8112
f 8113 8109 8435
f 8113 8112 7803
f 7803 8112 7802
f 8112 8113 7802
f 8116 7805 8113
f 7805 7803 8113
f 8113 7803 7802
f 12830 12827 12994
f 12391 12390 12387
f 12388 12387 12390
f 12388 12391 12127
f 12391 12388 12390
f 12127 12391 12131
f 12131 12391 12390
f 12131 12390 12130
f 12131 12130 12134
f 12391 12130 12390
f 12130 12391 12131
f 12135 12131 12396
f 12134 12395 12143
f 12143 12395 12403
f 12143 12403 12402
f 12143 12402 12142
f 12395 12134 12135
f 12395 12135 12396
f 12391 12396 12131
f 12391 12623 12622
f 12395 12391 12622
f 12391 12395 12396
f 12622 12631 12395
f 12403 12395 12402
f 12402 12395 12394
f 12394 12395 12630
f 12395 12631 12630
f 12631 12622 12630
f 12394 12630 12402
f 12630 12629 12636
f 12630 12636 12402
f 12636 12629 12635
f 12402 12636 12401
f 12401 12636 12635
f 12141 12402 12401
f 12142 12402 12141
f 12635 12629 12634
f 11462 11464 10988
f 11462 10988 10986
f 10988 10990 10554
f 10549 10988 10554
f 10549 10986 10988
f 10150 10550 10151
f 10151 10550 10156
f 10151 10156 10157
f 10550 10151 10145
f 10554 10155 10549
f 10149 10549 10155
f 10149 10155 10555
f 10149 10555 10550
f 10149 10550 10549
f 11038 10614 11029
f 10614 10615 10600
f 10614 10600 11029
f 10600 10615 10601
f 10601 10615 10602
f 10602 10591 10601
f 10591 10602 10592
f 10600 10601 10590
f 10601 10591 10590
f 9802 10169 10175
f 9802 10175 9807
f 9802 9803 9799
f 9803 9802 9807
f 9803 9807 9420
f 9420 9807 9424
f 9789 9794 9790
f 9795 9790 9794
f 9790 9795 9413
f 9795 9794 9799
f 9799 9416 9417
f 9799 9417 9795
f 9413 9795 9417
f 9417 9416 9420
f 9420 9416 9799
f 9420 9799 9803
f 9425 9420 9424
f 11050 11049 11061
f 11050 10631 10630
f 10632 10631 11050
f 11050 11061 10631
f 10631 11061 11062
f 10631 11062 10632
f 11062 10639 10632
f 11061 11060 11499
f 11499 11060 11498
f 10632 10639 10640
f 10640 10639 11062
f 10640 11062 11063
f 10218 10640 10641
f 10641 10640 10645
f 10645 10640 11069
f 11069 10640 11063
f 11069 11063 11062
f 11069 11062 11068
f 11069 11068 11511
f 11069 11511 11512
f 11068 11062 11510
f 11510 11062 11061
f 11511 11068 11510
f 11510 11061 11499
f 11510 11499 11498
f 11510 11498 11509
f 11510 11906 11518
f 11518 11906 11907
f 11510 11518 11511
f 11518 11907 11914
f 11518 11914 11519
f 11511 11518 11519
f 11511 11519 11512
f 10203 9827 10204
f 10204 9827 9828
f 9088 9445 9446
f 9446 9089 9088
f 9094 9089 9451
f 9089 9094 9090
f 9089 9090 8763
f 9089 8763 8762
f 8762 9089 8761
f 8761 9089 9088
f 8761 9088 8762
f 8762 9088 9089
f 9445 9088 9089
f 9444 9445 9828
f 9829 9828 9445
f 9823 9828 9824
f 9824 9828 9829
f 9824 9829 9445
f 9824 9445 9440
f 9441 9084 9080
f 9441 9080 9437
f 9441 9437 9436
f 9441 9436 9440
f 8758 9084 9085
f 8763 8758 8762
f 8762 8758 9084
f 9089 8762 9084
f 9089 9084 9441
f 9089 9441 9446
f 9441 9440 9445
f 9441 9445 9446
f 13163 13162 13169
f 13169 13162 13341
f 13169 13341 13342
f 13163 13164 13015
f 13014 13163 13015
f 13163 13014 13011
f 13163 13011 13156
f 13163 13156 13162
f 13016 13015 13019
f 13019 13015 13170
f 13170 13015 13164
f 13019 13170 13171
f 13019 13171 13176
f 13176 13171 13170
f 13022 13019 13176
f 13022 13176 13185
f 13175 13176 13170
f 13343 13175 13170
f 13175 13343 13351
f 13350 13351 13342
f 13342 13351 13343
f 13342 13343 13169
f 13169 13343 13170
f 13163 13169 13170
f 13163 13170 13164
f 12666 12667 12661
f 12667 12662 12661
f 12661 12662 12655
f 12654 12661 12655
f 12654 12655 12445
f 12655 12662 12445
f 12444 12654 12445
f 12452 12445 12662
f 12445 12452 12453
f 12445 12453 12446
f 12453 12452 12662
f 12668 12662 12667
f 12662 12668 12459
f 12453 12662 12459
f 12459 12465 12466
f 12459 12668 12674
f 12459 12674 12465
f 12673 12674 12668
f 12673 12668 12667
f 12667 12666 12672
f 12667 12672 12673
f 12674 12673 12679
f 12465 12674 12470
f 12470 12674 12679
f 12470 12471 12465
f 12465 12471 12466
f 12471 12217 12466
f 12466 12217 12213
f 12217 12216 12212
f 12217 12212 12213
f 12212 12216 11942
f 11942 12216 11946
f 11946 11552 11942
f 11942 11552 11548
f 12212 11942 11938
f 12212 11938 12208
f 12212 12208 12213
f 12466 12460 12459
f 12459 12460 12453
f 12453 12460 12454
f 12445 12446 12438
f 12445 12438 12437
f 12445 12437 12436
f 12445 12436 12444
f 12437 12423 12422
f 12437 12422 12436
f 12422 12423 12184
f 12183 12422 12184
f 12422 12183 12174
f 12183 12184 12174
f 12173 12174 12160
f 12160 12174 12161
f 12160 12161 11904
f 12160 11903 12159
f 12159 11903 11892
f 11903 12160 11904
f 11903 11904 11893
f 11893 11904 11894
f 11904 12161 12162
f 11904 12162 11905
f 12162 12161 12175
f 11905 12162 12175
f 11892 11891 12159
f 12159 11891 12158
f 11893 11892 11903
f 11915 11519 11914
f 11915 11524 11519
f 11074 11519 11520
f 11519 11069 11512
f 11519 11074 11069
f 11069 11074 11070
f 11069 11070 10645
f 10645 10646 10641
f 10218 10641 10219
f 10219 10641 10646
f 10646 10222 10219
f 10651 10650 10226
f 10651 10226 10227
f 10650 10655 10226
f 10655 10230 10226
f 10230 10655 10234
f 10234 10655 10659
f 10659 10655 10654
f 10659 10654 10658
f 10230 10234 9853
f 9853 10234 9857
f 10230 9853 9854
f 10231 10230 9854
f 9854 9853 9857
f 9850 9854 9470
f 9470 9466 9850
f 9845 9850 9466
f 9845 9466 9461
f 9462 9100 9457
f 9462 9104 9100
f 9456 9457 9100
f 9456 9100 9099
f 9099 9096 9456
f 9456 9096 9452
f 9104 9462 9103
f 9103 9462 9461
f 9103 9461 9466
f 9107 9103 9466
f 9108 9104 9103
f 9108 9103 9107
f 9107 9466 9108
f 9466 9467 9108
f 9466 9470 9111
f 9467 9466 9107
f 9107 9466 9111
f 9108 9467 9107
f 9108 9107 9111
f 9108 8777 9104
f 9104 8777 8775
f 8777 9108 8781
f 8781 9108 9112
f 8781 9112 9111
f 8781 8465 8777
f 8777 8465 8462
f 8462 8465 8136
f 8462 8136 8133
f 8465 8781 8784
f 8784 8781 8780
f 8784 8785 8468
f 8784 8468 8467
f 8785 8787 8471
f 8471 8468 8785
f 8468 8138 8467
f 8467 8138 8465
f 8465 8138 8136
f 8467 8465 8784
f 8143 8138 8142
f 8139 8138 8143
f 7832 8139 8143
f 8139 7832 7830
f 8138 8139 7829
f 7829 8139 7830
f 8138 7829 7827
f 8138 7827 8136
f 8462 8133 8459
f 8459 8133 8130
f 8130 8133 7823
f 8130 7823 7820
f 7819 8130 7820
f 7823 7824 7820
f 7824 7823 7482
f 7820 7824 7482
f 7820 7482 7479
f 7482 7823 7481
f 7479 7819 7820
f 7827 7481 7823
f 7481 7827 7485
f 7823 8133 7827
f 8133 8136 7827
f 7485 7827 7829
f 7488 7485 7829
f 7830 7832 7491
f 7830 7491 7489
f 7830 7489 7829
f 7829 7489 7488
f 7489 7491 7157
f 7489 7157 7488
f 7488 7157 7156
f 7481 7485 7150
f 7150 7485 7153
f 6912 7150 7153
f 7150 7151 7482
f 7150 7482 7481
f 7482 7151 7479
f 7479 7151 7148
f 7478 7479 7148
f 7148 7147 7478
f 7478 7147 7475
f 7475 7147 7144
f 7816 7475 7471
f 7816 7819 7475
f 7475 7819 7478
f 7479 7478 7819
f 8462 8459 8775
f 8462 8775 8777
f 8775 8459 8771
f 8771 8459 8455
f 8455 8459 8130
f 8127 8455 8130
f 8455 8127 8456
f 7819 7816 8130
f 8130 7816 8127
f 8455 8127 8126
f 8455 8452 8771
f 8452 8455 8126
f 8452 8126 8123
f 8767 8452 8451
f 8452 8767 8768
f 8452 8768 8771
f 9099 9100 9096
f 9096 9100 8771
f 9096 8771 8767
f 8767 8771 8768
f 8775 8771 9100
f 8775 9100 9104
f 9854 9850 9853
f 9850 9849 9853
f 10226 9849 9850
f 9853 9849 10230
f 10230 9849 10226
f 10226 9850 10227
f 10651 10227 10650
f 10650 10227 10222
f 10650 10222 10646
f 10222 10227 10223
f 10238 10234 10237
f 10237 10234 10659
f 10237 10659 10663
f 10663 10659 10658
f 10663 11088 11092
f 11088 11087 11092
f 11092 11087 11091
f 11087 11533 11537
f 11091 11087 11537
f 11537 11929 11935
f 11541 11537 11935
f 11926 11925 11929
f 11930 11926 11929
f 12199 12204 11935
f 11929 12199 11935
f 11541 11935 11540
f 11935 11934 11540
f 12204 12209 11935
f 11935 12209 11939
f 11935 11939 11938
f 11935 11938 11934
f 11541 11540 11096
f 11544 11540 11934
f 11544 11934 11938
f 11938 11939 12208
f 12208 11939 12209
f 12208 12209 12213
f 12213 12209 12466
f 12466 12209 12460
f 11091 11537 11096
f 11537 11541 11096
f 10671 11096 10672
f 10672 11096 11097
f 11097 11096 11102
f 11096 11101 11102
f 11097 11102 10672
f 10672 11102 10676
f 10673 10672 10677
f 10673 10677 10245
f 10677 10672 10676
f 10677 10249 10245
f 10677 10681 10254
f 10681 10682 10254
f 10680 10681 10677
f 10680 11106 10681
f 10676 10680 10677
f 11106 10680 11102
f 10680 10676 11102
f 11102 11101 11106
f 11105 11101 11549
f 11101 11105 11106
f 11105 11549 11553
f 11548 11553 11549
f 11552 11553 11548
f 11938 11942 11548
f 11938 11548 11544
f 11548 11549 11544
f 11544 11549 11101
f 11545 11544 11101
f 11544 11545 11100
f 11100 11545 11101
f 11544 11100 11540
f 11540 11100 11095
f 11540 11095 11096
f 11101 11096 11095
f 11101 11095 11100
f 10667 10663 11092
f 10663 10667 10237
f 10241 10237 10667
f 10242 10241 10667
f 10242 10237 10241
f 10237 10242 10238
f 10238 9860 10234
f 9857 10234 9860
f 9854 9857 9473
f 9854 9473 9470
f 9474 9470 9473
f 9474 9473 9478
f 9478 9473 9477
f 9477 9473 9860
f 9473 9857 9860
f 9477 9860 9478
f 9860 10238 9864
f 10238 10242 9864
f 10242 10667 10668
f 10672 10667 10666
f 10666 10671 10672
f 10671 10666 11096
f 10671 10666 11091
f 10671 11091 11096
f 11091 10666 10667
f 11091 10667 11092
f 10672 10673 10245
f 10672 10245 10667
f 10667 10245 10242
f 10249 10250 10245
f 10245 10250 10246
f 10250 10251 9872
f 10250 10254 10255
f 10255 10251 10250
f 10254 10250 10677
f 10677 10250 10249
f 10242 9865 9864
f 9865 10242 10243
f 9864 9865 9860
f 10243 10242 10246
f 10242 10245 10246
f 10246 10250 9871
f 9868 10246 9871
f 9871 10250 9872
f 9871 9872 9868
f 9872 10251 10255
f 9872 10255 9874
f 9874 9493 9872
f 9493 9874 9494
f 9872 9869 9868
f 9869 9872 9489
f 9869 9489 9485
f 10246 9868 10243
f 10243 9868 9865
f 9860 9865 9861
f 9865 9482 9861
f 9478 9861 9482
f 9860 9861 9478
f 9478 9482 9483
f 9482 9865 9483
f 9483 9865 9869
f 9869 9865 9868
f 9483 9869 9485
f 9485 9489 9486
f 9489 9490 9486
f 9486 9490 9129
f 9486 9129 9127
f 9489 9872 9493
f 9490 9489 9493
f 9490 9493 9494
f 9494 9132 9490
f 9490 9132 9129
f 9486 9127 9485
f 9485 9127 9126
f 8793 9127 9129
f 8793 9129 8795
f 8795 9129 8796
f 9129 9130 8796
f 9129 9132 9133
f 9129 9133 9130
f 9130 9133 8796
f 8796 9133 8799
f 8793 8791 9127
f 9127 8791 9123
f 8472 8791 8474
f 8472 8474 8145
f 8472 8145 8143
f 8145 8474 8476
f 8145 8476 8149
f 8149 8476 8150
f 8150 8476 8477
f 8149 8150 8145
f 8146 8145 8150
f 7838 8150 8152
f 7835 8150 7838
f 8150 7835 8146
f 8146 7835 8145
f 8145 7835 7834
f 7834 7835 7832
f 7834 7832 8145
f 8143 8145 7832
f 7832 7835 7494
f 7832 7494 7491
f 7492 7491 7494
f 7491 7159 7157
f 6920 7157 7159
f 6920 7159 6922
f 7156 7157 6920
f 6923 6922 7159
f 7159 7160 6923
f 7159 7491 7160
f 6923 7160 6925
f 7160 7162 6925
f 6927 6925 7162
f 6927 7162 7165
f 6930 6928 6927
f 6930 6928 7169
f 6928 6927 7166
f 6928 7166 7169
f 7166 6927 7165
f 7169 7166 7165
f 7169 7165 7168
f 7169 7168 7500
f 7500 7168 7497
f 7497 7168 7165
f 7169 7500 7499
f 7500 7497 7499
f 7840 7500 7499
f 7840 7499 7497
f 7500 7840 7841
f 8152 7840 7838
f 8152 8150 8480
f 8480 8150 8477
f 8482 8480 8796
f 8795 8796 8480
f 8793 8795 8480
f 8793 8480 8477
f 8793 8477 8476
f 8793 8476 8791
f 8476 8474 8791
f 9047 8717 8713
f 8084 8406 8405
f 8406 8084 8085
f 8085 7777 7773
f 8085 8084 7776
f 8085 7776 7777
f 7777 7776 7434
f 7776 7782 7440
f 7440 7782 7446
f 7776 8084 7782
f 7782 8084 8092
f 7788 7782 8092
f 8092 8099 7788
f 7782 7788 7446
f 7446 7788 7445
f 8099 8098 7787
f 8099 7787 7788
f 7788 7787 7445
f 7444 7445 7786
f 7786 7445 7787
f 7444 7786 7785
f 7443 7444 7785
f 7442 7443 7784
f 7784 7443 7785
f 7785 8096 7784
f 8096 7785 8097
f 8097 7785 7786
f 8097 7786 8098
f 8098 7786 7787
f 8421 8098 8099
f 8099 8422 8421
f 8415 8099 8092
f 8422 8099 8415
f 8422 8415 8731
f 8422 8731 8739
f 8738 8421 8422
f 8738 8422 8739
f 8092 8084 8405
f 8092 8405 8415
f 8405 8717 8415
f 8415 8717 8731
f 8731 8717 9060
f 9060 8717 9047
f 9047 9410 9060
f 9410 9409 9059
f 9410 9059 9060
f 9060 9059 8730
f 8731 9060 8730
f 8739 8731 8738
f 8738 8731 8730
f 8730 8729 8738
f 8730 9059 8729
f 9059 9409 9408
f 9058 9059 9408
f 9059 9058 8729
f 8729 8737 8738
f 8421 8738 8420
f 8420 8738 8737
f 8736 8419 8420
f 8736 8420 8737
f 8736 8737 8728
f 8737 8729 8728
f 8729 9058 8728
f 8728 9058 9057
f 8736 8728 8419
f 8727 8728 9057
f 8728 8727 8414
f 8728 8414 8419
f 8419 8414 8418
f 8414 8417 8418
f 8417 8414 8413
f 8418 8414 8091
f 8091 8414 8095
f 8418 8091 8095
f 8413 8414 8727
f 8413 8727 8726
f 8413 8726 8417
f 9056 8727 9057
f 8727 9056 9055
f 8727 9055 8726
f 9057 9058 9045
f 9058 9046 9045
f 9046 9058 9408
f 9046 9408 9045
f 9045 9408 9407
f 9045 9407 9044
f 9044 9407 9406
f 9044 9406 9405
f 9055 9056 9044
f 9044 9056 9045
f 9045 9056 9057
f 9043 9055 9044
f 9043 9044 9405
f 9055 9054 9062
f 9063 9055 9062
f 9055 9063 8735
f 9055 8735 8726
f 9062 8742 8734
f 9062 9066 8742
f 9062 8734 8735
f 9062 8735 9063
f 8742 8743 8734
f 8734 8743 8735
f 8742 8746 8424
f 8743 8742 8424
f 8424 8417 8743
f 8735 8743 8417
f 8726 8735 8417
f 8417 8424 8101
f 8095 8418 8417
f 8095 8417 8101
f 8101 8102 8095
f 8414 8418 8095
f 8095 7784 8096
f 8095 8096 8419
f 8095 8419 8418
f 8419 8096 8420
f 8420 8096 8097
f 8421 8420 8098
f 8098 8420 8097
f 9815 9820 9431
f 9431 9820 9436
f 7450 7449 7120
f 7450 7449 7119
f 7120 7450 7119
f 7119 7449 7123
f 7123 7449 7453
f 7128 7123 7453
f 7128 7453 7457
f 7128 7457 7458
f 7129 7128 7458
f 7131 7129 7460
f 7129 7131 6889
f 6892 6889 7131
f 6889 6892 6664
f 6889 6664 6890
f 6664 6892 6666
f 7128 7129 6888
f 7128 6888 7123
f 6888 7129 6889
f 6423 6664 6666
f 6423 6666 6425
f 6423 6425 6109
f 6425 6113 6109
f 6425 6666 6428
f 6666 6669 6428
f 6428 6669 6673
f 6669 6895 6673
f 6673 6895 6899
f 6899 6895 7134
f 6673 6899 6898
f 6672 6673 6898
f 6898 6899 7138
f 6898 7137 7138
f 7138 6899 7134
f 7134 7131 7460
f 6666 6892 6669
f 6892 6895 6669
f 6892 7131 6895
f 7134 6895 7131
f 7119 7123 7120
f 7124 7120 7123
f 7120 7124 6880
f 7450 7120 7443
f 7120 7114 7443
f 6880 7114 7120
f 7114 6880 6875
f 7115 7114 6875
f 7443 7114 7444
f 7444 7114 7115
f 7445 7444 7115
f 7445 7115 7116
f 6876 7115 6875
f 7116 7115 6876
f 6877 7116 6876
f 6877 6878 7117
f 6877 7117 7116
f 7446 7445 7116
f 7446 7116 7117
f 7440 7434 7776
f 7434 7435 7777
f 7435 7107 7104
f 7107 7435 7106
f 7106 7435 7434
f 7106 7434 7112
f 7107 7106 6867
f 6400 6405 6086
f 6405 6400 6406
f 6405 6400 6642
f 6405 6642 6648
f 6405 6648 6647
f 6647 6648 6642
f 6647 6642 6867
f 6872 6647 6867
f 6872 6867 6873
f 6872 6867 7106
f 6872 7106 7112
f 7434 7440 7112
f 7112 7440 7446
f 7112 7446 7117
f 6872 7112 7117
f 6872 7117 6878
f 6872 6878 6647
f 6653 6647 6878
f 6647 6653 6412
f 6647 6412 6405
f 6884 7124 7123
f 7124 6884 6880
f 6884 7123 6883
f 6875 6880 6650
f 6650 6880 6655
f 6655 6880 6884
f 6655 6884 6659
f 6659 6658 6655
f 6884 6883 6659
f 6883 7123 6888
f 6888 6889 6663
f 6663 6889 6664
f 6883 6888 6663
f 6883 6658 6659
f 6658 6883 6663
f 6663 6422 6658
f 6663 6664 6422
f 6664 6423 6422
f 6422 6418 6658
f 6658 6418 6415
f 6658 6415 6655
f 6875 6650 6876
f 6876 6650 6651
f 6651 6650 6410
f 6876 6651 6877
f 6877 6651 6652
f 6878 6877 6652
f 6653 6878 6652
f 6412 6653 6652
f 6412 6652 6411
f 6098 6412 6097
f 6097 6412 6411
f 6091 6405 6412
f 6091 6412 6098
f 6405 6091 6092
f 6405 6092 6086
f 6092 6091 6086
f 6092 6091 5736
f 6092 5736 6086
f 5729 6086 5736
f 5736 5388 5728
f 5736 5728 5729
f 5728 5388 5379
f 5728 5379 5729
f 5388 5378 5379
f 5379 5037 5038
f 5379 5378 5037
f 5378 5388 5037
f 5051 5037 5388
f 5038 5037 4728
f 4741 4728 5037
f 4741 5037 5051
f 5388 5736 5395
f 5395 5736 5743
f 5743 5736 6098
f 6098 5736 6091
f 5395 5059 5388
f 5388 5059 5051
f 5059 5395 5058
f 4741 4740 4410
f 4403 4741 4410
f 4741 4403 4728
f 4402 4403 4410
f 4402 4410 4409
f 4409 4410 4740
f 4402 4409 4408
f 4408 4409 4740
f 4401 4402 4408
f 4397 4406 4031
f 4397 4031 4027
f 4406 4397 4398
f 4406 4398 4407
f 4407 4736 4406
f 4407 4398 4736
f 4407 4736 4735
f 4407 4735 4406
f 4406 4735 4414
f 4735 4736 4743
f 4735 4743 4414
f 4031 4406 4414
f 5054 5062 4747
f 5054 4747 4743
f 5062 5054 5063
f 5063 5054 5055
f 5054 4743 5055
f 5397 5063 5055
f 5063 5397 5401
f 5063 5401 5066
f 5063 5066 5062
f 5062 5066 4747
f 5066 5401 5400
f 5066 5400 5405
f 5066 5405 5069
f 5066 4750 4747
f 4750 5066 5069
f 4750 5069 4755
f 4750 4755 4754
f 4755 5069 4756
f 5069 5070 4756
f 5070 5069 5406
f 5070 5406 5407
f 5070 5407 5071
f 5753 5407 5406
f 5753 5406 5752
f 5406 5401 5752
f 5752 5401 5748
f 5400 5401 5406
f 5400 5406 5405
f 5405 5406 5069
f 8718 8406 8719
f 8719 8406 8407
f 9451 9095 9094
f 9094 9095 9090
f 9095 9451 9096
f 9096 9451 9452
f 9095 8766 9090
f 9090 8766 8763
f 9095 9096 8767
f 9095 8767 8766
f 8763 8766 8767
f 8763 8766 8446
f 8766 8767 8446
f 8447 8446 8451
f 8451 8446 8767
f 8118 8446 8447
f 8118 8447 8119
f 8119 8447 8451
f 8451 8122 8119
f 8122 8451 8452
f 8122 8452 8123
f 8122 8123 7812
f 7811 8122 7812
f 8122 7811 7808
f 8119 8122 7808
f 8118 7807 8119
f 7807 7808 8119
f 8118 8119 8116
f 8116 8441 8118
f 8118 8441 8446
f 8116 8119 7808
f 8116 7808 7805
f 7807 7466 7808
f 7466 7807 7467
f 7466 7467 7808
f 7467 7466 7137
f 7467 7137 7138
f 7140 7138 7470
f 7470 7138 7467
f 7140 7470 7141
f 7470 7467 7471
f 7470 7471 7141
f 7144 7141 7471
f 7144 7471 7475
f 7471 7812 7815
f 7471 7815 7816
f 7816 7815 8127
f 8126 8127 7815
f 8123 7815 7812
f 7815 8123 8126
f 7812 7470 7811
f 7812 7471 7470
f 7808 7811 7467
f 7811 7470 7467
f 7808 7467 7807
f 7463 7805 7467
f 7467 7805 7808
f 7467 7138 7463
f 7463 7138 7134
f 7138 7140 7141
f 7138 7140 6899
f 6899 7140 6902
f 6902 7140 7141
f 6902 7141 6903
f 6903 7141 7144
f 6902 6903 6906
f 6906 6903 7144
f 6906 7144 6909
f 6906 6909 6679
f 6682 6679 6909
f 6442 6682 6683
f 6683 6682 6910
f 6683 6910 6686
f 6910 6682 6909
f 6910 6913 6686
f 6686 6685 6444
f 6689 6685 6912
f 6916 6689 6912
f 6685 6689 6444
f 6444 6689 6448
f 6448 6689 6451
f 6689 6692 6451
f 6692 6689 6919
f 6692 6919 6693
f 6919 6689 6916
f 6693 6919 6920
f 6919 6916 6920
f 6920 6919 7156
f 7156 6919 6916
f 7153 6916 6912
f 7150 6912 6913
f 7150 6913 7151
f 6913 6912 6686
f 6686 6912 6685
f 7148 6913 6910
f 6913 7148 7151
f 7148 6910 6909
f 7148 6909 7147
f 7147 6909 7144
f 6901 6899 6902
f 6899 6902 6673
f 6673 6902 6675
f 6675 6902 6676
f 6675 6676 6673
f 6676 6902 6679
f 6679 6902 6906
f 6676 6679 6440
f 6436 6676 6440
f 6439 6436 6440
f 6436 6123 6122
f 6436 6122 6435
f 6435 6122 6432
f 6122 6119 6432
f 6436 6435 6676
f 6676 6435 6675
f 6675 6435 6673
f 6432 6673 6435
f 6672 6673 6432
f 6431 6672 6432
f 6672 6431 6673
f 6432 6119 6118
f 6431 6432 6118
f 6431 6118 6119
f 6431 6119 6432
f 6431 6432 6673
f 6673 6432 6428
f 6119 6428 6432
f 6428 6119 6116
f 6425 6428 6113
f 6428 6116 6113
f 6116 6119 5763
f 6116 5763 5760
f 6119 6118 5762
f 6119 5762 5763
f 5763 5762 5760
f 6116 5760 6113
f 5757 6112 6113
f 6113 6112 5758
f 5758 6112 5757
f 6109 6113 5758
f 6109 5758 5754
f 5408 5754 5411
f 5411 5754 5758
f 5408 5411 5410
f 5407 5408 5410
f 5411 5758 5757
f 5411 5757 5410
f 5758 5757 6113
f 5758 6113 5760
f 5760 5415 5758
f 5411 5758 5415
f 5411 5415 5410
f 5415 5414 5410
f 5414 5077 5075
f 5414 5075 5410
f 5407 5410 5071
f 5070 5071 4756
f 4756 5071 4757
f 4757 5071 4761
f 4757 4761 4756
f 4760 4761 5075
f 5075 4761 5071
f 5075 5071 5410
f 5075 5074 4760
f 4761 4760 4756
f 4756 4760 4428
f 4760 4432 4428
f 4432 4431 4058
f 4058 4431 4057
f 4432 4058 4428
f 4053 4428 4058
f 4053 4058 4057
f 4057 4052 4053
f 4428 4053 4052
f 6679 6682 6442
f 6440 6679 6442
f 6442 6130 6440
f 6440 6130 6127
f 6439 6440 6127
f 6439 6127 6126
f 6126 6127 5771
f 5771 6127 5770
f 5770 6127 5774
f 5774 6127 6130
f 6130 6442 6133
f 6442 6444 6133
f 6444 6442 6445
f 6445 6442 6683
f 6445 6683 6686
f 6445 6686 6444
f 6133 6444 6448
f 6448 6136 6133
f 6448 6451 6136
f 6136 6451 6138
f 6138 6451 6139
f 6139 6451 6452
f 6452 6451 6692
f 6452 6692 6693
f 6925 6927 6698
f 6927 6701 6698
f 6927 6930 6702
f 6927 6702 6701
f 6702 6930 6705
f 6702 6705 6701
f 6701 6705 6704
f 6701 6704 6460
f 6925 6698 6923
f 6923 6698 6696
f 6923 6696 6922
f 6922 6696 6695
f 6922 6695 6920
f 6920 6695 6693
f 6698 6701 6460
f 6457 6698 6460
f 6457 6460 6144
f 6144 6460 6147
f 6144 6143 6457
f 6457 6143 6454
f 6143 6141 6454
f 6698 6457 6696
f 6457 6455 6696
f 6455 6457 6454
f 6696 6455 6695
f 6455 6454 6695
f 6695 6454 6693
f 6693 6454 6452
f 6139 6452 6454
f 6454 6141 6139
f 6138 6139 5783
f 6139 6141 5787
f 5783 6139 5787
f 5787 6141 5789
f 5787 5789 5448
f 5448 5789 5450
f 5450 5789 5793
f 5793 5789 5790
f 5448 5446 5787
f 5445 5787 5446
f 5786 5787 5445
f 5783 5787 5786
f 5446 5448 5113
f 5446 5113 5109
f 5446 5109 5445
f 5108 5445 5109
f 5108 5109 5113
f 5106 5445 5108
f 5112 5108 5113
f 5112 5113 4798
f 5108 5112 4798
f 4796 5108 4798
f 4795 4796 4470
f 4470 4796 4471
f 4795 4470 4467
f 4795 4467 4792
f 4470 4466 4467
f 4466 4470 4098
f 4094 4466 4098
f 4466 4094 4467
f 4095 4467 4094
f 4467 4095 4463
f 4099 4098 4470
f 4470 4471 4475
f 4471 4796 4798
f 4471 4798 4475
f 4799 4798 5113
f 4475 4798 4802
f 4802 4798 4799
f 4475 4802 4477
f 4475 4477 4107
f 4475 4107 4103
f 4475 4474 4470
f 4474 4475 4102
f 4102 4475 4103
f 4470 4474 4102
f 4470 4102 4099
f 4103 4107 4102
f 4106 3702 4102
f 3698 4098 4099
f 4099 4102 3702
f 4099 3702 3698
f 3702 3701 3698
f 3701 3702 3704
f 3701 3704 3338
f 4098 3698 4094
f 3694 4094 3698
f 3694 3698 3697
f 3694 3697 3333
f 3694 3333 3329
f 3694 3329 3330
f 3697 3698 3333
f 3698 3334 3333
f 3334 3698 3338
f 3333 3334 3337
f 3337 3334 3338
f 3338 3698 3701
f 2029 2030 2484
f 2030 2025 2484
f 2030 2029 2024
f 2025 2030 2024
f 2029 1593 2024
f 1593 1589 2024
f 1593 1592 1589
f 1592 1588 1589
f 1592 1288 1588
f 1288 1281 1588
f 1587 1588 1281
f 1582 1588 1581
f 1581 1588 1587
f 1588 1582 1589
f 1589 1582 1583
f 1589 1583 2019
f 1589 2019 2024
f 2019 1583 1582
f 2025 2024 2019
f 2025 2480 2484
f 2484 2480 2479
f 2916 2484 2917
f 2484 2479 2917
f 2917 2479 2913
f 2916 2917 2913
f 2913 3333 3337
f 2916 2913 3337
f 2917 2916 3337
f 3333 2913 2908
f 2908 2913 2480
f 2475 2908 2480
f 2908 2475 2909
f 2909 2475 2476
f 2909 2476 2905
f 2476 2475 2471
f 2476 2471 2905
f 2909 2905 2908
f 2908 2905 3326
f 2904 2905 2471
f 2471 2899 2904
f 2904 2899 2905
f 2905 2899 2900
f 2905 2900 3321
f 2905 3321 3326
f 2900 2899 3321
f 3317 3321 3316
f 3316 3321 2899
f 3321 3317 3681
f 3322 3321 3687
f 3687 3321 3681
f 3687 3681 3682
f 3687 3682 4084
f 3687 4084 4088
f 3686 3687 3691
f 3690 3686 3691
f 3326 3321 3690
f 3686 3321 3687
f 3321 3686 3690
f 3691 4091 3694
f 4091 4095 4094
f 4091 4094 3694
f 3691 3694 3690
f 3690 3694 3326
f 3694 3330 3326
f 3326 3330 3329
f 3326 3329 2908
f 2908 3329 3333
f 9108 9111 9112
f 8781 9111 8780
f 8780 9111 9115
f 9115 8784 8780
f 8784 9115 8785
f 8785 9115 9116
f 8785 9116 9120
f 9116 9115 9120
f 9120 9115 9119
f 9119 9115 9478
f 9115 9474 9478
f 9119 9478 9120
f 9120 9478 9479
f 9479 9478 9483
f 9479 9483 9120
f 9120 9483 9122
f 9483 9485 9122
f 9485 9126 9122
f 9122 9126 9127
f 9120 8787 8785
f 8787 9120 9122
f 8791 8787 9122
f 8787 8791 8788
f 8788 8791 8472
f 8787 8788 8471
f 8788 8472 8471
f 8472 8143 8471
f 8471 8143 8142
f 8471 8142 8468
f 8468 8142 8138
f 9111 9470 9115
f 9470 9474 9115
f 9122 9123 8791
f 9123 9122 9127
f 7153 7485 7488
f 6916 7153 7156
f 7156 7153 7488
f 7497 7494 7835
f 7497 7835 7838
f 7497 7838 7840
f 7840 8152 8154
f 7840 8154 7841
f 8152 8480 8482
f 8152 8482 8154
f 8154 8482 8157
f 8799 8482 8796
f 8802 8799 9133
f 9133 9136 8802
f 9136 9133 9132
f 9135 9136 9132
f 9132 9494 9135
f 9496 9135 9494
f 9494 9874 9877
f 9494 9877 9496
f 9496 9877 9878
f 9877 9874 10255
f 10259 9877 10255
f 9877 9881 9882
f 9877 9882 9878
f 9878 9882 9496
f 9496 9882 9498
f 9882 9881 9884
f 9882 9884 9885
f 9882 9885 9500
f 9882 9500 9498
f 9138 9496 9498
f 9135 9496 9138
f 9136 9135 9139
f 9135 9138 9139
f 9498 9141 9138
f 9141 9498 9500
f 9138 9142 9139
f 9142 9138 9141
f 9500 9502 9141
f 9141 9502 9144
f 9141 9144 9142
f 9502 9500 9885
f 9502 9885 9888
f 9888 9885 9887
f 9887 9885 9884
f 9884 9881 10267
f 10267 9881 10263
f 9881 9877 10259
f 9881 10259 10263
f 10259 10255 10254
f 10258 10259 10254
f 10254 10687 10258
f 10254 10681 10687
f 10687 10681 10686
f 10686 10681 10680
f 10686 10680 10685
f 10685 10680 11109
f 11109 10680 11106
f 10685 11109 11110
f 10685 11110 10686
f 10686 11110 11109
f 11114 10686 11109
f 10686 11114 10689
f 10689 11114 11115
f 10686 10689 10690
f 10687 10686 10690
f 10687 10690 10258
f 10258 10690 10262
f 10258 10262 10259
f 10259 10262 10263
f 10263 10262 10266
f 10263 10266 10267
f 10267 10266 10271
f 10271 10266 10270
f 10693 10266 10262
f 10693 10262 10690
f 10693 10690 10689
f 10693 10689 10692
f 10689 11115 11119
f 10689 11119 10692
f 11119 11115 11114
f 11119 11114 11118
f 10692 11119 11123
f 11123 11119 11118
f 10696 10692 11123
f 10692 10697 10693
f 10697 10692 10696
f 10266 10693 10270
f 10270 10693 10697
f 10267 10271 9884
f 9884 10271 9887
f 9890 9887 10275
f 10275 9887 10271
f 10271 10270 10274
f 10271 10274 10275
f 9893 9890 10275
f 9893 10275 10279
f 10279 10275 10274
f 10279 10274 10278
f 10274 10270 10697
f 10274 10697 10701
f 10697 10696 10701
f 10701 10696 10700
f 10700 10696 11123
f 10701 10700 10278
f 10701 10278 10274
f 10279 10278 9893
f 9897 9893 10282
f 10282 9893 10278
f 10282 9896 9897
f 9896 10282 9900
f 10282 10286 9900
f 10286 10282 10281
f 10285 10286 10281
f 10285 10290 10286
f 9900 10286 10291
f 9900 10291 9905
f 9900 9901 9897
f 9900 9897 9896
f 9893 9897 9508
f 9508 9897 9511
f 9893 9508 9509
f 9890 9893 9505
f 9505 9893 9509
f 9509 9508 9511
f 9509 9511 9512
f 9511 9897 9514
f 9514 9897 9901
f 9511 9514 9512
f 9515 9512 9514
f 9512 9515 9159
f 9154 9512 9159
f 9150 9509 9512
f 9150 9512 9154
f 9151 9150 9154
f 9509 9150 9147
f 9509 9147 9505
f 9147 9150 9151
f 9147 9151 9148
f 9155 9151 9154
f 9151 9155 8819
f 9151 8819 8816
f 8813 9151 8816
f 9151 8813 9148
f 8816 8819 8504
f 8816 8504 8500
f 8816 8500 8813
f 8496 8813 8500
f 8496 8500 8497
f 8497 8500 8501
f 8497 8501 8166
f 8169 8166 8501
f 8501 8500 8169
f 8169 8500 8168
f 8168 8500 8171
f 8169 8168 8172
f 8172 8168 8171
f 8500 8504 8171
f 8172 8171 7858
f 8171 7857 7858
f 8171 8175 7857
f 7861 7857 8175
f 7861 8175 7864
f 7864 8175 8178
f 7864 8178 7867
f 7864 7867 7526
f 7867 7866 7525
f 7867 7525 7526
f 7522 7864 7526
f 7861 7864 7522
f 7861 7522 7518
f 7519 7861 7518
f 7861 7519 7862
f 7519 7518 7523
f 7523 7518 7522
f 7858 7857 7861
f 7858 7861 7862
f 7858 7862 7519
f 7516 7858 7519
f 7858 7855 8172
f 8172 7855 8169
f 8169 7855 7853
f 8169 7853 8166
f 8494 8166 8164
f 8166 8494 8497
f 7851 8164 8166
f 7851 8166 7853
f 7853 7855 7514
f 7512 7853 7514
f 7853 7512 7851
f 7851 7512 7510
f 7514 7855 7858
f 7514 7183 7181
f 7512 7181 7510
f 7181 7179 7510
f 7510 7508 7849
f 7510 7849 7851
f 7510 7179 7508
f 7508 7179 7177
f 7177 7179 6940
f 7179 7181 6940
f 7181 6942 6940
f 6942 7181 7183
f 6940 6942 6717
f 6940 6717 6715
f 6940 6938 7177
f 6715 6938 6940
f 6938 6715 6713
f 6938 6713 6936
f 6713 6711 6936
f 6934 6936 6711
f 6936 6934 7173
f 7175 6936 7173
f 7504 7175 7173
f 7506 7175 7504
f 7847 7506 7504
f 7847 7504 7845
f 7843 7845 7504
f 7843 7504 7502
f 7171 7173 6932
f 6932 7173 6934
f 7504 7173 7502
f 7502 7173 7171
f 7843 8155 7845
f 7843 8154 8155
f 8154 7843 7841
f 7841 7843 7502
f 7841 7502 7500
f 7169 7500 7502
f 7169 7502 7171
f 6930 7169 6932
f 7169 7171 6932
f 6932 6934 6709
f 7491 7492 7160
f 7160 7492 7162
f 7162 7492 7494
f 7162 7494 7165
f 7494 7497 7165
f 6705 6930 6707
f 6707 6930 6932
f 6707 6465 6705
f 6705 6465 6463
f 6705 6463 6704
f 6704 6463 6460
f 6460 6463 6462
f 6460 6462 6147
f 6462 6149 6147
f 6462 6463 6149
f 6149 6463 6150
f 6463 6465 6150
f 6150 6465 6152
f 6150 6152 6149
f 6149 6152 5797
f 5795 6149 5797
f 6147 6149 5795
f 6147 5795 5793
f 5793 5795 5454
f 5793 5454 5451
f 5450 5451 5115
f 5115 5451 5116
f 5451 5454 5119
f 5119 5116 5451
f 5118 5115 5116
f 5118 5116 5119
f 5115 5118 4804
f 5118 5119 4804
f 5795 5797 5457
f 5795 5457 5454
f 5457 5122 5454
f 5454 5122 5119
f 5119 5122 4804
f 4804 5122 4806
f 4806 5122 4807
f 4804 4806 4482
f 4806 4485 4482
f 4485 4806 4487
f 4116 4485 4487
f 4116 4112 4485
f 4112 4116 4111
f 4111 4116 4115
f 4120 4115 4116
f 4120 4116 4487
f 4120 4487 4489
f 4489 4491 4124
f 4489 4124 4120
f 4120 4124 4123
f 4124 4491 4128
f 4123 4124 4127
f 4123 4127 3726
f 4124 4128 4127
f 3726 4127 3730
f 4491 4493 4128
f 4493 4491 4818
f 4818 4491 4815
f 4134 4496 4499
f 4131 4496 4134
f 4820 4496 4821
f 4499 4496 4820
f 4499 4820 4823
f 4823 4820 4821
f 4823 4821 4824
f 4134 4499 4138
f 4133 4134 4137
f 4137 4134 4138
f 4502 4138 4499
f 4502 4499 4823
f 4502 4823 4827
f 4823 4824 4827
f 5140 4824 4821
f 4821 5137 5140
f 5137 4821 5134
f 4821 4818 5134
f 5137 5134 5468
f 5137 5468 5471
f 5469 5468 5134
f 5471 5468 5469
f 5471 5469 5472
f 5475 5471 5472
f 5475 5472 5476
f 5476 5472 5810
f 5810 5472 5808
f 5808 5472 5806
f 5806 5472 5469
f 5808 5806 6160
f 5808 6160 6162
f 6160 5806 6158
f 6158 5806 5804
f 6158 5804 6156
f 6156 5804 5802
f 6158 6156 6469
f 6471 6158 6469
f 6711 6469 6709
f 6709 6469 6467
f 6469 6711 6713
f 6469 6713 6471
f 6715 6717 6475
f 6715 6475 6473
f 6475 6162 6473
f 6713 6715 6471
f 6471 6715 6473
f 6158 6471 6473
f 6160 6158 6473
f 6160 6473 6162
f 5808 6162 6164
f 5808 6164 5810
f 6477 6162 6475
f 6162 6477 6164
f 6475 6717 6477
f 6477 6717 6719
f 6477 6719 6479
f 6479 6719 6722
f 6166 6477 6479
f 6479 6722 6481
f 6479 6481 6166
f 6169 6166 6481
f 6166 6164 6477
f 6164 6166 5810
f 6166 6164 5813
f 5810 6166 5813
f 5810 5813 5812
f 5810 5812 5479
f 5475 5810 5479
f 5810 5475 5476
f 5140 5475 5479
f 5475 5140 5142
f 5142 5140 5479
f 5812 5813 6166
f 5812 6166 5816
f 5816 6166 6168
f 6166 6169 6168
f 6168 6169 6172
f 5818 6172 6176
f 5822 5818 6176
f 5822 6176 5821
f 5818 5822 5821
f 5818 5821 5487
f 5484 5818 5483
f 5483 5818 5487
f 5484 5483 5148
f 5483 5487 5152
f 5148 5483 5152
f 5821 6176 6175
f 5821 6175 6179
f 5821 6179 5825
f 6175 6176 6488
f 6488 6176 6172
f 6488 6172 6484
f 6488 6484 6485
f 6488 6485 6489
f 6484 6172 6485
f 6172 6173 6485
f 6173 6172 6169
f 6173 6169 6485
f 6485 6169 6481
f 11550 11555 11947
f 11555 11550 11112
f 11555 11112 11554
f 11555 11554 11559
f 11559 11951 11950
f 11559 11563 11951
f 11563 11559 11558
f 11563 11558 11562
f 11563 11954 11951
f 11954 11563 11567
f 11957 11954 11567
f 11951 11954 11955
f 11955 12224 12221
f 11955 12221 11952
f 11955 11952 11951
f 11947 11951 11952
f 11947 11952 11948
f 12221 11948 11952
f 11948 12221 12218
f 11948 12218 11947
f 11947 11555 11559
f 11947 11559 11951
f 12218 12221 12219
f 12472 12219 12222
f 12477 12472 12222
f 12472 12477 12478
f 12473 12472 12478
f 12483 12478 12477
f 12483 12477 12482
f 12473 12478 12479
f 12474 12473 12479
f 12680 12474 12685
f 12685 12474 12479
f 12474 12680 12681
f 12681 12680 12686
f 12680 12685 12686
f 12687 12682 12686
f 12686 12682 12681
f 12687 12686 12692
f 12686 12691 12692
f 12682 12687 12869
f 12869 12687 12871
f 12869 12871 13026
f 12871 13028 13026
f 13187 13026 13028
f 13197 13187 13028
f 13187 13197 13188
f 13198 13188 13197
f 13361 13188 13198
f 13198 13367 13361
f 13362 13361 13368
f 13368 13361 13367
f 13368 13367 13373
f 13373 13367 13198
f 13373 13198 13208
f 13374 13368 13373
f 13368 13374 13369
f 13368 13369 13362
f 13363 13362 13369
f 13363 13199 13189
f 13363 13369 13199
f 13210 13199 13369
f 13369 13375 13210
f 13375 13369 13374
f 13199 13210 13211
f 13200 13199 13211
f 13221 13211 13210
f 13221 13210 13380
f 13380 13210 13375
f 13221 13380 13381
f 13222 13221 13381
f 13381 13382 13222
f 13221 13222 13382
f 13221 13222 13211
f 13212 13211 13222
f 13382 13383 13222
f 13382 13389 13390
f 13382 13390 13383
f 13222 13383 13223
f 13222 13223 13213
f 13212 13222 13213
f 13199 13200 13190
f 13199 13190 13189
f 13200 13211 13212
f 13200 13212 13201
f 13190 13200 13201
f 13190 13201 13191
f 13192 13191 13202
f 13202 13191 13201
f 13202 13201 13212
f 13202 13212 13213
f 11567 11563 11566
f 11124 11566 11563
f 11566 11124 11125
f 11124 11563 11120
f 11120 11563 11562
f 11125 11124 11130
f 11130 11124 11129
f 11570 11125 11130
f 11125 11570 11566
f 11130 11129 11135
f 11130 11135 11574
f 11130 11574 11570
f 11567 11566 11571
f 11571 11566 11570
f 11957 11567 11571
f 11957 11571 11960
f 11954 11957 11955
f 11955 11957 11958
f 11958 12227 11955
f 11955 12227 12224
f 12227 11958 12230
f 11958 11961 12230
f 11958 11957 11961
f 11961 11957 11960
f 12230 12231 12227
f 12227 12231 12228
f 12230 12235 12231
f 12236 12231 12235
f 12224 12227 12228
f 12224 12228 12225
f 12221 12222 12219
f 12222 12221 12224
f 12222 12224 12225
f 12222 12225 12477
f 12225 12228 12482
f 12477 12225 12482
f 12483 12482 12488
f 12487 12482 12228
f 12482 12487 12488
f 12487 12228 12231
f 12488 12487 12493
f 12493 12487 12231
f 12493 12231 12232
f 12232 12231 12236
f 12236 12235 11964
f 11965 12236 11964
f 12236 11965 12240
f 12240 11965 11969
f 11969 11965 11964
f 11964 12235 12230
f 11964 12230 11961
f 11575 11571 11570
f 11575 11570 11574
f 11575 11574 11139
f 11577 11575 11139
f 11577 11140 11581
f 11581 11140 11144
f 11140 11577 11139
f 11144 11146 11581
f 11146 11147 11586
f 11151 11147 11150
f 11147 11146 11150
f 10721 10725 11146
f 11146 10725 11150
f 10725 10298 10302
f 10725 10302 10729
f 10302 10298 10297
f 10730 10729 10302
f 10729 10730 10725
f 10725 10730 10726
f 10726 10730 11151
f 11151 10730 11155
f 11155 11156 11151
f 11151 11590 11589
f 11152 11151 11156
f 11151 11152 11590
f 11590 11152 11156
f 11590 11156 11594
f 11591 11590 11595
f 11595 11590 11594
f 11594 11156 11157
f 11594 11157 11595
f 11595 11987 11981
f 11987 11595 11988
f 11595 11596 11988
f 11596 11595 11600
f 11601 11596 11600
f 11161 11600 11595
f 11161 11595 11157
f 11161 11157 11156
f 11156 11155 10731
f 10731 11155 10730
f 11156 10731 10734
f 11160 11156 10734
f 10734 10731 10730
f 11156 11160 11161
f 11161 11160 10734
f 11161 10734 10738
f 11161 10738 11166
f 10734 10737 10738
f 10733 10734 10730
f 10309 10737 10734
f 10734 10733 10306
f 10734 10306 10309
f 10733 10730 10302
f 10306 10733 10302
f 10306 10302 10305
f 10306 10308 10309
f 9926 10308 10306
f 9926 10306 9922
f 10306 9921 9922
f 9921 10306 10305
f 9922 9921 9926
f 9921 10305 10302
f 10301 10302 10297
f 10302 10301 9916
f 10302 9916 9917
f 10302 9917 9921
f 9917 9916 9921
f 9921 9916 9920
f 9921 9920 9531
f 9532 9921 9531
f 9921 9925 9926
f 9925 9921 9536
f 9536 9921 9532
f 9929 9926 9541
f 9926 9537 9541
f 9537 9926 9536
f 9536 9926 9925
f 9537 9536 9541
f 9541 9536 9540
f 9540 9536 9183
f 9536 9180 9183
f 9540 9183 9541
f 9541 9183 9184
f 9541 9542 9929
f 9545 9541 9186
f 9546 9542 9541
f 9546 9541 9545
f 9542 9930 9929
f 9542 9546 9930
f 9930 9546 9934
f 9934 9546 9547
f 9934 9547 9935
f 9926 9929 9930
f 9926 9930 10312
f 9927 9926 10312
f 10308 9926 9927
f 10312 10309 9927
f 9927 10309 10308
f 10309 10312 10313
f 10309 10313 10738
f 10313 10744 10738
f 10737 10309 10738
f 11166 10738 11167
f 11161 11166 11167
f 11161 11167 11162
f 11161 11162 11600
f 11600 11162 11601
f 11601 11162 11167
f 11601 11167 11608
f 10739 11167 10738
f 10739 10738 10745
f 11167 10739 10745
f 11167 10745 11173
f 10738 10744 10745
f 10744 10313 10314
f 10744 10314 10745
f 10313 10312 9930
f 10313 9930 9931
f 9930 9934 9935
f 9930 9935 9931
f 10313 9931 9935
f 10313 9935 10318
f 10313 10318 10319
f 10313 10319 10314
f 10318 9935 9936
f 10318 9936 10319
f 9935 9547 9551
f 9551 9547 9546
f 9551 9546 9191
f 9191 9546 9190
f 9190 9546 9187
f 8853 9191 9190
f 8852 8853 9190
f 8852 9190 9187
f 9187 9546 9545
f 9187 9545 9186
f 8852 9187 8849
f 9187 9186 8849
f 8848 8849 9186
f 8852 8849 8848
f 8848 8851 8852
f 8852 8851 8536
f 8851 8848 8534
f 8851 8534 8536
f 8537 8852 8536
f 8536 8205 8537
f 8537 8205 8206
f 8205 7891 7892
f 8205 7892 8206
f 8206 8209 8537
f 7895 8209 8206
f 8537 8209 8541
f 8541 8209 8210
f 8209 7895 8210
f 8541 8210 8542
f 8542 8210 8211
f 8541 8542 8858
f 8537 8541 8538
f 8538 8541 8853
f 8853 8541 8857
f 8541 8858 8857
f 8537 8538 8852
f 8852 8538 8853
f 9191 8853 9192
f 8853 8857 8858
f 8853 8858 9192
f 9192 8858 9196
f 9192 9196 9197
f 9552 9192 9553
f 9553 9192 9197
f 9197 9557 9553
f 9192 9552 9191
f 9191 9552 9551
f 9551 9552 9936
f 9551 9936 9935
f 9942 9936 9552
f 9552 9553 9943
f 9552 9943 9942
f 9942 9943 9936
f 9937 9936 9943
f 10314 10319 10745
f 10745 10319 10751
f 10319 10320 10752
f 10319 10752 10751
f 10751 10752 10745
f 10752 10746 10745
f 10745 10746 11173
f 11174 11173 10746
f 11173 11174 11167
f 10752 10320 10753
f 10753 10320 10321
f 10752 10753 10746
f 10746 10753 11175
f 10753 11182 11175
f 11182 10753 10754
f 11175 11182 11176
f 11182 11183 11176
f 11183 11182 10754
f 11175 11174 10746
f 11174 11168 11167
f 11609 11168 11174
f 11609 11174 11610
f 11610 11174 11175
f 11609 11167 11168
f 11167 11609 11608
f 11618 11610 11175
f 11610 11618 11611
f 11618 11619 11611
f 11619 11618 11176
f 11176 11618 11175
f 11176 11183 11184
f 11619 11176 11620
f 11620 11176 11184
f 10754 10755 11183
f 10762 10754 10753
f 10762 10328 10754
f 10753 10327 10762
f 10762 10327 10328
f 10327 10753 10321
f 10321 10320 10327
f 10327 10320 10326
f 10327 9944 9945
f 10327 9945 10328
f 10329 10328 9951
f 10329 9951 9952
f 10329 9952 10338
f 9951 10328 9945
f 9952 9951 9559
f 9952 9559 9560
f 10338 9952 10339
f 10339 9952 9953
f 10338 10339 10329
f 10330 10329 10339
f 10339 10340 10331
f 10339 10331 10330
f 10331 10765 10330
f 10764 10330 10765
f 10330 10764 10763
f 10330 10763 10329
f 10329 10763 10328
f 10328 10763 10762
f 10754 10762 10763
f 10754 10763 10755
f 10755 11184 11183
f 11184 10755 10763
f 11177 11184 11620
f 11620 11184 11631
f 11620 11631 11621
f 11611 11619 11620
f 11609 11610 11603
f 11602 11609 11603
f 11603 11610 11996
f 11603 11996 11602
f 11995 11602 11996
f 11995 11996 11989
f 11989 11996 11990
f 11996 11997 12270
f 11997 12271 12270
f 12270 11990 11996
f 11997 12283 12271
f 11990 12270 11989
f 11995 11989 11988
f 11601 11602 11995
f 11601 11995 11988
f 11982 11988 11989
f 11989 11983 11982
f 11983 11989 12260
f 12260 11989 12269
f 12269 11989 12270
f 12260 12269 12261
f 12261 12269 12270
f 12260 12259 11983
f 11983 12259 11982
f 11988 11982 11987
f 11987 11982 11981
f 11988 11596 11601
f 11609 11602 11608
f 11601 11608 11602
f 12686 12685 12691
f 12691 12685 12690
f 12690 12685 12484
f 12484 12685 12479
f 12484 12479 12483
f 12483 12479 12478
f 12483 12488 12489
f 12483 12489 12484
f 12484 12489 12690
f 12494 12489 12488
f 12488 12493 12494
f 12494 12493 12498
f 12498 12493 12237
f 12237 12493 12232
f 12237 12232 12236
f 12237 12236 12241
f 12237 12241 12498
f 12245 12241 12240
f 12241 12245 12242
f 12241 12242 12505
f 12241 12505 12498
f 12498 12505 12499
f 12505 12242 12512
f 12512 12242 12246
f 12246 12242 12245
f 12512 12246 12505
f 12512 12246 12247
f 12246 12252 12247
f 12247 12252 12253
f 12512 12247 12513
f 12253 12252 12246
f 12246 12245 12252
f 11982 12252 11978
f 12259 12252 11982
f 12252 12259 12260
f 12252 12259 12253
f 12253 12259 12260
f 12260 12261 12253
f 12254 12253 12261
f 12536 12261 12262
f 12523 12261 12536
f 12523 12536 12524
f 12261 12523 12254
f 12254 12523 12253
f 12253 12523 12522
f 12253 12522 12513
f 12253 12513 12247
f 12522 12523 12513
f 12513 12523 12514
f 12512 12513 12505
f 12505 12513 12506
f 12498 12499 12494
f 12494 12499 12495
f 12495 12499 12500
f 12500 12499 12505
f 12500 12505 12506
f 12506 12507 12500
f 12500 12507 12501
f 12507 12506 12514
f 12514 12506 12513
f 12507 12716 12708
f 12507 12708 12501
f 12716 12507 12717
f 12717 12507 12508
f 12507 12514 12515
f 12507 12515 12508
f 12508 12515 12728
f 12508 12728 12717
f 12716 12717 12709
f 12716 12709 12708
f 12708 12707 12500
f 12708 12500 12501
f 12495 12500 12701
f 12701 12500 12707
f 12701 12707 12708
f 12701 12708 12702
f 12701 12702 12696
f 12701 12696 12695
f 12695 12489 12490
f 12489 12695 12690
f 12690 12695 12691
f 12691 12695 12696
f 12691 12696 12692
f 12873 12692 12696
f 12873 12696 12875
f 12692 12873 12871
f 12692 12871 12687
f 13028 12871 12873
f 13028 12873 13030
f 13028 13030 13207
f 13028 13207 13197
f 13197 13207 13208
f 13197 13208 13198
f 13208 13207 13030
f 13373 13208 13374
f 13374 13208 13209
f 13209 13208 13220
f 13374 13209 13220
f 13374 13220 13379
f 13208 13219 13220
f 13229 13230 13220
f 13220 13219 13229
f 13229 13219 13228
f 13229 13228 13038
f 13039 13229 13038
f 13038 13228 13219
f 13039 13038 12879
f 13038 13035 12879
f 12879 13035 12876
f 12879 12876 12703
f 12876 12697 12703
f 12697 12876 12875
f 12697 12875 12696
f 12875 12876 13035
f 12875 13035 13034
f 13034 13030 12875
f 13030 13034 13031
f 13031 13034 13035
f 13030 13031 13208
f 13031 13035 13219
f 13031 13219 13208
f 13219 13035 13038
f 11960 11571 11963
f 11963 11571 11575
f 11961 11960 11963
f 11961 11963 11964
f 11964 11963 11575
f 11964 11575 11577
f 11968 11964 11577
f 11964 11968 11969
f 11578 11968 11577
f 11578 11577 11581
f 11582 11578 11581
f 11582 11581 11146
f 11582 11146 11586
f 11586 11589 11587
f 11589 11586 11151
f 11151 11586 11147
f 11151 11150 10725
f 11151 10725 10726
f 11969 11968 11972
f 11973 11969 11972
f 11972 11968 11582
f 11582 11968 11578
f 11583 11582 11586
f 11972 11582 11973
f 11973 11582 11583
f 11583 11586 11587
f 11583 11587 11973
f 11973 11587 11976
f 11587 11589 11590
f 11587 11590 11981
f 11976 11587 11981
f 11976 11981 11977
f 11976 11977 11973
f 11973 11977 11974
f 11974 11977 12245
f 12245 12251 12252
f 12251 12245 11977
f 12251 11977 11978
f 12251 11978 12252
f 11978 11977 11982
f 11977 11981 11982
f 11981 11591 11595
f 11591 11981 11590
f 12240 11969 11973
f 12236 12240 12241
f 12240 11973 12245
f 12245 11973 11974
f 12489 12494 12490
f 12494 12495 12490
f 12695 12490 12495
f 12695 12495 12701
f 12514 12523 12515
f 12523 12524 12515
f 12515 12516 12728
f 12728 12729 12717
f 12728 12516 12729
f 12516 12515 12525
f 12729 12516 12525
f 12729 12525 12738
f 12730 12729 12738
f 12526 12738 12525
f 12527 12738 12526
f 12738 12527 12739
f 12527 12526 12539
f 12738 12739 12730
f 12730 12739 12731
f 12732 12731 12739
f 12732 12739 12740
f 12731 12720 12719
f 12730 12731 12719
f 12730 12719 12729
f 12730 12729 12718
f 12718 12729 12719
f 12729 12718 12717
f 12709 12717 12718
f 12710 12709 12718
f 12710 12718 12711
f 12882 12710 12711
f 12719 12711 12718
f 12882 12879 12710
f 12710 12879 12703
f 12710 12703 12709
f 12697 12696 12703
f 12696 12702 12703
f 12702 12708 12703
f 12709 12703 12708
f 13030 12873 12875
f 13374 13379 13375
f 13375 13379 13380
f 13381 13380 13388
f 13380 13379 13220
f 13380 13220 13230
f 13387 13380 13230
f 13380 13387 13388
f 13381 13388 13382
f 13382 13388 13389
f 13389 13388 13232
f 13388 13231 13232
f 13389 13232 13241
f 13390 13389 13242
f 13242 13389 13241
f 13241 13232 13240
f 13240 13232 13231
f 13231 13388 13387
f 13231 13387 13230
f 13231 13230 13240
f 13240 13230 13239
f 13230 13229 13239
f 13229 13238 13239
f 13229 13039 13042
f 13229 13042 13238
f 13238 13042 13239
f 13042 13043 13239
f 13240 13239 13043
f 13051 13242 13241
f 13051 13241 13050
f 12889 13051 12888
f 12888 13051 13050
f 12721 12889 12888
f 12889 12721 12722
f 12722 12721 12732
f 12722 12732 12733
f 12731 12732 12721
f 12731 12721 12720
f 12720 12721 12887
f 12887 12721 12888
f 12888 13050 13049
f 12888 13049 12887
f 13050 13241 13044
f 13050 13044 13049
f 13044 13241 13240
f 13044 13240 13043
f 13049 13044 13043
f 13049 13043 13048
f 12887 13049 12886
f 12886 13049 13048
f 12886 13048 13043
f 12887 12886 12720
f 12886 12883 12711
f 12711 12883 12882
f 12886 12711 12719
f 12886 12719 12720
f 13042 13039 12882
f 12882 13039 12879
f 12883 12886 13043
f 12882 12883 13043
f 12882 13043 13042
f 12524 12525 12515
f 12538 12526 12525
f 12538 12525 12537
f 12538 12539 12526
f 12539 12540 12527
f 12527 12540 12528
f 12527 12528 12739
f 12739 12528 12740
f 12740 12528 12529
f 12740 12529 12741
f 12528 12540 12541
f 12541 12540 12550
f 12541 12550 12551
f 12540 12539 12550
f 12539 12549 12550
f 12550 12275 12276
f 12275 12287 12288
f 12275 12274 12287
f 12286 12287 12274
f 12274 12275 12549
f 12549 12275 12550
f 12286 12274 12285
f 12273 12274 12548
f 12548 12274 12549
f 12274 12273 12285
f 12285 11999 12009
f 12010 12009 12019
f 12019 12009 12018
f 12018 12009 11621
f 12019 12018 11622
f 11622 12018 11621
f 12010 12019 12011
f 12019 12020 12011
f 12019 11622 11623
f 12019 11623 12020
f 12011 12294 12010
f 12294 12287 12293
f 12294 12293 12010
f 12293 12287 12286
f 12293 12286 12010
f 12286 12285 12293
f 12285 12009 12293
f 12010 12293 12009
f 12732 12740 12741
f 12741 12733 12732
f 11554 11112 11558
f 11554 11558 11559
f 11116 11558 11112
f 11558 11116 11562
f 11562 11116 11120
f 11120 11116 10694
f 10694 11116 10691
f 11112 11107 11111
f 11111 11107 10683
f 11111 10683 10688
f 11112 11111 10688
f 10688 10683 10261
f 10261 10683 10257
f 11112 10688 10691
f 11112 10691 11116
f 10694 10691 10265
f 10694 10265 10269
f 10269 10265 10264
f 10691 10688 10265
f 10265 10688 10261
f 10265 10261 10264
f 10261 10260 10264
f 10260 10261 10257
f 10260 10257 10256
f 9880 10260 9876
f 10264 10260 9880
f 9883 10264 9880
f 9879 9880 9497
f 10256 9876 10260
f 9880 9876 9495
f 9876 9875 9495
f 9880 9495 9497
f 9495 9134 9137
f 9137 9134 8801
f 9137 8801 8804
f 8804 8801 8800
f 8797 8483 8800
f 8800 8803 8804
f 8804 8803 9137
f 8803 8806 9137
f 9137 8806 9140
f 9137 9497 9495
f 9497 9499 9879
f 9880 9879 9499
f 9880 9499 9883
f 9883 9499 9501
f 9883 9501 9886
f 9499 9497 9140
f 9497 9137 9140
f 9140 8806 9143
f 9143 8806 8808
f 8806 8803 8489
f 8489 8803 8486
f 8486 8803 8800
f 8483 8486 8800
f 8483 8156 8486
f 8156 8159 8486
f 8486 8159 8489
f 8489 8159 8161
f 8159 7846 7848
f 8159 7848 8161
f 8159 8156 7844
f 8159 7844 7846
f 8156 8153 7844
f 7844 8153 7842
f 7844 7842 7503
f 7842 7501 7503
f 7503 7501 7172
f 7172 7501 7170
f 7170 6931 6933
f 7170 6933 7172
f 7503 7172 7174
f 7505 7503 7174
f 7503 7505 7844
f 7844 7505 7846
f 7848 7846 7507
f 7507 7846 7505
f 7507 7505 7176
f 7176 7505 7174
f 7176 7174 6935
f 6937 7176 6935
f 6935 7174 7172
f 6935 7172 6933
f 11120 10694 10698
f 11120 10698 10695
f 11120 10695 10699
f 10699 10695 10698
f 11120 10699 11124
f 10698 10694 10273
f 10694 10269 10273
f 11124 10699 10703
f 11124 10703 11129
f 10703 10699 10698
f 10698 10273 10702
f 11129 10703 10708
f 11129 10708 11134
f 11129 11134 11135
f 10708 11135 11134
f 11139 11135 10708
f 11139 10708 10711
f 11139 10711 10712
f 11135 11139 11574
f 11140 11139 11144
f 11144 11139 11143
f 11139 10717 11143
f 10717 11139 10712
f 10717 10716 10288
f 10720 10717 10293
f 10293 10717 10292
f 10292 10717 10288
f 10293 10292 10296
f 10293 10296 10297
f 9911 10296 10292
f 9911 10292 9908
f 10292 10288 9908
f 10288 9903 9908
f 9902 9903 10288
f 9907 9908 9902
f 9902 9908 9903
f 9902 10288 10287
f 9902 10287 10283
f 9902 10283 9899
f 10283 10287 10288
f 10283 10288 10284
f 10284 10288 10711
f 10288 10716 10711
f 10716 10717 10711
f 10711 10717 10712
f 10284 10711 10708
f 10702 10703 10698
f 10703 10702 10707
f 10703 10707 10708
f 10277 10702 10273
f 10277 10273 10698
f 10707 10702 10280
f 10280 10702 10277
f 10280 10708 10707
f 10708 10280 10284
f 10284 10280 10283
f 9895 10283 10280
f 10283 9895 9899
f 9895 10280 10277
f 9895 10277 9894
f 9894 10277 9892
f 10277 10273 10272
f 10277 10272 10276
f 10277 10276 9892
f 10276 10272 9892
f 10272 9889 9892
f 9892 9889 9504
f 9892 9504 9507
f 9507 9504 9503
f 9892 9507 9510
f 9507 9506 9152
f 9507 9152 9510
f 9506 9149 9152
f 9506 9507 9503
f 9149 9506 9146
f 9146 9506 9503
f 9510 9152 9153
f 9510 9894 9892
f 9510 9513 9894
f 9894 9513 9898
f 9895 9894 9899
f 9899 9894 9898
f 9898 9513 9899
f 9899 9513 9516
f 9157 9513 9510
f 9157 9510 9153
f 9157 9153 9152
f 9157 9152 9156
f 9157 9156 8823
f 9156 8820 8823
f 9156 9152 8820
f 8817 8820 9152
f 8820 8817 8505
f 8817 9152 8815
f 8817 8503 8505
f 8503 8817 8815
f 8503 8502 8505
f 8174 8505 8173
f 8173 8505 8502
f 8502 8170 8173
f 8174 8173 7860
f 8174 7860 7863
f 7860 8173 7859
f 7859 8173 8170
f 7859 8170 7856
f 8170 8502 8167
f 8167 8502 8498
f 8498 8495 8167
f 8167 8495 8165
f 8167 8165 7854
f 7854 8165 7852
f 7854 7513 7515
f 7854 7515 7856
f 7856 7515 7517
f 7859 7856 7517
f 7856 8170 7854
f 8170 8167 7854
f 10269 10264 10268
f 10269 10268 10273
f 10272 10273 10268
f 10272 10268 9889
f 10268 9886 9889
f 9504 9889 9503
f 9503 9889 9886
f 9501 9503 9886
f 9886 10268 10264
f 9886 10264 9883
f 9501 9143 9503
f 9501 9499 9143
f 9143 9499 9140
f 9143 8808 8809
f 8495 8808 8492
f 8808 8495 8811
f 8808 8811 8809
f 8809 8811 8812
f 9143 8809 8812
f 9143 8812 9146
f 9143 9146 9503
f 9146 8812 9149
f 8815 9149 8812
f 9149 8815 9152
f 8814 8815 8812
f 8814 8812 8811
f 8815 8814 8498
f 8495 8498 8814
f 8495 8814 8811
f 8815 8498 8499
f 8815 8499 8503
f 8499 8498 8503
f 8503 8498 8502
f 8495 8492 8165
f 8492 8163 8165
f 8163 8492 8489
f 8161 8163 8489
f 8165 8163 7850
f 8165 7850 7852
f 7850 8163 8161
f 8489 8492 8806
f 8806 8492 8808
f 9902 9899 9517
f 9517 9899 9516
f 9907 9902 9517
f 9907 9517 9520
f 9520 9517 9160
f 9160 9517 9516
f 9520 9160 9163
f 9520 9163 9164
f 9516 9513 9160
f 9160 9513 9157
f 9167 9164 9163
f 9163 9160 8827
f 8827 9160 8824
f 8827 8512 8515
f 8827 8824 8512
f 8512 8824 8508
f 8508 8824 8823
f 8511 8512 8508
f 8505 8508 8823
f 8508 8505 8174
f 8508 8174 8176
f 8508 8176 8179
f 8508 8179 8511
f 8511 8179 8512
f 8182 8179 7865
f 8179 8182 8183
f 8183 8182 7869
f 7869 8182 7865
f 8180 8179 8183
f 8179 8180 8512
f 8512 8180 8183
f 8515 8512 8183
f 8518 8515 8186
f 8186 8515 8183
f 8186 8183 7869
f 8186 7872 8187
f 8186 8187 8519
f 8519 8187 8522
f 8522 8187 8190
f 7875 8190 7873
f 7873 8190 8187
f 7873 8187 7872
f 7875 7873 7872
f 8190 7875 8191
f 8191 7875 7878
f 8194 8191 7878
f 8522 8190 8191
f 8522 8191 8523
f 8523 8191 8194
f 8834 8519 8522
f 8834 8522 8837
f 8837 8522 8523
f 8834 8837 8835
f 8834 8835 9172
f 8834 9172 9171
f 9167 8834 9171
f 8831 8834 9167
f 8831 8830 8516
f 8830 8515 8516
f 8831 8516 8519
f 8831 8519 8834
f 8516 8515 8519
f 8515 8830 8827
f 8519 8515 8518
f 8827 8830 9163
f 9167 9163 8830
f 8831 9167 8830
f 9167 9171 9172
f 9167 9172 9168
f 9168 9172 9527
f 9172 8835 9175
f 9175 8835 8837
f 8526 8523 8194
f 8523 8526 8840
f 8523 8840 8837
f 8841 8840 8526
f 8841 8526 8527
f 8841 8837 8840
f 8841 9179 9176
f 8841 9176 8837
f 8837 9176 9175
f 9172 9175 9527
f 9527 9175 9176
f 9527 9176 9531
f 9527 9531 9528
f 9528 9531 9916
f 9531 9920 9916
f 9916 10301 9912
f 9912 10301 10297
f 10297 10298 10725
f 10724 10297 10725
f 10724 10725 10720
f 10720 10725 10721
f 10724 10720 10293
f 10724 10293 10297
f 10720 10721 11146
f 10720 11146 10717
f 11146 11144 10717
f 10717 11144 11143
f 6933 6708 6935
f 6708 6933 6931
f 6708 6931 6706
f 6466 6708 6706
f 6466 6706 6464
f 6466 6464 6153
f 6153 6464 6151
f 6153 6151 5796
f 6153 5796 5799
f 6155 6466 6153
f 6468 6466 6155
f 6468 6155 6470
f 6157 6470 6155
f 6157 6155 5803
f 5803 6155 5801
f 5801 6155 6153
f 5801 6153 5799
f 5801 5799 5461
f 5461 5799 5458
f 5796 6151 5794
f 5796 5794 5455
f 5455 5794 5452
f 5799 5796 5458
f 5458 5796 5455
f 5455 5452 5453
f 5458 5455 5123
f 5456 5455 5453
f 5453 5117 5456
f 5455 5456 5121
f 5456 5117 5121
f 5121 5117 4803
f 5121 4803 4805
f 4805 4483 4486
f 4808 4805 4486
f 4805 4808 5121
f 5121 4808 5124
f 5121 5120 5455
f 5120 5121 5124
f 5455 5120 5123
f 5120 5124 5123
f 5124 4808 4811
f 4811 4808 4486
f 4488 4811 4486
f 4811 4488 4490
f 4811 4490 4814
f 4816 4814 4490
f 4816 4490 4492
f 4816 4492 4494
f 5133 4816 4819
f 5133 4816 5132
f 5133 4819 5136
f 4816 5132 5129
f 5133 5136 5132
f 5132 5136 5135
f 5136 4819 4822
f 5139 5136 4822
f 5135 5470 5467
f 5135 5467 5132
f 5132 5467 5464
f 5129 5132 5464
f 5464 5467 5803
f 5467 5805 5803
f 5805 5467 5470
f 5464 5803 5461
f 5461 5803 5801
f 5458 5123 5461
f 5129 5464 5126
f 5126 5464 5461
f 5126 5461 5123
f 5123 5124 5126
f 5124 4811 5126
f 5126 4811 5127
f 5127 4811 4814
f 5126 5127 5129
f 5129 5127 4814
f 5130 5129 4814
f 5129 5130 4816
f 4816 5130 4814
f 6710 6935 6708
f 6710 6708 6466
f 6710 6466 6468
f 6710 6468 6470
f 6710 6470 6712
f 6710 6712 6935
f 6935 6712 6937
f 6937 6712 6714
f 6939 6937 6714
f 6714 6712 6470
f 6472 6714 6470
f 6472 6474 6714
f 6714 6474 6716
f 6714 6716 6939
f 6939 6716 6941
f 6941 6716 6943
f 6943 6716 6718
f 6943 6718 6721
f 6723 6721 6480
f 6480 6721 6478
f 6723 6480 6482
f 6723 6482 6725
f 6726 6725 6483
f 6483 6725 6482
f 6728 6726 6486
f 6486 6726 6483
f 6174 6486 6171
f 6486 6174 6177
f 6171 5817 6174
f 5819 6174 5817
f 5817 6171 5815
f 6171 6167 5815
f 5817 5815 5480
f 5819 5817 5485
f 5817 5482 5485
f 5817 5480 5482
f 5819 5485 5486
f 5820 5819 5486
f 5486 5488 5820
f 5823 5819 5820
f 5823 5820 5488
f 6174 5819 5823
f 6177 6174 5823
f 6177 5823 6178
f 6180 5823 5826
f 6178 5823 6180
f 6177 6178 6490
f 6177 6490 6486
f 6490 6178 6491
f 6486 6490 6731
f 6486 6731 6728
f 6731 6490 6491
f 6731 6491 6732
f 6732 6491 6493
f 6732 6493 6734
f 6493 6491 6178
f 6178 6180 6493
f 6737 6493 6496
f 6496 6493 6497
f 6497 6493 6180
f 6184 6497 6180
f 6184 6180 6181
f 6181 6180 5826
f 6181 5826 5827
f 6181 5827 6184
f 5830 6184 5827
f 6186 6184 6187
f 6184 6186 6497
f 6497 6186 6499
f 6499 6186 6500
f 6186 6187 6500
f 7507 7509 7848
f 7848 7509 7850
f 7509 7507 7178
f 7178 7507 7176
f 7509 7511 7852
f 7511 7509 7178
f 7180 7511 7178
f 7180 7182 7511
f 7511 7182 7513
f 7182 7185 7515
f 7182 7515 7513
f 7185 7182 6946
f 7187 7185 6948
f 7511 7513 7854
f 7511 7854 7852
f 7852 7850 7509
f 7848 7850 8161
f 7178 7176 6939
f 6939 7176 6937
f 6939 6941 7178
f 7178 6941 7180
f 7180 6941 6943
f 7180 6943 7182
f 7182 6943 6946
f 6946 6943 6721
f 6946 6721 6948
f 6948 6721 6723
f 6948 6723 6725
f 6946 6948 7185
f 7187 6948 6950
f 7189 7187 6950
f 7185 7187 7517
f 7185 7517 7515
f 7520 7517 7187
f 7520 7187 7189
f 7859 7863 7860
f 7859 7517 7520
f 7859 7520 7863
f 7863 7520 7521
f 7863 8176 8174
f 8179 8176 7863
f 8179 7863 7865
f 7865 7863 7524
f 7863 7521 7524
f 7190 7520 7189
f 7520 7190 7521
f 7189 6950 6951
f 7189 6951 7190
f 7190 6951 6953
f 7190 6953 7192
f 6950 6948 6725
f 6951 6950 6725
f 6725 6726 6951
f 6726 6728 6951
f 6953 6951 6728
f 6728 6731 6953
f 6953 6731 6956
f 6956 6731 6732
f 6956 6732 6957
f 6957 6732 6959
f 7192 6953 6956
f 7192 6956 7196
f 7190 7192 7524
f 7190 7524 7521
f 7524 7192 7527
f 7527 7192 7196
f 7196 7197 7527
f 7527 7197 7528
f 7524 7527 7868
f 7865 7524 7868
f 7868 7527 7528
f 7868 7528 7869
f 7869 7865 7868
f 8823 8820 8505
f 8824 9160 9157
f 8823 8824 9157
f 9523 9520 9164
f 9164 9167 9523
f 9523 9167 9524
f 9524 9167 9168
f 9524 9168 9527
f 9915 9527 9528
f 9524 9527 9911
f 9911 9527 9915
f 9915 9528 9916
f 9915 9916 9911
f 9916 9912 9911
f 9911 9912 10297
f 9911 10297 10296
f 9907 9520 9908
f 9908 9520 9524
f 9908 9524 9911
f 9524 9520 9523
f 9532 9531 9536
f 9536 9531 9535
f 9536 9535 9179
f 9535 9531 9179
f 9179 9531 9176
f 9180 9536 9179
f 9180 9179 8841
f 9180 8841 9183
f 9184 9183 8845
f 9541 9184 9186
f 9186 9184 8848
f 8848 9184 8845
f 8848 8845 8847
f 8848 8847 8533
f 8534 8848 8533
f 8534 8203 8536
f 8536 8203 8205
f 8203 8534 8533
f 8203 8533 8202
f 8202 7887 8203
f 8205 8203 7891
f 8203 7887 7891
f 7550 7891 7888
f 7550 7888 7547
f 7891 7887 7888
f 7888 7887 7546
f 7888 7546 7547
f 7887 8202 7882
f 7887 7882 7886
f 7882 8202 8198
f 8198 8202 8199
f 8533 8847 8845
f 8530 8533 8845
f 8844 8845 9183
f 8844 9183 8841
f 10320 10319 9936
f 10320 9936 9937
f 10326 10320 9937
f 10326 9937 9943
f 10326 9943 10327
f 10327 9943 9944
f 9943 9553 9557
f 9943 9557 9944
f 9944 9557 9558
f 9951 9945 9944
f 9951 9944 9950
f 9951 9950 9559
f 9559 9950 9558
f 9953 9952 9560
f 9953 9560 9561
f 10339 9953 10340
f 9953 9954 10340
f 9954 9953 9561
f 9953 9561 9568
f 9954 9561 9569
f 9569 9561 9568
f 9568 9561 9560
f 9568 9560 9567
f 9567 9205 9568
f 9205 9567 9560
f 9205 9560 9204
f 9204 9560 9559
f 9205 9204 8865
f 8866 9205 8865
f 9205 9206 9568
f 9569 9568 9206
f 9569 9206 9207
f 9208 9569 9207
f 9569 9963 9954
f 9570 9569 9208
f 9570 9964 9569
f 9569 9964 9954
f 9964 9955 9954
f 10340 9954 9955
f 10340 9955 10341
f 10341 10766 10340
f 10331 10340 10766
f 10765 10331 10766
f 10765 10766 11196
f 11196 10766 11197
f 11633 11623 11632
f 11632 11623 11622
f 11633 11632 11187
f 11186 11187 11632
f 11197 11187 11196
f 11196 11187 11186
f 11185 11186 11631
f 11631 11186 11632
f 11186 11185 11196
f 11184 11185 11631
f 11185 11184 10763
f 11185 10763 10764
f 11185 10764 10756
f 11185 10756 11195
f 11195 10756 10764
f 11195 10764 11185
f 11185 10764 11196
f 10764 10765 11196
f 12537 12524 12536
f 12524 12537 12525
f 12536 12262 12537
f 12537 12262 12263
f 12263 12262 12272
f 12537 12263 12272
f 12272 12262 12271
f 12272 12547 12537
f 12537 12547 12548
f 12548 12547 12272
f 12538 12537 12548
f 12548 12272 12273
f 12538 12548 12549
f 12538 12549 12539
f 12261 12270 12271
f 12261 12271 12262
f 12272 12271 12284
f 12273 12272 12285
f 12272 12284 12285
f 12285 12284 11999
f 11999 12284 12009
f 12009 12284 11998
f 12009 11998 12008
f 12283 12284 12271
f 12284 12283 11997
f 12284 11997 11998
f 11998 11997 12007
f 12007 11997 11996
f 12007 11996 12006
f 12006 11996 11610
f 12007 12006 11610
f 12007 11610 11611
f 12007 11611 11612
f 12007 12008 11998
f 12008 12007 11612
f 12009 12008 11621
f 11621 12008 11620
f 11620 12008 11612
f 11620 11612 11611
f 11622 11621 11632
f 11632 11621 11631
f 12551 12550 12276
f 12276 12275 12288
f 12276 12288 12277
f 12277 12288 12289
f 12551 12276 12277
f 12552 12551 12277
f 12542 12541 12551
f 12542 12551 12552
f 12277 12278 12552
f 12278 12277 12289
f 12278 12289 12290
f 12552 12278 12553
f 12278 12290 12291
f 12279 12278 12291
f 12290 12014 12000
f 12013 12014 12296
f 12296 12014 12290
f 12296 12290 12289
f 12296 12289 12013
f 12012 12013 12295
f 12295 12013 12296
f 12295 12296 12288
f 12288 12296 12289
f 12288 12287 12294
f 12288 12294 12295
f 12295 12294 12012
f 12012 12294 12011
f 12012 12011 12020
f 12013 12012 12022
f 12012 12021 12022
f 12021 12012 12020
f 12021 12020 11623
f 11624 12021 11623
f 11624 11623 11633
f 11633 11634 11624
f 11634 11633 11187
f 11634 11187 11188
f 11624 11634 11625
f 11624 11625 12021
f 11635 11625 11634
f 12021 11625 12022
f 12014 12013 12022
f 12014 12022 12023
f 12023 12022 11626
f 12022 11625 11626
f 11626 11625 11635
f 12024 11626 11627
f 11626 12024 12023
f 12023 12024 12015
f 12024 11627 12015
f 12023 12015 12014
f 12014 12015 12000
f 12000 12015 12001
f 12000 12001 12290
f 11613 12015 11627
f 12015 11613 11614
f 11613 11627 11614
f 12001 12291 12290
f 12553 12278 12554
f 12554 12278 12279
f 12553 12554 12544
f 12553 12544 12543
f 12554 12279 12544
f 12264 12544 12279
f 12543 12544 12532
f 12533 12544 12545
f 12545 12544 12265
f 12265 12544 12264
f 12264 12279 12280
f 12264 12280 12265
f 12280 12279 12291
f 12292 12291 12001
f 12291 12292 12280
f 12292 12001 12002
f 12292 12002 12280
f 12002 12001 12016
f 12016 12001 12015
f 12016 12015 11614
f 12002 12016 12017
f 12003 12002 12017
f 12002 12003 11991
f 12280 12002 11991
f 12265 12280 12266
f 12266 12280 12281
f 12545 12265 12266
f 12533 12545 12266
f 12533 12532 12544
f 12533 12518 12532
f 12532 12531 12543
f 12531 12532 12743
f 12743 12532 12735
f 12735 12532 12736
f 12736 12532 12517
f 12735 12736 12517
f 12517 12532 12518
f 12743 12735 12742
f 12543 12531 12542
f 12531 12530 12542
f 12530 12531 12743
f 12530 12743 12742
f 12734 12742 12735
f 12742 12734 12741
f 12734 12723 12733
f 12723 12734 12735
f 12735 12724 12723
f 12724 12735 12736
f 12724 12736 12725
f 12736 12517 12518
f 12736 12518 12737
f 12725 12736 12737
f 12725 12737 12726
f 12726 12737 12518
f 12534 12518 12533
f 12518 12534 12519
f 12519 12509 12518
f 12518 12509 12726
f 12726 12509 12727
f 12727 12509 12502
f 12509 12510 12502
f 12502 12510 12503
f 12503 12510 12511
f 12503 12511 12504
f 12511 12520 12521
f 12520 12511 12510
f 12510 12509 12519
f 12510 12519 12520
f 12520 12519 12534
f 12535 12520 12534
f 12256 12520 12535
f 12534 12255 12256
f 12534 12256 12535
f 12256 12248 12520
f 12520 12248 12521
f 12521 12248 12249
f 12249 12248 12256
f 12249 12256 12257
f 12521 12249 12511
f 12511 12249 12243
f 12244 12243 12250
f 12250 12243 12249
f 12249 12257 12250
f 12257 12258 12250
f 12250 12258 11975
f 12250 11975 11971
f 11971 12244 12250
f 12243 12244 12239
f 12243 12239 12238
f 12238 12504 12243
f 12243 12504 12511
f 12504 12238 12233
f 12504 12233 12497
f 12239 12244 11971
f 11967 12239 11971
f 11966 12239 11967
f 11966 11967 11971
f 11971 11970 11966
f 12239 11966 12238
f 12239 12238 12234
f 12238 12233 12234
f 12497 12233 12229
f 12497 12229 12492
f 12504 12497 12496
f 12503 12504 12496
f 12496 12497 12491
f 12491 12497 12492
f 12496 12491 12705
f 12705 12491 12700
f 12491 12485 12700
f 12485 12491 12492
f 12492 12486 12485
f 12485 12486 12481
f 12485 12481 12480
f 12217 12471 12216
f 12216 12471 12476
f 12216 12476 12220
f 12216 12220 11949
f 12216 11949 11946
f 11949 12220 12223
f 11949 12223 11953
f 12223 12220 12476
f 12223 12476 12481
f 12223 12481 12226
f 12226 12481 12486
f 11953 12223 11956
f 11956 12223 12226
f 12226 12486 12229
f 12229 12486 12492
f 11959 12229 11962
f 12229 12233 11962
f 12233 12238 11962
f 11962 12238 11966
f 11959 11962 11572
f 11568 11959 11572
f 11576 11572 11962
f 11572 11136 11131
f 11136 11572 11576
f 11131 11136 11137
f 11131 11137 11132
f 11131 11132 11572
f 11572 11132 11573
f 11572 11573 11569
f 11573 11132 11569
f 11568 11572 11569
f 11126 11569 11132
f 11568 11564 11956
f 11959 11568 11956
f 11959 11956 12226
f 11959 12226 12229
f 9944 9558 9950
f 9558 9557 9197
f 9558 9197 9198
f 9198 9197 8859
f 9198 8859 8860
f 8860 8859 8864
f 8864 8859 8547
f 8860 8864 9198
f 9204 9198 8864
f 9199 9198 9204
f 9198 9199 9558
f 9558 9199 9559
f 9559 9199 9204
f 9204 8864 8865
f 8865 8864 8548
f 8865 8548 8549
f 8549 8548 8219
f 8220 8549 8219
f 8219 8218 7903
f 8219 8548 8218
f 8548 8547 8218
f 8548 8864 8547
f 8547 8859 8543
f 8543 8859 8542
f 8543 8542 8212
f 8212 8542 8211
f 8218 8543 8212
f 8543 8218 8547
f 8211 8210 7896
f 7897 8211 7896
f 8211 7897 8217
f 7897 7901 8217
f 7897 7896 7555
f 7555 7556 7897
f 7554 7551 7223
f 7551 7220 7223
f 7551 7550 7220
f 7892 7551 7554
f 7551 7892 7550
f 7554 7895 7892
f 7895 7554 7896
f 7896 7554 7555
f 7892 7891 7550
f 7895 8206 7892
f 7550 7219 7220
f 7218 7219 7215
f 6979 7219 7218
f 7220 7219 6979
f 6980 7220 6979
f 7220 6980 7223
f 7554 7223 7555
f 7555 7223 7224
f 7897 7556 7901
f 7901 7556 7560
f 7902 7901 7560
f 7901 7902 8218
f 7901 8218 8217
f 8218 7902 7903
f 8217 8218 8212
f 8217 8212 8211
f 11187 11197 11188
f 11188 11197 11198
f 11187 11188 11198
f 11188 11198 11199
f 11189 11188 11199
f 11189 11634 11188
f 11189 11635 11634
f 11188 11634 11635
f 11635 11636 11626
f 11635 11189 11636
f 11636 11189 11190
f 11189 11199 11200
f 11190 11189 11200
f 11200 11199 10769
f 11199 10768 10769
f 11626 11636 11627
f 11627 11636 11637
f 11637 11636 11190
f 11637 11190 11191
f 11637 11191 11627
f 11191 11192 11628
f 11191 11628 11627
f 11628 11192 11178
f 11627 11628 11614
f 11614 11628 11615
f 11628 11178 11629
f 11629 11178 11179
f 11628 11629 11615
f 11193 11179 11178
f 11629 11179 11630
f 11179 11180 11630
f 11629 11630 11616
f 11629 11616 11615
f 11616 11630 11180
f 11180 11169 11616
f 11170 11169 11180
f 11170 11180 11181
f 11170 11617 11169
f 11169 11617 11616
f 11617 11170 11606
f 11163 11606 11170
f 11163 11170 11164
f 11163 11164 11606
f 11607 11606 11164
f 11605 11606 12005
f 11605 12005 12004
f 11606 11605 11616
f 11617 11606 11616
f 11614 11615 12017
f 11614 12017 12016
f 12017 11615 12003
f 11615 11616 11605
f 11615 11605 11604
f 11604 11605 12004
f 11615 11604 12003
f 12003 11604 12004
f 11991 12281 12280
f 11991 11992 12281
f 11991 12003 12004
f 11991 12004 11992
f 11993 11992 12004
f 11993 12004 12005
f 11993 12005 11597
f 11597 12005 11606
f 11993 11597 11606
f 11597 11606 11607
f 11597 11607 11598
f 11598 11607 11164
f 11171 11164 11170
f 11164 11171 11165
f 11171 11172 11165
f 11171 10741 11172
f 11172 10741 10742
f 11172 10742 11165
f 10735 11165 10742
f 11164 11158 11598
f 11164 11165 11159
f 11164 11159 11158
f 11598 11158 11599
f 11599 11158 11159
f 11599 11159 11598
f 11592 11598 11593
f 11593 11598 11599
f 11598 11592 11986
f 11598 11986 11994
f 11597 11598 11994
f 11597 11994 11993
f 11994 11598 11993
f 11993 11994 11986
f 11993 11986 11985
f 11992 11993 11985
f 11992 11985 11984
f 11992 11984 12267
f 11984 11985 12268
f 11984 12268 12267
f 11992 12267 12282
f 11992 12282 12281
f 12282 12267 12281
f 12266 12281 12267
f 12266 12255 12546
f 12266 12267 12256
f 12266 12256 12255
f 12257 12256 12268
f 11979 12257 11985
f 11985 12257 12268
f 12257 11979 12258
f 12257 12258 11980
f 12258 11979 11980
f 12258 11980 11975
f 11980 11979 11986
f 11986 11979 11985
f 11593 11154 11592
f 11593 11599 11159
f 11154 11593 11159
f 10727 11154 11159
f 10727 11159 10732
f 10732 10735 10736
f 10732 10736 10307
f 10303 10732 10307
f 10304 10303 10307
f 10303 10304 10732
f 10300 10732 10304
f 10732 10300 10727
f 10727 10300 10728
f 10300 10299 10727
f 9914 10299 9913
f 10299 9914 10294
f 10294 9914 9909
f 9914 10299 10300
f 9910 9909 9521
f 9521 9909 9525
f 9525 9909 9914
f 9521 9525 9526
f 9525 9914 9529
f 9914 9918 9529
f 10300 10304 9914
f 9918 9914 10304
f 9918 9919 9529
f 9529 9919 9530
f 9530 9919 9534
f 9919 9924 9534
f 9924 9919 9923
f 9923 9919 9918
f 9534 9924 9923
f 9534 9923 9533
f 9538 9534 9533
f 9539 9534 9538
f 9538 9533 9923
f 9928 9538 9923
f 9923 9918 10304
f 9923 10304 10307
f 10311 10307 10736
f 9923 10307 10311
f 9923 10311 9928
f 10743 10311 10736
f 10311 10743 10742
f 10743 10736 10742
f 10736 10735 10742
f 10310 10311 10742
f 10317 10311 10316
f 10316 10311 10310
f 10316 10310 10742
f 10316 9932 9933
f 10317 10316 9933
f 10317 9933 10311
f 10311 9933 9928
f 9538 9928 9539
f 9928 9933 9544
f 9928 9544 9539
f 9544 9933 9543
f 9544 9543 9549
f 9185 9181 9539
f 9185 9539 9544
f 9538 9539 9181
f 9181 9185 8846
f 8842 9181 8846
f 8850 8846 9185
f 9189 8850 9185
f 9189 9185 9550
f 9550 9185 9544
f 9550 9544 9549
f 9189 9550 9188
f 9188 9550 9549
f 9549 9543 9933
f 9549 9933 9941
f 9933 9932 9940
f 9933 9940 9941
f 9941 9940 9549
f 9548 9549 9940
f 9940 9932 10316
f 10325 9940 10316
f 9940 10325 10324
f 9940 10324 9939
f 10324 10325 10316
f 10324 10316 10315
f 9939 9949 9940
f 10323 9939 10324
f 9939 10323 9938
f 9939 9938 9948
f 9939 9948 9949
f 9948 9938 10323
f 10324 10315 10749
f 10323 10324 10761
f 10761 10324 10749
f 10748 10761 10749
f 10323 10761 10760
f 10323 10760 10322
f 10322 10760 10772
f 10760 10759 10772
f 11193 10759 10760
f 11194 10760 10747
f 10760 11194 11193
f 11194 10747 11180
f 11194 11180 11193
f 10747 10760 11180
f 11180 10747 10748
f 11180 10748 11181
f 10761 10748 10747
f 10761 10747 10760
f 10767 11197 10766
f 11197 10767 11198
f 10766 10341 10773
f 10766 10773 10767
f 10773 10341 10342
f 10767 10773 10342
f 10768 10767 10773
f 10768 10773 10774
f 10773 10342 10343
f 10773 10343 10774
f 10768 10774 10343
f 10343 10342 9956
f 9956 10342 9955
f 9955 10342 10341
f 9956 9955 9964
f 9965 9956 9964
f 9964 9570 9965
f 9570 9571 9965
f 9570 9208 9571
f 8869 9208 9207
f 9208 8869 8878
f 9209 9208 8879
f 9208 8878 8879
f 8878 8558 8879
f 8879 8558 8559
f 8230 8558 8229
f 8559 8558 8230
f 8230 8229 7912
f 8230 7912 7913
f 7913 7914 8231
f 7913 8231 8230
f 8230 8231 8559
f 8559 8231 8560
f 8560 8231 8232
f 8559 8560 8880
f 8880 8879 8559
f 8880 8560 8561
f 8881 8880 8561
f 8560 8232 8561
f 8233 8561 8232
f 8234 8561 8233
f 8561 8234 8562
f 8881 8561 8562
f 8881 8562 8882
f 8882 8871 8881
f 8881 8871 8870
f 8881 8870 9211
f 8881 9211 8880
f 9211 8870 9212
f 9212 8870 8871
f 9574 9211 9212
f 9211 9574 9573
f 8871 8882 8883
f 8882 8562 8563
f 8883 8882 8563
f 8883 8563 8884
f 8563 8564 8884
f 8884 8564 8873
f 8564 8551 8873
f 8884 8873 8883
f 8872 8883 8873
f 8873 9214 8872
f 9214 9213 8872
f 8883 8872 8871
f 8871 8872 9212
f 9212 8872 9213
f 9212 9213 9574
f 9574 9213 9575
f 9575 9213 9214
f 9576 9575 9214
f 9575 9576 9563
f 9563 9576 9564
f 9960 9563 9564
f 9563 9960 9575
f 9575 9563 9574
f 9563 9960 9574
f 9961 9960 9564
f 9960 9961 10346
f 10346 9961 10347
f 10334 10346 10347
f 9960 9959 9574
f 9959 9960 10345
f 10345 9960 10346
f 10345 10346 10333
f 10333 10346 10334
f 9574 9959 9562
f 9574 9562 9968
f 9968 9562 9959
f 9574 9968 9967
f 9967 9968 9959
f 9958 9959 10345
f 9959 9958 9967
f 9967 9958 9573
f 10344 9958 10345
f 9958 10344 10343
f 9958 10343 9957
f 9967 9958 9966
f 9966 9958 9957
f 9967 9966 9572
f 9967 9572 9573
f 9967 9573 9574
f 9572 9211 9573
f 9210 9211 9572
f 9572 9571 9210
f 9211 9210 8880
f 8880 9210 9216
f 8880 9216 8879
f 9216 9210 9209
f 9216 9209 8879
f 9209 9210 9571
f 8519 8518 8186
f 8526 8194 8195
f 8526 8195 8527
f 8195 8194 8198
f 8195 8198 8527
f 8527 8198 8529
f 8841 8527 8844
f 8844 8527 8529
f 8844 8529 8845
f 8845 8529 8530
f 8529 8198 8530
f 8533 8530 8202
f 8202 8530 8199
f 8199 8530 8198
f 7882 8198 8194
f 8194 7878 7882
f 7877 7878 7875
f 7537 7878 7877
f 7537 7877 7536
f 7877 7875 7534
f 7877 7534 7536
f 7875 7872 7530
f 7875 7530 7534
f 7534 7530 7533
f 7533 7530 7199
f 7533 7199 7534
f 7199 7530 7197
f 7197 7530 7528
f 7199 7197 6959
f 6957 6959 7197
f 6957 7197 7196
f 6957 7196 6956
f 6734 6959 6732
f 6737 6734 6493
f 6496 6497 6737
f 6737 6497 6738
f 6963 6738 6740
f 6963 6740 6965
f 6740 6738 6499
f 6499 6738 6497
f 6740 6499 6500
f 6740 6500 6741
f 6741 6500 6503
f 6741 6503 6744
f 6744 6503 6504
f 6744 6504 6745
f 6504 6508 6745
f 6508 6509 6750
f 6749 6745 6508
f 6749 6508 6750
f 6509 6513 6510
f 6509 6510 6753
f 6509 6753 6750
f 6510 6513 6753
f 6513 6514 6754
f 6753 6513 6754
f 6514 6517 6754
f 6754 6517 6757
f 6750 6753 6975
f 6975 6753 6978
f 6974 6750 6975
f 6974 6975 7214
f 6974 7214 6970
f 6975 7215 7214
f 6974 6970 6745
f 6974 6745 6749
f 6974 6749 6750
f 6970 7214 7210
f 7218 7219 7550
f 7215 7218 7546
f 7218 7550 7546
f 7550 7547 7546
f 7215 7546 7214
f 7546 7545 7214
f 7210 7214 7545
f 7210 7545 7541
f 7545 7546 7887
f 7887 7886 7545
f 7545 7886 7882
f 7545 7882 7541
f 7882 7878 7881
f 7541 7882 7881
f 7541 7881 7540
f 7540 7881 7878
f 7537 7540 7878
f 7540 7537 7206
f 7540 7206 7209
f 7540 7209 7541
f 7210 7541 7209
f 7206 6966 7209
f 7209 6966 6969
f 6966 7206 7205
f 6966 7205 6965
f 7205 7203 6965
f 6965 7203 6963
f 6965 6740 6741
f 6965 6741 6966
f 6969 6966 6741
f 6969 6741 6744
f 6969 6744 6970
f 6969 6970 7209
f 7209 6970 7210
f 6744 6745 6970
f 7869 7872 8186
f 7530 7872 7869
f 7528 7530 7869
f 6959 6734 6962
f 6962 6734 6737
f 6962 6737 6738
f 6962 6738 6963
f 6959 6962 7202
f 6959 7202 7199
f 6962 6963 7202
f 7202 6963 7203
f 7199 7202 7203
f 7199 7203 7534
f 7534 7203 7205
f 7534 7205 7536
f 7536 7205 7537
f 7205 7206 7537
f 7218 7215 6975
f 7218 6975 6979
f 6979 6975 6978
f 6979 6978 6753
f 6979 6753 6754
f 6980 6979 6754
f 6980 6754 6757
f 6980 6983 7223
f 7223 6983 7224
f 6983 6984 7224
f 7555 7224 7556
f 7556 7224 7225
f 7556 7225 7560
f 7560 7225 7229
f 7224 6984 7225
f 7560 7229 7561
f 7229 7230 7561
f 7560 7561 7902
f 7902 7561 7562
f 7231 7562 7230
f 7230 7562 7561
f 7562 7903 7902
f 8219 7903 8220
f 8220 7903 7904
f 7903 7562 7563
f 7903 7563 7904
f 7909 7904 7563
f 7563 7562 7567
f 7567 7909 7563
f 7904 7909 8220
f 8220 7909 8226
f 8220 8226 8227
f 8226 7909 8227
f 8220 8227 8221
f 8227 7909 7910
f 7910 7909 7568
f 7568 7909 7567
f 7910 7911 8227
f 7911 7910 7569
f 7910 7568 7569
f 7911 8228 8227
f 8556 8227 8228
f 8227 8556 8555
f 8221 8227 8550
f 8550 8227 8555
f 8221 8550 8220
f 8220 8550 8549
f 8549 8550 8865
f 8865 8550 8866
f 8866 8550 8867
f 8556 8550 8555
f 8867 8550 8556
f 8867 8556 8876
f 8877 8876 8556
f 8867 8876 8868
f 8868 8876 8877
f 8556 8557 8877
f 8557 8556 8228
f 8229 8557 8228
f 8229 8228 7911
f 7911 7912 8229
f 7569 7568 7237
f 7569 7237 7238
f 7567 7236 7568
f 7568 7236 7237
f 6996 7237 7236
f 7237 6996 6997
f 6995 6996 7236
f 7236 7231 6991
f 7236 6991 6995
f 7231 7236 7235
f 7235 7236 7567
f 7235 7567 7562
f 7235 7562 7231
f 6996 6995 6991
f 6996 6991 6765
f 6996 6765 6771
f 6765 6766 6771
f 6525 6765 6524
f 6524 6765 6764
f 6765 6525 6526
f 6765 6526 6766
f 6212 6525 6211
f 6211 6525 6524
f 6211 6524 6523
f 6211 6523 6206
f 6206 6523 6519
f 6206 6519 6205
f 6205 6519 6518
f 6205 6518 6204
f 6204 6518 6517
f 6517 6514 6201
f 6757 6517 6758
f 6517 6518 6758
f 6757 6983 6980
f 6757 6984 6983
f 6984 6757 6758
f 6984 6985 7225
f 7225 6985 6989
f 7225 6989 7229
f 7229 6989 7230
f 6989 6990 7230
f 7230 6990 7231
f 6991 7231 6990
f 6991 6990 6764
f 6991 6764 6765
f 6524 6764 6763
f 6523 6524 6763
f 6523 6763 6519
f 6519 6763 6759
f 6519 6759 6518
f 6518 6759 6758
f 6984 6758 6985
f 6985 6758 6759
f 6985 6759 6989
f 6989 6759 6763
f 6763 6764 6989
f 6989 6764 6990
f 8858 8542 8859
f 8858 8859 9196
f 9196 8859 9197
f 7896 8210 7895
f 9206 9205 8866
f 8867 9206 8866
f 8867 8868 9207
f 8867 9207 9206
f 9207 8868 8869
f 8878 8869 8868
f 8878 8868 8877
f 8878 8877 8558
f 8877 8557 8558
f 8558 8557 8229
f 7912 7911 7569
f 7570 7912 7569
f 7570 7569 7238
f 7238 7239 7570
f 6774 6999 6773
f 6773 6999 6998
f 6534 6774 6533
f 6533 6774 6773
f 6998 6999 7239
f 6998 7239 7238
f 6997 6998 7238
f 6773 6998 6772
f 6772 6998 6997
f 7237 6997 7238
f 6997 6996 6772
f 6996 6771 6772
f 6771 6766 6531
f 6531 6766 6526
f 6525 6212 6526
f 6526 6212 6213
f 6526 6213 6531
f 6213 6217 6531
f 6218 6531 6217
f 6531 6218 6532
f 6218 6219 6532
f 6532 6219 6533
f 6220 6533 6219
f 6533 6220 6534
f 6533 6773 6532
f 6532 6773 6772
f 6772 6771 6531
f 6772 6531 6532
f 7912 7570 7571
f 7912 7571 7913
f 7572 7913 7571
f 7914 7913 7572
f 7914 7572 7573
f 7239 7571 7570
f 7571 7239 7240
f 7571 7240 7572
f 7572 7240 7241
f 7240 7239 6999
f 7000 7240 6999
f 7240 7000 7001
f 6999 6774 7000
f 7000 6774 6775
f 6775 6774 6535
f 6535 6774 6534
f 7001 7000 6775
f 7001 6775 6776
f 7001 7241 7240
f 7241 7001 7008
f 7573 7572 7241
f 7573 7241 7242
f 7242 7241 7001
f 7002 7242 7001
f 7001 6776 7002
f 6776 6775 6535
f 6776 6535 6536
f 6776 6536 6777
f 6776 6777 7002
f 7002 6777 6778
f 7002 7003 7243
f 7002 7243 7242
f 7003 7002 6778
f 6778 6777 6537
f 6537 6777 6536
f 6538 6778 6537
f 6778 6538 6779
f 6538 6539 6779
f 6538 6224 6539
f 6539 6224 6225
f 6224 6538 6537
f 6224 6537 6223
f 6222 6223 6537
f 6537 6536 6222
f 6536 6535 6222
f 6221 6222 6535
f 6535 6534 6220
f 6535 6220 6221
f 13193 13192 13202
f 13203 13193 13202
f 13214 13203 13213
f 13213 13203 13202
f 13214 13213 13224
f 13213 13223 13224
f 13224 13223 13384
f 13384 13223 13383
f 13384 13383 13391
f 13383 13390 13391
f 13233 13390 13242
f 13233 13242 13234
f 13234 13242 13243
f 13390 13233 13391
f 13391 13233 13234
f 13391 13234 13235
f 13391 13235 13392
f 13224 13384 13385
f 13384 13391 13385
f 13225 13224 13385
f 13214 13224 13225
f 13215 13214 13225
f 13214 13215 13204
f 13203 13214 13204
f 13370 13204 13215
f 13203 13204 13193
f 13194 13204 13370
f 13193 13204 13194
f 13364 13194 13370
f 13364 13370 13371
f 13371 13365 13364
f 13366 13365 13371
f 13372 13366 13371
f 13195 13366 13205
f 13205 13366 13372
f 13372 13371 13377
f 13217 13205 13372
f 13217 13372 13378
f 13378 13372 13377
f 13378 13377 13217
f 13227 13217 13226
f 13036 13227 13041
f 13041 13227 13237
f 13227 13226 13236
f 13227 13236 13237
f 13041 13237 13236
f 13236 13226 13235
f 13386 13226 13377
f 13377 13226 13216
f 13216 13226 13217
f 13216 13217 13377
f 13377 13371 13370
f 13386 13377 13376
f 13377 13370 13376
f 13376 13370 13215
f 13386 13376 13385
f 13385 13376 13215
f 13385 13215 13225
f 13386 13385 13226
f 13226 13385 13235
f 13385 13392 13235
f 13392 13385 13391
f 13244 13235 13243
f 13243 13235 13234
f 13243 13242 13045
f 13242 13051 13045
f 13051 13052 13045
f 12889 12890 13052
f 12889 13052 13051
f 12889 12722 12890
f 12722 12723 12890
f 12723 12722 12733
f 12891 12890 12723
f 12891 12723 12724
f 12724 12712 12884
f 12724 12884 12891
f 12712 12724 12713
f 12891 12884 13053
f 12891 13053 13052
f 12891 13052 12890
f 13045 13052 13046
f 13243 13045 13046
f 13243 13046 13244
f 13046 13052 13053
f 13046 13053 12884
f 13244 13046 13245
f 13244 13245 13235
f 13235 13245 13236
f 13236 13245 13047
f 13047 13245 13046
f 13236 13047 13040
f 13236 13040 13041
f 13040 13047 12880
f 13040 12880 13041
f 13047 12885 12880
f 12885 13047 13046
f 12885 13046 12884
f 12880 12885 12881
f 12880 12881 13041
f 12881 12885 12713
f 12881 12713 12704
f 12885 12884 12713
f 12884 12712 12713
f 13041 12881 12877
f 12877 12881 12704
f 12877 13036 13041
f 12877 12878 13036
f 12878 13037 13036
f 12877 12698 12878
f 12698 12877 12704
f 12878 12698 12699
f 12878 12699 12874
f 13037 12878 13033
f 13033 12878 12874
f 13033 13029 13218
f 13218 13029 13217
f 13218 13217 13033
f 13032 13033 13217
f 13217 13227 13036
f 13217 13036 13032
f 13032 13036 13033
f 13033 13036 13037
f 13206 13205 13217
f 13206 13217 13029
f 13205 13206 13195
f 13195 13206 13196
f 13196 13206 13029
f 13196 13029 13027
f 12872 13027 13029
f 12870 13027 12872
f 13027 12870 13025
f 12868 12870 12683
f 12868 12683 12678
f 12683 12870 12688
f 12870 12872 12688
f 12872 13029 12874
f 12874 13029 13033
f 12874 12693 12872
f 12693 12874 12699
f 12693 12699 12700
f 12700 12699 12705
f 12705 12706 12496
f 12496 12705 12715
f 12496 12715 12503
f 12502 12503 12715
f 12502 12715 12727
f 12715 12705 12704
f 12715 12704 12714
f 12705 12699 12698
f 12705 12698 12704
f 12715 12714 12727
f 12727 12714 12726
f 12726 12714 12713
f 12713 12714 12704
f 12713 12725 12726
f 12725 12713 12724
f 12673 12866 12868
f 12673 12868 12678
f 12678 12868 12866
f 12673 12678 12679
f 12688 12689 12683
f 12684 12683 12689
f 12475 12476 12470
f 12470 12476 12471
f 12475 12470 12679
f 12475 12679 12684
f 12684 12679 12683
f 12683 12679 12678
f 12688 12872 12693
f 12688 12693 12694
f 12688 12694 12689
f 12689 12694 12480
f 12694 12693 12700
f 12694 12700 12485
f 12694 12485 12480
f 12689 12480 12684
f 12684 12480 12475
f 12475 12480 12476
f 12476 12480 12481
f 11946 11949 11552
f 11949 11556 11552
f 11953 11956 11564
f 11560 11953 11564
f 11564 11568 11565
f 11565 11568 11569
f 11565 11569 11126
f 11564 11565 11561
f 11564 11561 11560
f 11561 11565 11117
f 11117 11565 11121
f 11122 11121 11565
f 11122 11117 11121
f 11117 11122 11118
f 11118 11122 11123
f 11123 11122 10696
f 11127 11122 11565
f 11127 11565 11126
f 11126 11132 11127
f 11133 11127 11132
f 11133 11132 11138
f 11132 11137 11138
f 11133 10704 11127
f 10704 10705 11127
f 11127 10705 10700
f 11127 10700 11128
f 11127 10700 11123
f 11127 11123 11122
f 11105 11553 11108
f 11108 11553 11113
f 11105 11108 11109
f 11105 11109 11106
f 11109 11108 11113
f 11114 11109 11113
f 11114 11113 11117
f 11114 11117 11118
f 11561 11117 11113
f 11561 11113 11557
f 11561 11557 11560
f 11556 11560 11557
f 11560 11556 11953
f 11953 11556 11949
f 11552 11556 11553
f 11553 11556 11557
f 11553 11557 11113
f 12734 12733 12741
f 12742 12741 12530
f 12741 12529 12530
f 12541 12529 12528
f 12530 12529 12542
f 12542 12529 12541
f 12542 12552 12543
f 12552 12553 12543
f 12534 12533 12266
f 12534 12266 12546
f 12534 12546 12255
f 11962 11966 11576
f 11136 11576 11579
f 11141 11579 11142
f 11142 11579 11580
f 11142 11580 11585
f 11145 11142 11585
f 11585 11580 11584
f 11584 11580 11579
f 11971 11584 11579
f 11579 11970 11971
f 11584 11971 11975
f 11584 11975 11585
f 11585 11975 11588
f 11145 10718 10713
f 10718 10722 10719
f 10722 10718 11148
f 10722 11148 10723
f 11148 10718 11145
f 11148 11149 10723
f 11585 11588 11148
f 11585 11148 11145
f 11148 11588 11153
f 11153 11588 11592
f 11153 11592 11154
f 11154 10727 11153
f 11153 11154 11149
f 11153 11149 11148
f 11149 11154 10723
f 10723 11154 10727
f 10727 10299 10294
f 10727 10294 10723
f 10722 10723 10719
f 10723 10294 10289
f 10723 10289 10719
f 10719 10714 10718
f 10718 10714 10713
f 10713 11142 11145
f 11141 11142 11137
f 11141 11137 11136
f 11579 11141 11136
f 11138 11137 11142
f 11142 10713 11138
f 10713 10714 11138
f 11138 10714 10709
f 11138 10709 11133
f 11133 10709 10704
f 10709 10714 10710
f 10710 10714 10715
f 10710 10715 10281
f 10281 10715 10285
f 10715 10714 10285
f 10715 10714 10719
f 10715 10719 10290
f 10715 10290 10285
f 10290 10719 10289
f 10286 10290 10291
f 10291 10290 9905
f 10290 9904 9905
f 9904 10290 9909
f 9909 10290 10295
f 10290 10289 10295
f 10289 10294 10295
f 10295 10294 9909
f 9905 9904 9909
f 9909 9910 9905
f 9905 9910 9521
f 9905 9521 9518
f 9526 9525 9169
f 9173 9169 9525
f 9169 9173 9174
f 9173 9525 9529
f 9174 9173 9529
f 9530 9174 9529
f 9534 9539 9181
f 9177 9534 9181
f 9177 9181 9178
f 9178 9181 9182
f 9182 9181 8843
f 9178 9182 8843
f 9178 8843 8839
f 9178 8839 9177
f 9177 9174 9530
f 9177 9530 9534
f 8838 9177 8839
f 9174 9177 8836
f 8836 9177 8838
f 8838 8839 8525
f 8838 8525 8524
f 8838 8524 8836
f 8836 8524 8520
f 8188 8520 8524
f 8524 8525 8193
f 8524 8193 8192
f 8524 8192 8188
f 8188 8189 8520
f 8520 8189 8521
f 8189 8188 8192
f 8189 8192 7874
f 7874 8192 7876
f 7876 8192 8193
f 7879 7876 8193
f 7876 7879 7535
f 7535 7879 7538
f 8189 7874 7870
f 8189 7870 8184
f 7531 7874 7535
f 7535 7874 7876
f 7535 7538 7204
f 7535 7204 7200
f 7535 7200 7531
f 7532 7531 7200
f 7532 7200 7201
f 7529 7532 7198
f 7198 7532 7201
f 7532 7529 7531
f 7531 7529 7871
f 7531 7871 7874
f 7874 7871 7870
f 7870 7871 8184
f 7871 8185 8184
f 8189 8184 8517
f 8189 8517 8521
f 8520 8521 8836
f 8836 8521 8833
f 8833 8521 8517
f 8836 8833 8832
f 9174 8836 9169
f 8832 9169 8836
f 9526 9169 9165
f 9526 9165 9521
f 9521 9165 9166
f 9165 9169 9166
f 9169 9170 9166
f 9170 9169 8833
f 9166 9170 8833
f 9166 8833 8828
f 9161 9166 8828
f 9161 8828 8825
f 8826 9161 8825
f 9161 8826 9162
f 8825 8828 8826
f 8828 8829 8826
f 8828 8513 8829
f 8514 8829 8513
f 8826 8829 8514
f 8826 8514 8509
f 8826 8509 8506
f 8826 8506 8821
f 8506 8507 8821
f 8506 8509 8507
f 8509 8510 8507
f 8507 8510 8175
f 8821 8507 8822
f 8175 8171 8507
f 8507 8171 8504
f 8507 8504 8822
f 8504 8819 8822
f 8821 8822 8819
f 8819 9155 9154
f 8821 8819 8818
f 8819 9154 8818
f 8818 9154 8821
f 9154 9159 8821
f 9162 8826 8821
f 8821 9159 9162
f 9162 9159 9161
f 9159 9158 9161
f 9161 9158 9519
f 9519 9158 9514
f 9514 9158 9159
f 9514 9159 9515
f 9161 9519 9166
f 9166 9519 9522
f 9166 9522 9521
f 9521 9522 9519
f 9518 9521 9519
f 9905 9518 9519
f 9905 9519 9906
f 9906 9519 9901
f 9906 9901 9905
f 9519 9514 9901
f 9900 9905 9901
f 11576 11966 11970
f 11579 11576 11970
f 11980 11588 11975
f 11592 11588 11980
f 11592 11980 11986
f 9139 9142 8807
f 8805 9139 8807
f 8807 8810 8493
f 8807 8493 8490
f 8493 8494 8490
f 8490 8494 8491
f 8491 8494 8164
f 8491 8164 8162
f 8491 8488 8490
f 8160 8491 8162
f 7849 8162 7851
f 8162 8164 7851
f 7512 7514 7181
f 9891 9502 9888
f 9891 9888 9887
f 9891 9887 9890
f 9505 9502 9891
f 9505 9891 9890
f 9145 9142 9144
f 9144 9502 9147
f 9147 9502 9505
f 9148 9144 9147
f 9144 9148 9145
f 9142 9145 8810
f 9142 8810 8807
f 8810 9145 8813
f 8813 9145 9148
f 8810 8813 8496
f 8810 8496 8493
f 8493 8496 8494
f 8494 8496 8497
f 10704 10709 10705
f 10709 10710 10705
f 10710 10281 10705
f 10281 10710 10282
f 10282 10705 10281
f 10700 10705 10278
f 10278 10705 10706
f 10278 10705 10282
f 8482 8799 8484
f 8799 8802 8484
f 9139 8805 8802
f 9139 8802 9136
f 8802 8805 8487
f 8802 8487 8484
f 8805 8807 8487
f 8807 8490 8487
f 8487 8490 8488
f 8488 8491 8160
f 8488 8160 8485
f 8160 8158 8485
f 8158 8160 7847
f 8158 7847 7845
f 7847 8160 7849
f 7849 8160 8162
f 7847 7849 7508
f 7506 7847 7508
f 7175 7506 7177
f 7506 7508 7177
f 7175 7177 6938
f 6938 6936 7175
f 8158 8155 8154
f 8155 8158 7845
f 8158 8154 8157
f 8158 8157 8484
f 8484 8157 8482
f 8158 8484 8485
f 8485 8484 8488
f 8488 8484 8487
f 8178 8510 8509
f 8510 8178 8175
f 8178 8509 8177
f 8509 8514 8181
f 8517 8514 8513
f 8517 8513 8828
f 8517 8828 8833
f 8833 9169 8832
f 8517 8184 8185
f 8185 8514 8517
f 8514 8185 8181
f 7525 7866 7529
f 7529 7866 7871
f 7525 7529 7198
f 7198 7201 6961
f 7201 7200 6961
f 6960 7200 7204
f 7200 6960 6961
f 6964 6960 7204
f 6960 6964 6739
f 6960 6739 6735
f 6960 6735 6961
f 6735 6736 6961
f 6958 6961 6736
f 6958 6736 6733
f 6958 7198 6961
f 7198 7194 7193
f 7198 6958 7194
f 7194 6958 6954
f 6729 6954 6958
f 7193 7194 7526
f 7193 7526 7525
f 7198 7193 7525
f 7858 7516 7514
f 7186 7516 7519
f 7186 7519 7188
f 7188 7519 7523
f 7188 7523 7191
f 7516 7186 7514
f 7514 7186 7183
f 6944 7183 6945
f 6945 7183 7184
f 7184 7183 6944
f 7184 6944 6945
f 6944 7183 7186
f 6947 6944 7186
f 7186 7188 6949
f 7186 6949 6947
f 6949 7188 6952
f 6952 7188 7191
f 6952 7191 6955
f 7195 6955 7191
f 6955 7195 6954
f 6955 6954 6729
f 6955 6729 6730
f 6955 6730 6952
f 6730 6727 6952
f 6949 6952 6724
f 6724 6952 6727
f 6947 6949 6724
f 6727 6485 6481
f 6727 6481 6724
f 6485 6727 6489
f 6727 6730 6489
f 6488 6489 6730
f 6730 6729 6488
f 7194 6954 7195
f 7191 7523 7195
f 7195 7523 7526
f 7526 7523 7522
f 7195 7526 7194
f 8181 8178 8177
f 8178 8181 7867
f 7867 8181 7866
f 8181 8177 8509
f 8181 8185 7871
f 8181 7871 7866
f 6944 6942 7183
f 6945 6944 6719
f 6945 6719 6720
f 6945 6720 6944
f 6942 6944 6717
f 6719 6944 6720
f 6944 6719 6717
f 6722 6719 6944
f 6944 6947 6722
f 6722 6724 6481
f 6724 6722 6947
f 11193 11180 11179
f 10759 11193 11192
f 11192 11193 11178
f 11192 10758 10759
f 10772 10759 10758
f 10772 10758 10771
f 10771 10758 11192
f 10770 10771 11192
f 11192 11191 10757
f 11192 10757 10770
f 10770 10757 11191
f 10770 11191 11201
f 10771 10334 10772
f 10335 10772 10334
f 10335 10334 10347
f 10334 10771 10333
f 10333 10771 10770
f 10344 10345 10333
f 10344 10333 10770
f 10769 10344 10770
f 10344 10769 10332
f 10769 10770 11201
f 11200 10769 11201
f 11200 11201 11190
f 11201 11191 11190
f 10768 10774 10769
f 10769 10774 10344
f 10344 10774 10343
f 10767 10768 11199
f 11198 10767 11199
f 9571 9208 9209
f 9965 9571 9966
f 9966 9571 9572
f 9966 9957 9965
f 9965 9957 9956
f 9956 9957 10343
f 10335 10347 9961
f 9946 10335 9961
f 9947 10336 10335
f 9947 10335 9946
f 9946 9961 9962
f 9946 9962 9947
f 10335 10336 10322
f 10335 10322 10772
f 10337 10323 10322
f 9948 10323 10337
f 10337 10322 10336
f 9948 10337 10336
f 9948 10336 9947
f 9948 9947 9962
f 9948 9962 9554
f 9962 9961 9564
f 9962 9564 9565
f 9962 9565 9554
f 9554 9565 9566
f 9948 9554 9555
f 9949 9948 9555
f 9554 9566 9201
f 9554 9201 9555
f 9202 9555 9201
f 9555 9202 9193
f 9555 9193 9556
f 9556 9193 9194
f 9194 9193 9203
f 9203 9193 9202
f 8863 9203 9202
f 8863 9202 8862
f 9203 8863 8854
f 9203 8854 9194
f 9202 9201 8862
f 8861 8862 9201
f 9201 9566 9200
f 9200 9566 9565
f 9201 8875 8861
f 9201 9200 9215
f 9201 9215 8875
f 9215 8874 8875
f 9215 9200 9565
f 9565 9564 9200
f 9200 9564 9214
f 9214 9564 9576
f 9200 9214 9215
f 9214 8873 8874
f 9214 8874 9215
f 8874 8873 8551
f 8552 8874 8551
f 8551 8564 8552
f 8564 8236 8552
f 8565 8552 8236
f 8874 8552 8553
f 8875 8874 8553
f 8875 8553 8861
f 8544 8861 8553
f 8544 8553 8554
f 8862 8861 8544
f 8553 8552 8223
f 8552 8222 8223
f 8222 8552 8565
f 8222 8565 8237
f 8237 8565 8236
f 8236 8564 8563
f 8236 8563 8235
f 8235 8563 8562
f 8235 8562 8234
f 7918 8235 8234
f 8234 7917 7918
f 8234 8233 7916
f 8234 7916 7917
f 7916 8233 8232
f 7915 7916 8232
f 7575 7917 7916
f 7575 7916 7574
f 7916 7573 7574
f 7916 7915 7573
f 7573 7915 7914
f 7914 7915 8231
f 8231 7915 8232
f 12256 12267 12268
f 10732 11159 10735
f 11159 11165 10735
f 10316 10742 10750
f 10742 10741 10749
f 10742 10749 10750
f 10749 10316 10750
f 10316 10749 10315
f 10749 10741 10748
f 10741 10740 10748
f 10740 10741 11170
f 11170 10741 11171
f 10748 10740 11170
f 10748 11170 11181
f 9555 9940 9949
f 9940 9555 9556
f 9940 9556 9548
f 9549 9548 9556
f 9549 9556 9195
f 9188 9549 9195
f 8855 9188 9195
f 8850 8855 8856
f 8855 8850 9188
f 9188 8850 9189
f 8850 8856 8535
f 8535 8856 8540
f 8540 8856 8855
f 8540 8855 8539
f 8854 8855 9194
f 9194 8855 9195
f 9556 9194 9195
f 7243 7574 7573
f 7573 7242 7243
f 7243 7003 7004
f 7244 7243 7004
f 7574 7243 7244
f 7575 7574 7244
f 7004 7003 6779
f 6779 7003 6778
f 6225 6226 6540
f 6225 6540 6539
f 6226 6227 6541
f 6226 6541 6540
f 6539 6540 6779
f 6540 6780 6779
f 6780 6540 6781
f 6781 6540 6541
f 6781 7006 6780
f 6780 7006 7005
f 6779 6780 7005
f 7004 6779 7005
f 7004 7005 7245
f 7004 7245 7244
f 7575 7244 7245
f 7575 7245 7576
f 7577 7576 7245
f 7919 7576 7577
f 7576 7919 7918
f 8235 7918 8236
f 8236 7918 7919
f 7919 7920 8236
f 8236 7920 8237
f 7919 7577 7920
f 7920 7577 7578
f 7920 7578 7564
f 7246 7577 7245
f 7578 7577 7247
f 7245 7005 7246
f 7246 7005 7006
f 7246 7006 7247
f 7247 7006 7007
f 7577 7246 7247
f 7564 7578 7579
f 7578 7247 7232
f 7564 7578 7232
f 7232 7247 7248
f 7232 7247 6992
f 6992 7247 7007
f 7564 7232 7565
f 7565 7232 7233
f 7232 6992 7233
f 6992 6993 7233
f 7234 7233 6993
f 7566 7565 7233
f 7566 7233 7234
f 7566 7557 7898
f 7566 7234 7226
f 7566 7226 7557
f 7226 7234 6994
f 7226 6986 7227
f 6987 7227 6986
f 7226 7227 7558
f 7226 7558 7557
f 7557 7558 7899
f 7898 7557 7899
f 7898 7908 7566
f 7566 7908 7907
f 7566 7907 7565
f 7565 7907 7906
f 7564 7565 7906
f 7907 7908 8225
f 7908 7898 8225
f 8214 7898 7899
f 7898 8214 8225
f 8224 7907 8225
f 8224 8225 8214
f 8214 8213 8224
f 8213 8214 8545
f 8545 8544 8213
f 8544 8554 8213
f 8213 8554 8224
f 8224 8554 8223
f 8554 8553 8223
f 8223 7906 8224
f 7907 8224 7906
f 7564 7906 7905
f 7564 7905 7920
f 7905 7906 8223
f 7920 7905 8222
f 7920 8222 8237
f 7905 8223 8222
f 7918 7917 7575
f 7576 7918 7575
f 8863 8862 8544
f 8544 8545 8863
f 8854 8863 8855
f 8855 8863 8545
f 8855 8545 8546
f 8855 8546 8539
f 8546 8545 8214
f 8546 8214 8215
f 8546 8215 8207
f 8539 8546 8207
f 8215 8214 7899
f 8215 7899 8216
f 7899 7900 7893
f 7899 7893 8216
f 8216 7893 8208
f 8215 8216 8208
f 8215 8208 8207
f 8207 8208 8539
f 8539 8208 8540
f 8540 8208 8535
f 8208 8204 8535
f 8208 7893 8204
f 7889 7890 7549
f 7889 8204 7893
f 7889 7893 7890
f 7890 7893 7894
f 7894 7893 7553
f 7890 7894 7549
f 7549 7894 7553
f 7549 7553 7222
f 7217 7549 7222
f 7889 7549 7548
f 8204 7889 7883
f 7883 7542 7884
f 7883 7889 7548
f 7542 7883 7548
f 7548 7549 7217
f 7542 7548 7211
f 7548 7216 7211
f 7548 7217 7216
f 7542 7211 7543
f 7543 7211 7212
f 7217 7222 6982
f 6977 7217 6982
f 6752 6977 6756
f 6756 6977 6982
f 6982 7222 6981
f 6981 7222 7221
f 7222 7553 7221
f 7221 7553 7552
f 7552 7553 7893
f 6982 6981 6755
f 6756 6982 6755
f 6756 6755 6515
f 6516 6756 6515
f 6756 6516 6752
f 6512 6752 6516
f 6752 6512 6751
f 6751 6511 6746
f 6751 6746 6971
f 6971 6746 6747
f 6751 6971 6976
f 6751 6976 6752
f 6752 6976 6977
f 6977 6976 7216
f 6977 7216 7217
f 7216 6976 6971
f 7216 6971 7211
f 7211 6971 7212
f 6971 6972 7212
f 6972 6971 6747
f 7212 6972 7213
f 7543 7212 7213
f 7544 7213 7208
f 7213 7544 7543
f 7539 7544 7208
f 7543 7544 7884
f 7884 7544 7885
f 7543 7884 7542
f 6992 7007 6782
f 6782 6767 6768
f 6782 6768 6992
f 6993 6992 6769
f 6769 6992 6768
f 7234 6993 6994
f 6994 6986 7226
f 7227 7228 7558
f 7228 7227 6987
f 7228 6987 6988
f 7228 7559 7558
f 7899 7558 7559
f 7900 7899 7559
f 7900 7559 7552
f 7893 7900 7552
f 7552 7559 7228
f 7221 7552 7228
f 7221 7228 6981
f 6981 7228 6988
f 6762 6988 6761
f 6761 6988 6987
f 6981 6988 6755
f 6755 6988 6762
f 6515 6755 6762
f 6516 6515 6512
f 6515 6203 6199
f 6199 6203 6198
f 6515 6199 6512
f 6203 6515 6209
f 6209 6515 6521
f 6521 6515 6522
f 6522 6515 6762
f 6521 6522 6762
f 6762 6761 6521
f 6208 6209 6521
f 6208 6521 6520
f 6760 6520 6521
f 6520 6760 6530
f 6760 6521 6761
f 6761 6987 6760
f 6760 6987 6986
f 6986 6994 6760
f 6760 6994 6770
f 6994 6993 6770
f 6770 6993 6769
f 6769 6768 6528
f 6769 6528 6529
f 6528 6215 6529
f 6215 6216 6529
f 6215 6528 6527
f 6215 6527 6214
f 6214 6527 6228
f 6527 6528 6542
f 6528 6768 6527
f 6768 6767 6527
f 6542 6527 6767
f 6542 6767 6782
f 6542 6782 6541
f 6541 6782 6781
f 6781 7007 7006
f 6781 6782 7007
f 6542 6541 6227
f 6227 6228 6542
f 6542 6228 6527
f 8842 8843 9181
f 8846 8531 8842
f 8531 8532 8842
f 8843 8842 8532
f 8528 8843 8532
f 8839 8843 8525
f 8843 8528 8525
f 8525 8528 8193
f 8528 8196 8193
f 8201 8197 8196
f 7879 8196 8197
f 7879 8197 7880
f 8196 7879 8193
f 7539 7879 7880
f 7879 7539 7538
f 7204 7538 7207
f 7207 7538 7208
f 7208 7538 7539
f 7544 7539 7880
f 7885 7544 7880
f 7885 7880 8197
f 7885 8197 8201
f 7884 7885 8201
f 8196 8528 8201
f 8201 8528 8532
f 7883 7884 8201
f 7883 8201 8200
f 8200 8201 8532
f 8200 8532 8531
f 8531 8846 8535
f 8200 8531 8535
f 8200 8535 8204
f 8535 8846 8850
f 6968 7208 7213
f 7208 6968 7207
f 7204 7207 6967
f 7204 6967 6964
f 7207 6968 6967
f 6964 6967 6739
f 6742 6739 6967
f 6742 6967 6743
f 6743 6967 6968
f 6973 6968 7213
f 6968 6973 6748
f 6968 6748 6743
f 6973 7213 6972
f 6973 6972 6747
f 6973 6747 6748
f 6748 6747 6506
f 6506 6507 6748
f 6748 6507 6743
f 6502 6743 6507
f 6195 6507 6194
f 6194 6507 6506
f 6507 6195 6502
f 6502 6195 6189
f 6194 6506 6193
f 6193 6506 6505
f 6506 6747 6746
f 6506 6746 6505
f 6505 6746 6511
f 8200 8204 7883
f 5377 5727 5724
f 5377 5374 5036
f 5036 5374 5033
f 4722 5036 4718
f 4390 4722 4718
f 4018 4390 4008
f 4391 4390 4018
f 4391 4018 4019
f 4019 4018 4009
f 4723 4390 4391
f 4390 4723 4722
f 4722 4723 4730
f 4729 4722 4730
f 4730 4723 4724
f 4731 4730 4724
f 4732 4731 4724
f 4732 4724 4725
f 4732 5043 4731
f 4731 5043 5042
f 4731 5042 5041
f 4731 5041 4730
f 5041 5382 5381
f 5041 5381 5040
f 4729 4730 5041
f 5041 5040 4729
f 4722 4729 5036
f 4729 5040 5036
f 5036 5040 5377
f 5040 5381 5377
f 5727 5377 5381
f 5727 5381 5730
f 6102 5747 6106
f 5747 5751 6106
f 5399 5398 5065
f 5065 5398 5064
f 5065 5061 4745
f 5065 4745 4748
f 4748 4745 4415
f 4748 4415 4419
f 4415 4416 4419
f 4419 4416 4420
f 4416 4412 4032
f 4036 4416 4032
f 4032 4412 4028
f 4033 4036 4032
f 4033 4032 4028
f 4033 4032 4029
f 4032 4028 4029
f 4036 4033 4037
f 4036 4037 4041
f 4036 4041 4040
f 4416 4036 4040
f 4420 4416 4040
f 4748 4419 4420
f 4752 4748 4420
f 4752 4420 4424
f 4753 4752 4424
f 4424 4420 4040
f 4424 4040 4046
f 4040 4041 4046
f 4041 4037 3634
f 4037 3629 3634
f 3634 3629 3635
f 3629 3630 3635
f 3629 4037 3624
f 3624 4037 4033
f 4033 4029 3624
f 3624 4029 3619
f 3619 3620 3625
f 3619 3625 3624
f 3620 3619 3615
f 3620 3615 3616
f 3615 3619 4025
f 4025 3619 4029
f 3615 4025 4015
f 3615 3611 3616
f 4024 4396 4395
f 4024 4395 4023
f 4396 4024 4028
f 4396 4028 4405
f 4023 4395 4022
f 4022 4395 4394
f 4395 4396 4404
f 4022 4394 4021
f 4021 4394 4393
f 4393 4394 4725
f 4725 4394 4726
f 4393 4725 4724
f 4393 4724 4392
f 4392 4724 4723
f 4392 4723 4391
f 4019 4009 4020
f 4019 4020 4391
f 4392 4391 4020
f 4393 4392 4020
f 4393 4020 4021
f 4734 5045 4733
f 4029 4028 4025
f 4025 4028 4024
f 3616 3218 3224
f 3616 3224 3620
f 3224 3218 3219
f 3620 3224 3625
f 3230 3625 3224
f 3230 3224 3225
f 3230 3225 3231
f 3230 3231 3625
f 3630 3625 3230
f 3624 3625 3630
f 3624 3630 3629
f 4041 3634 3635
f 4041 3635 3642
f 4047 4041 3642
f 4047 3642 4048
f 4041 4047 4046
f 4423 4752 4753
f 4423 4753 4424
f 4054 4430 4423
f 4054 4423 4045
f 4054 4045 4046
f 4054 4046 4055
f 4045 4423 4046
f 4046 4423 4424
f 3648 3649 4055
f 4059 4055 4060
f 4060 4055 3649
f 3649 3654 4060
f 3649 3258 3259
f 3649 3259 3650
f 3259 3260 3268
f 3259 3268 3655
f 3268 3260 3269
f 3261 3269 3260
f 2835 3261 3260
f 3260 2834 2835
f 2834 3260 3249
f 2834 3249 2824
f 2834 2824 2835
f 3249 3250 2824
f 3249 3260 3259
f 3248 3249 3259
f 3259 3258 3248
f 3641 3248 3258
f 3258 3649 3641
f 3248 3641 3642
f 3648 4055 4046
f 3648 4046 3640
f 3641 3640 4046
f 3648 3640 3641
f 3648 3641 3649
f 4047 3641 4046
f 3641 4047 3642
f 3249 3248 3642
f 3249 3642 3643
f 3249 3241 3242
f 3249 3242 3250
f 3251 3252 2826
f 3252 3251 3243
f 3244 3252 3243
f 3244 3243 2821
f 3244 2821 3252
f 2821 3243 2820
f 3243 3251 3242
f 3242 3251 3250
f 3242 3241 3236
f 3241 3235 3236
f 3241 3636 3235
f 3235 3636 3631
f 3630 3631 3635
f 3635 3631 3636
f 3635 3636 3630
f 3631 3630 3235
f 3235 3630 3231
f 3231 3630 3230
f 3225 3224 3219
f 3219 3218 3212
f 3219 3212 3213
f 2810 2808 2405
f 1523 1525 1955
f 1955 1957 2405
f 1957 1955 1525
f 2405 1957 2407
f 2405 2407 2810
f 1529 1525 1526
f 1525 1529 1957
f 1525 1523 1224
f 1526 1525 1228
f 1228 1525 1224
f 1225 1224 973
f 1224 1225 1228
f 1225 973 976
f 1225 976 1228
f 976 973 849
f 849 854 976
f 976 854 855
f 976 855 977
f 855 854 849
f 855 849 850
f 708 855 850
f 855 981 977
f 977 981 976
f 976 981 980
f 980 981 1231
f 980 1231 1228
f 980 1228 976
f 1232 1231 981
f 1232 981 1235
f 1235 981 988
f 1235 988 1236
f 981 982 988
f 1235 1236 1535
f 1231 1232 1529
f 1529 1232 1530
f 1530 1232 1534
f 1534 1232 1235
f 1534 1235 1535
f 1530 1534 1529
f 1534 1533 1529
f 1960 1529 1533
f 1963 1960 1533
f 1960 1963 2410
f 1963 2412 2410
f 2412 2409 2410
f 2412 2817 2816
f 2412 2816 2409
f 2814 2409 2816
f 3236 2816 2817
f 2812 2814 3226
f 2814 3232 3226
f 3226 3232 3225
f 3219 3226 3225
f 3220 3226 3219
f 3231 3225 3232
f 3231 3232 3236
f 3231 3236 3235
f 3236 3232 2814
f 3236 2814 2816
f 3237 3236 2817
f 3236 3237 3242
f 3242 3237 3243
f 3243 3237 2820
f 2820 3237 2817
f 2820 2817 2412
f 2820 2412 2415
f 2821 2820 2415
f 2821 2415 2416
f 2821 2826 3252
f 2826 2825 3251
f 2821 2416 2826
f 2827 2826 2421
f 2827 2421 2828
f 2422 2828 2421
f 1974 2422 2421
f 1974 2421 1968
f 1968 2421 2417
f 1974 1968 1969
f 2421 2826 2416
f 2421 2416 2417
f 1968 2417 2416
f 1968 2416 1967
f 1969 1968 1541
f 1541 1968 1540
f 1541 1535 1536
f 1541 1540 1535
f 1540 1968 1535
f 1536 1535 1237
f 1237 1535 1236
f 1534 1535 1964
f 1963 1533 1534
f 1963 1534 1964
f 1963 1964 2412
f 2412 1964 2416
f 2412 2416 2415
f 2416 1964 1967
f 1967 1964 1535
f 1968 1967 1535
f 4059 4064 4063
f 4063 4064 4437
f 4438 4437 4064
f 4444 4437 4438
f 4065 4064 3658
f 3658 3659 3667
f 4065 3658 3666
f 3666 3658 3667
f 4071 4065 3666
f 4064 4065 4070
f 4065 4071 4070
f 4071 4070 4444
f 4064 4070 4444
f 4064 4444 4438
f 4437 4444 4772
f 4437 4772 4767
f 4772 4444 4773
f 4773 4444 4443
f 4772 4773 4443
f 5082 5078 5083
f 4767 5078 4766
f 5078 4767 5082
f 4767 4772 5082
f 4772 5083 5082
f 5083 4771 5082
f 4771 5083 4772
f 4771 4772 4443
f 4443 4442 4771
f 4771 4442 4449
f 4771 4449 4777
f 4442 4443 4449
f 4776 4777 4449
f 4448 4776 4449
f 5088 4776 4780
f 4776 4781 4780
f 5088 4780 5093
f 4780 4781 4455
f 4780 4455 4454
f 4454 4455 4082
f 4459 4454 4082
f 4459 4082 4086
f 4780 4454 4459
f 4785 4780 4459
f 4780 4785 4784
f 4780 4784 5093
f 5093 4784 5097
f 5093 5097 5092
f 5426 5430 5773
f 5430 5429 5773
f 5773 5429 5772
f 3241 3249 3636
f 3636 3249 3643
f 3636 3643 3635
f 3635 3643 3642
f 4059 4060 3654
f 4059 3654 4064
f 4064 3654 3658
f 3655 3654 3649
f 3655 3649 3650
f 3655 3650 3259
f 3655 3259 3267
f 3654 3655 3659
f 3654 3659 3658
f 3659 3655 3275
f 3275 3655 3267
f 3275 3267 3276
f 3267 3268 3276
f 3275 3276 3659
f 3277 3278 3292
f 3277 2855 2856
f 3277 2856 3278
f 3277 3276 3268
f 2855 3277 3269
f 3269 3277 3268
f 2855 3269 2845
f 3268 3267 3655
f 6699 6458 6461
f 6703 6699 6461
f 6706 6703 6464
f 6464 6703 6461
f 6464 6461 6151
f 6151 6461 6148
f 6148 5794 6151
f 5444 5784 5785
f 5784 5444 5443
f 5447 5443 5107
f 5107 5443 5444
f 5447 5107 5110
f 5107 5444 5439
f 5107 5439 5103
f 5104 5099 4791
f 5099 4788 4791
f 5104 4791 4793
f 5103 5104 4793
f 5103 4793 5107
f 4793 4797 5107
f 5107 4797 5111
f 5107 5111 5110
f 5114 5110 4797
f 4797 5110 5111
f 4797 4472 4476
f 4797 4793 4472
f 4794 4793 4791
f 4469 4793 4794
f 4468 4793 4469
f 4793 4468 4472
f 4468 4469 4472
f 4108 4480 4476
f 4108 4476 4104
f 4476 4472 4104
f 4104 4105 4108
f 4108 4105 3708
f 3708 4105 3703
f 4105 4101 3703
f 4104 4100 4105
f 4100 4104 4472
f 4100 4472 4101
f 4472 4473 4101
f 4101 4105 4100
f 4473 4472 4469
f 4473 4469 4101
f 4101 4469 4096
f 3703 4101 3699
f 3699 3700 3703
f 3700 3699 3696
f 3696 3699 3695
f 3695 3699 4101
f 3695 4101 4096
f 3695 4096 3696
f 4096 4097 3696
f 3335 3696 3331
f 3696 3335 3700
f 3700 3335 3340
f 3703 3700 3340
f 3703 3340 3339
f 2918 3340 3335
f 2918 3335 2919
f 2914 2919 3335
f 3336 2914 3335
f 3335 3331 3332
f 3335 3332 3336
f 3336 3332 2914
f 2914 3332 2910
f 3331 3696 3332
f 2910 3332 3327
f 2910 3327 2906
f 3327 3328 2906
f 2910 2906 2911
f 2906 2473 2472
f 2906 2472 2477
f 2911 2906 2477
f 2911 2477 2482
f 2482 2915 2911
f 2911 2915 2914
f 2911 2914 2910
f 2914 2915 2482
f 2914 2482 2481
f 2485 2914 2481
f 2919 2914 2485
f 2485 2481 2482
f 2485 2482 2486
f 2031 2486 2482
f 2031 2482 2026
f 2032 2031 2027
f 2027 2031 2026
f 2026 2482 2027
f 2482 2477 2478
f 2482 2478 2483
f 2027 2482 2483
f 2027 2483 2478
f 2478 2477 2472
f 2473 2478 2472
f 2478 2473 2021
f 2478 2021 2027
f 2032 2027 1594
f 1595 1594 1590
f 1594 2027 1590
f 2027 2028 1590
f 2028 2027 2021
f 2027 2028 2022
f 2022 2028 2021
f 2028 2022 1590
f 1595 1590 1596
f 1596 1590 1591
f 1596 1591 1289
f 1289 1591 1282
f 1284 1283 1274
f 1283 1273 1274
f 1283 1282 1273
f 1585 1282 1591
f 1273 1282 1585
f 1273 1585 1586
f 1586 1577 1273
f 1577 1586 1585
f 1273 1577 1260
f 1273 1260 1274
f 1260 1577 1578
f 1274 1260 1275
f 1275 1260 1261
f 1274 1275 1284
f 1284 1275 1012
f 1275 1000 1012
f 1000 1275 1001
f 1012 1000 1001
f 1284 1012 1011
f 1013 1012 1001
f 1276 1001 1275
f 1276 1275 1262
f 1276 1262 1001
f 1275 1261 1262
f 1001 1262 1263
f 1002 1001 1263
f 1002 1263 993
f 1014 1001 1002
f 1001 1014 1013
f 1015 1014 1002
f 1002 1003 1015
f 1015 1016 869
f 1015 1003 1016
f 1016 1003 1004
f 721 869 722
f 722 869 870
f 722 870 871
f 870 869 1016
f 870 1016 1017
f 1017 1016 1004
f 1017 1004 1005
f 994 1003 1002
f 994 1002 993
f 994 993 1263
f 994 1263 1264
f 1003 994 1004
f 1004 994 995
f 1004 995 1005
f 995 996 1005
f 995 994 1264
f 1265 995 1264
f 1265 1264 1252
f 1265 1252 1253
f 1245 1253 1244
f 1558 1244 1243
f 1243 1244 1253
f 1243 1253 1252
f 1558 1243 1557
f 1557 1243 1252
f 1556 1557 1252
f 1558 1557 1547
f 1547 1557 1546
f 1558 1559 1244
f 1244 1559 1245
f 1245 1254 1253
f 1266 1254 996
f 1254 996 1265
f 1254 1265 1253
f 996 995 1265
f 4789 4462 4788
f 4788 4462 4461
f 4788 4461 4464
f 4788 4464 4791
f 4461 4462 4464
f 4462 4465 4464
f 4469 4464 4096
f 4096 4464 4092
f 4096 4092 4093
f 4092 4464 4093
f 4093 4464 4465
f 4465 4462 4089
f 4465 4089 4093
f 4096 4093 4097
f 4097 4093 3696
f 3696 4093 3692
f 3692 4093 4089
f 3688 3692 4089
f 3692 3688 3693
f 3688 4089 4090
f 3696 3692 3693
f 3332 3696 3693
f 3693 3327 3332
f 3327 3693 3688
f 3327 3688 3323
f 3689 3688 3684
f 3684 3688 3683
f 3684 3683 4086
f 4086 3683 3688
f 3684 4086 4087
f 4086 3688 4090
f 4086 4090 4089
f 4086 4089 4459
f 4089 4462 4459
f 4459 4462 4458
f 4087 4086 4082
f 4087 4082 3684
f 4082 4455 4449
f 4082 4449 4083
f 4455 4448 4449
f 4083 4449 4076
f 4455 4781 4448
f 4776 4448 4781
f 4469 4794 4791
f 4791 4464 4469
f 4803 4479 4805
f 4483 4805 4479
f 4483 4479 4480
f 4483 4480 4484
f 4484 4480 4110
f 4480 4108 4110
f 3707 4108 3708
f 3707 3708 3711
f 4108 3707 3711
f 4108 3711 4110
f 3712 3711 3708
f 4110 3711 3715
f 4114 4110 3715
f 3719 3715 3720
f 3719 4118 3715
f 3715 4118 4114
f 4113 4114 4118
f 4113 4118 4117
f 4114 4113 4486
f 4113 4117 4488
f 4486 4113 4488
f 4118 3719 3723
f 4118 3723 4122
f 4118 4122 4117
f 4117 4122 4121
f 4117 4121 4488
f 4121 4490 4488
f 4486 4483 4114
f 4110 4114 4484
f 4484 4114 4483
f 3344 3708 3703
f 3344 3703 3339
f 3344 3339 3345
f 3345 3339 3340
f 3345 3340 2918
f 3345 2918 2922
f 2922 2918 2919
f 2922 2919 2923
f 2923 2488 2922
f 2922 2488 2494
f 2922 2494 2927
f 2494 2499 2493
f 2494 2493 2927
f 2499 2498 2493
f 2493 2498 2931
f 2493 2931 2927
f 3349 2922 2927
f 2922 3349 3345
f 3344 3345 3349
f 3344 3349 3348
f 3348 3349 2927
f 3348 2927 2931
f 3348 2931 3352
f 2931 2930 3352
f 3352 2930 2934
f 2930 2931 2935
f 2930 2935 2934
f 3355 3352 2934
f 2935 2931 2503
f 2503 2931 2498
f 2498 2499 2503
f 2503 2499 2504
f 2504 2499 2045
f 2045 2499 2042
f 2508 2503 2504
f 2504 2509 2508
f 2509 2504 2045
f 2048 2509 2045
f 2045 2042 2046
f 2046 2042 2043
f 2049 2045 2046
f 2045 2049 2048
f 2509 2048 2514
f 2051 2514 2048
f 2049 2052 2051
f 2049 2051 2048
f 2052 2049 1620
f 2049 1617 1620
f 2049 2046 1613
f 2049 1613 1617
f 2046 2043 1613
f 1608 1613 2043
f 2042 2499 2039
f 2499 2494 2039
f 2043 2042 2040
f 2040 2042 2039
f 2494 2040 2039
f 2494 2488 2040
f 2040 2488 2035
f 2035 2488 2489
f 2035 2489 2486
f 2486 2489 2488
f 2488 2923 2919
f 2488 2919 2485
f 2488 2485 2486
f 2486 2031 2035
f 2036 2035 2032
f 2032 2035 2031
f 2036 2032 1594
f 2036 1594 1599
f 1289 1282 1283
f 1289 1283 1290
f 1290 1283 1284
f 1290 1284 1291
f 1291 1284 1011
f 1290 1291 1025
f 1025 1291 1011
f 1290 1025 1024
f 1289 1290 1297
f 1290 1298 1297
f 1290 1024 1034
f 1298 1290 1034
f 1034 1024 1025
f 1034 1025 1035
f 1035 1025 1036
f 1036 1025 1026
f 1035 1036 1044
f 1035 1044 1043
f 1035 1043 1034
f 1034 1043 1042
f 1298 1034 1042
f 1297 1298 1042
f 1303 1297 1042
f 1303 1042 1041
f 1296 1297 1303
f 1303 1302 1296
f 1289 1297 1296
f 1596 1289 1595
f 1595 1289 1296
f 1600 1595 1296
f 1595 1600 1594
f 1600 1599 1594
f 2035 2036 2040
f 2036 1599 2040
f 2040 1599 1604
f 2040 1604 1603
f 1603 1604 1609
f 2040 1603 1608
f 1603 1609 1608
f 1608 2043 2040
f 3712 3708 3344
f 3348 3712 3344
f 3711 3712 3715
f 3712 3348 3352
f 3712 3352 3716
f 3712 3716 3715
f 3715 3716 3720
f 3716 3352 3720
f 3720 3352 3355
f 3720 3355 3719
f 2934 2935 2938
f 2938 2935 2939
f 2934 2938 3358
f 2934 3358 3355
f 2935 2503 2508
f 2935 2508 2939
f 2508 2509 2513
f 2513 2509 2514
f 2513 2514 2518
f 2518 2517 2513
f 2517 2947 2513
f 2517 2518 2521
f 2513 2947 2943
f 2947 2517 2951
f 2951 2517 2521
f 2952 2951 2521
f 2521 2525 2957
f 2521 2957 2952
f 2957 2525 2962
f 2956 2952 2957
f 2952 2956 2951
f 3369 2951 2956
f 2956 2957 2962
f 3373 2956 2961
f 2961 2956 2962
f 3373 2961 3377
f 3377 2961 2962
f 3378 3377 2962
f 3377 3378 3382
f 3377 3382 3381
f 3382 3378 2967
f 2967 3378 2962
f 2962 2525 2528
f 2528 2529 2962
f 2529 2528 2525
f 2529 2525 2526
f 2526 2525 2521
f 2526 2521 2522
f 2060 2526 2057
f 2057 2526 2522
f 2057 2522 2521
f 2060 2057 2058
f 2061 2060 2058
f 2057 2521 2055
f 2055 2521 2518
f 2058 2057 1629
f 1629 2057 2055
f 2058 1629 2061
f 2061 1629 1633
f 2065 2061 1638
f 1638 2061 1633
f 2065 1638 2066
f 1638 1633 1634
f 2069 2065 2070
f 2070 2065 2066
f 2069 2538 2534
f 2069 2070 2073
f 2069 2073 2538
f 2073 2070 2071
f 2073 2071 2074
f 2071 2070 2074
f 2070 1642 1643
f 1642 2070 1638
f 1638 2070 2066
f 2070 1643 2074
f 1643 1642 1638
f 2074 1643 1647
f 1639 1643 1638
f 1648 1647 1644
f 1647 1643 1644
f 1647 1648 2074
f 1648 1654 2079
f 1648 2079 2074
f 2079 2078 2074
f 2084 2079 2085
f 2085 2079 1655
f 1655 2079 1654
f 2085 1655 1662
f 1655 1654 1649
f 1356 1649 1349
f 1649 1648 1349
f 1648 1649 1644
f 1649 1356 1655
f 1648 1644 1349
f 1654 1648 1649
f 1348 1349 1644
f 1348 1644 1342
f 1644 1643 1639
f 1644 1639 1342
f 1342 1639 1341
f 1342 1341 1337
f 1341 1336 1337
f 1336 1341 1639
f 1343 1342 1337
f 1337 1336 1331
f 1337 1331 1332
f 1331 1326 1074
f 1331 1074 1332
f 1080 1332 1074
f 1074 1326 1073
f 1067 1062 1068
f 1062 1067 1061
f 1061 1067 1321
f 1317 1061 1321
f 1067 1068 1074
f 1067 1074 1326
f 1321 1067 1326
f 1321 1320 1316
f 1320 1321 1325
f 1325 1321 1326
f 1331 1325 1326
f 1316 1317 1321
f 1317 1316 1311
f 1312 1317 1311
f 1061 1055 1062
f 1055 1061 1317
f 1062 1055 1056
f 1055 1317 1312
f 1311 1316 1310
f 1316 1315 1310
f 1315 1316 1618
f 1315 1618 1310
f 1316 1320 1621
f 1316 1621 1618
f 1625 1621 1320
f 1625 1320 1626
f 1626 1320 1325
f 1330 1325 1331
f 1325 1330 1630
f 1626 1325 1630
f 1626 1630 1625
f 1630 1629 1625
f 1629 1630 1634
f 1629 1634 1633
f 1635 1634 1630
f 1635 1630 1336
f 1336 1630 1331
f 1331 1630 1330
f 6433 6674 6430
f 6434 6433 6121
f 6433 6120 6121
f 6120 6433 6117
f 6120 5764 6121
f 6121 5764 5765
f 5764 6120 6117
f 6121 5765 6120
f 6120 5765 5764
f 6120 5764 5769
f 6120 5769 6125
f 6125 5769 5768
f 6125 5768 6124
f 6117 6433 6430
f 5764 6117 5761
f 5764 5761 5765
f 5761 5416 5765
f 5765 5416 5417
f 5417 5422 5765
f 4450 4449 4443
f 4449 4450 4077
f 4449 4077 4076
f 4077 4450 4443
f 4443 4444 4070
f 4443 4070 4069
f 4070 4071 3665
f 3665 4071 3666
f 4443 4069 4077
f 4077 4069 4070
f 4082 4083 3679
f 4083 4076 3679
f 4076 3673 3679
f 3673 4076 3674
f 3674 4076 4077
f 3673 3674 3679
f 3679 3674 3680
f 4078 4077 4070
f 3674 4077 3675
f 3675 4077 4078
f 4078 4070 3675
f 4070 3665 3675
f 3665 3666 3675
f 3666 3307 3675
f 3306 3675 3307
f 3674 3313 3680
f 3675 3306 3674
f 3674 3306 3314
f 3674 3314 3313
f 3306 3307 2880
f 3306 2880 2879
f 2880 3307 2881
f 3307 3308 2881
f 3289 3307 3666
f 3289 3666 3290
f 3666 3667 3290
f 3289 3290 3308
f 3289 3308 3307
f 3308 3290 2881
f 2881 3290 2865
f 3290 3291 2865
f 2865 3291 2866
f 2881 2865 2866
f 2881 2866 2882
f 2882 2866 2883
f 2883 2866 2867
f 2867 2866 3292
f 3292 2866 3291
f 3277 3292 3276
f 3276 3292 3291
f 3276 3291 3660
f 3291 3290 3668
f 3668 3290 3667
f 3291 3668 3660
f 3660 3668 3667
f 3276 3660 3659
f 3659 3660 3667
f 4082 3679 3678
f 4082 3678 3684
f 3318 3689 3684
f 3689 3318 3324
f 3689 3324 3688
f 3688 3324 3323
f 3323 3324 3327
f 3327 3324 3328
f 2906 3328 3324
f 2906 3324 2901
f 2901 2902 2906
f 2902 2901 3324
f 2902 3324 3325
f 3324 3319 3325
f 3324 3318 3319
f 3319 3318 3684
f 3319 3684 3685
f 3685 3684 3678
f 3685 3678 3679
f 3685 3679 3319
f 3679 3312 3319
f 3679 3680 3313
f 3313 3312 3679
f 3312 3313 3319
f 3325 3319 2902
f 2902 3319 2895
f 2895 3319 2896
f 2896 3319 3320
f 2896 3320 2889
f 3313 3320 3319
f 3320 3313 2889
f 2895 2896 2903
f 2902 2895 2903
f 2468 2903 2896
f 2902 2903 2468
f 2467 2902 2468
f 2902 2467 2473
f 2902 2473 2907
f 2907 2473 2906
f 2907 2906 2902
f 2474 2473 2467
f 2474 2467 2468
f 2473 2474 2016
f 2473 2016 2021
f 2021 2016 2022
f 2022 1584 1590
f 1585 1584 2022
f 2023 2022 2016
f 2022 2023 1585
f 2017 2023 2016
f 2023 2017 1585
f 1585 2017 1576
f 2016 2474 2468
f 2009 2016 2468
f 2010 2016 2009
f 2016 2010 2017
f 2010 2009 2468
f 2017 1577 1576
f 2017 2010 2011
f 2017 2011 1577
f 1576 1577 1585
f 1567 1577 1566
f 1578 1577 1567
f 1260 1578 1261
f 1261 1578 1579
f 1579 1578 1568
f 1568 1578 1567
f 1579 1568 1261
f 1261 1568 1249
f 1261 1249 1250
f 1261 1250 1262
f 1249 1568 1250
f 1569 1250 1568
f 1263 1262 1251
f 1251 1262 1250
f 1251 1250 1569
f 1251 1569 1570
f 1570 1569 1556
f 1554 1569 1568
f 1569 1554 1555
f 1555 1554 2004
f 2004 1554 2003
f 1988 2004 2003
f 1554 1568 1553
f 1553 1568 1567
f 1553 1567 2002
f 1553 2002 1554
f 1554 2002 2003
f 2002 1567 2012
f 2003 2002 1987
f 2002 1986 1987
f 2003 1987 1988
f 2454 1986 2002
f 1986 2454 2455
f 2002 2001 2454
f 2001 2002 2011
f 2011 2002 2012
f 2012 1567 2011
f 2011 1567 1566
f 2011 1566 1577
f 2469 2010 2468
f 2010 2469 2462
f 2010 2462 2000
f 2011 2010 2001
f 2001 2010 2000
f 2001 2463 2453
f 2001 2453 2454
f 2463 2001 2000
f 2463 2000 2462
f 2463 2462 2452
f 2453 2463 2452
f 2452 2890 2453
f 2890 2452 2462
f 2891 2453 2890
f 2438 2454 2881
f 2881 2454 2453
f 2880 2881 2453
f 2454 2438 2439
f 2439 2438 2881
f 2439 2881 2882
f 2891 2880 2453
f 2880 2891 2890
f 2880 2890 2879
f 3306 2879 2890
f 2890 3314 3306
f 3313 3314 2890
f 3313 2890 2889
f 2889 2890 2896
f 2890 2897 2896
f 2897 2890 2462
f 2896 2897 2462
f 2461 2896 2462
f 2896 2461 2468
f 2461 2462 2468
f 2468 2462 2469
f 3226 3220 2812
f 2812 3220 2810
f 2812 2810 2407
f 2812 2407 2409
f 2812 2409 2814
f 2409 2407 1957
f 2409 1957 1959
f 2410 2409 1960
f 2409 1959 1960
f 1960 1959 1957
f 1960 1957 1529
f 1529 1526 1231
f 1228 1231 1526
f 1541 1536 1237
f 1974 1969 1975
f 2422 1974 1975
f 2422 1975 2423
f 2422 2423 2829
f 2422 2829 2828
f 1970 1975 1969
f 1970 1969 1542
f 1542 1969 1541
f 1970 1542 1543
f 1970 1543 1971
f 1975 1970 1971
f 2423 1975 2424
f 1975 1971 2424
f 2424 1971 1976
f 1543 1537 1538
f 1543 1538 1544
f 1538 1537 1239
f 1972 1544 1538
f 1544 1972 1543
f 1543 1972 1971
f 1972 1538 1965
f 2419 1972 2420
f 2425 2419 2822
f 2419 2425 2418
f 2418 2425 2424
f 2425 2822 2831
f 2424 2425 2831
f 2424 1971 2418
f 2418 1971 2419
f 2424 2830 2423
f 2423 2830 2829
f 2830 2424 2831
f 3253 2830 2831
f 2829 2830 2424
f 2423 2829 2424
f 2429 2424 2830
f 2429 2830 2841
f 2429 2423 2424
f 2423 2429 2428
f 2829 2423 2828
f 2423 2428 2427
f 2423 2422 2828
f 2422 2423 2427
f 2427 2428 2840
f 2427 2840 2839
f 2840 2428 2429
f 2840 2429 2841
f 2839 2840 2850
f 2839 2850 2849
f 2859 2849 2850
f 2850 2860 2859
f 2860 2850 2861
f 2861 2850 2851
f 2851 2852 2862
f 2853 2852 2843
f 2843 2852 2842
f 2852 2853 2863
f 2852 2863 2862
f 2863 2853 2864
f 2864 2853 2854
f 2864 2854 3286
f 2863 2864 3286
f 3285 2863 3286
f 2863 3285 2862
f 3285 3284 2862
f 2862 2861 2851
f 2861 2862 3284
f 2861 3284 3283
f 2860 2861 3283
f 3282 2860 3283
f 3283 3298 3297
f 3283 3297 3282
f 3297 3298 2872
f 2872 3298 2873
f 2860 3282 2859
f 3282 3281 2859
f 3282 3297 3281
f 3296 3281 3297
f 3296 3297 2871
f 2871 3297 2872
f 2871 2872 2433
f 2433 2872 2434
f 2873 3298 3283
f 3299 3298 3283
f 2873 3298 3299
f 3299 3283 3284
f 3284 3285 3299
f 3285 3300 3299
f 3299 3300 2874
f 2874 3300 2875
f 3299 2874 2873
f 2872 2873 2434
f 2873 2435 2434
f 2433 2434 2445
f 2433 2445 2444
f 2444 2445 1981
f 2444 1981 1980
f 2445 2434 2446
f 2446 2434 2435
f 2435 2873 2436
f 2436 2873 2874
f 2446 2435 2436
f 2446 2436 2447
f 2436 2874 2437
f 2436 2437 2447
f 2437 2874 2875
f 2875 3300 3301
f 2876 2875 3301
f 3301 3300 3286
f 3286 3300 3285
f 3301 3286 3287
f 3286 3662 3287
f 3286 3661 3662
f 3301 3287 3302
f 3302 3287 3662
f 3272 3286 2854
f 3287 3286 3272
f 3287 3272 3273
f 3662 3287 3663
f 3287 3288 3663
f 3656 3663 3274
f 3274 3663 3288
f 3274 3288 3273
f 3273 3288 3287
f 2854 2853 3272
f 3272 2853 3271
f 3271 2853 3263
f 3272 3271 3263
f 3272 3263 3264
f 3263 2853 2843
f 2843 3263 2842
f 2841 2842 2852
f 2841 2852 2851
f 2842 2841 2831
f 2831 2841 2830
f 2842 2831 2843
f 2831 2832 2843
f 2832 2831 3253
f 3254 2832 3253
f 3254 3253 3246
f 3245 3253 2831
f 3253 3245 3246
f 3245 2831 2822
f 2822 2419 2823
f 2823 2419 2420
f 2823 2420 2413
f 2413 2420 1966
f 1966 2420 1973
f 1973 2420 1972
f 1973 1972 1966
f 1966 1972 1965
f 1966 1965 1539
f 1539 1965 1538
f 1539 1961 1966
f 1240 1538 1239
f 1241 1240 1233
f 1240 986 1233
f 1233 986 987
f 978 860 861
f 860 978 986
f 986 978 987
f 979 978 861
f 978 979 987
f 987 979 1233
f 979 1230 1233
f 1233 1230 1234
f 1240 1241 1538
f 1538 1241 1539
f 1539 1241 1531
f 1531 1241 1233
f 1531 1233 1234
f 1539 1531 1961
f 1532 1531 1234
f 1528 1532 1234
f 1528 1234 1230
f 1532 1528 1527
f 1531 1532 1527
f 1531 1527 1528
f 1531 1528 1532
f 979 975 1230
f 975 979 861
f 852 853 975
f 852 975 861
f 713 714 851
f 851 714 852
f 851 852 861
f 851 861 860
f 716 710 711
f 711 717 716
f 857 716 717
f 718 717 711
f 718 711 712
f 717 718 859
f 717 859 858
f 719 718 712
f 719 712 713
f 718 719 860
f 719 713 860
f 860 713 851
f 1542 1541 1237
f 1542 1237 1242
f 1238 1242 1237
f 1238 1542 1242
f 1542 1238 1543
f 1543 1238 1537
f 1537 1238 1239
f 1239 991 1240
f 1240 991 985
f 1240 985 992
f 1240 992 986
f 986 992 985
f 985 991 990
f 985 990 984
f 991 1239 990
f 1239 1238 990
f 990 1238 1237
f 990 1237 989
f 990 989 983
f 990 983 984
f 985 984 866
f 984 865 866
f 985 866 986
f 986 866 867
f 867 866 859
f 867 859 860
f 867 860 986
f 849 708 850
f 708 849 707
f 710 716 715
f 710 715 709
f 715 716 856
f 856 716 857
f 709 715 708
f 708 715 855
f 855 715 856
f 855 856 863
f 862 855 863
f 856 857 863
f 863 982 981
f 863 981 862
f 862 981 855
f 982 989 988
f 988 989 1236
f 989 982 983
f 1236 989 1237
f 983 982 864
f 864 982 863
f 864 863 857
f 699 700 708
f 699 708 707
f 709 708 700
f 709 700 701
f 701 700 695
f 695 700 694
f 864 858 865
f 864 857 858
f 865 983 864
f 983 865 984
f 865 858 866
f 866 858 859
f 717 858 857
f 860 859 718
f 2824 3250 3251
f 2824 3251 2825
f 2836 2825 2826
f 2826 2837 2836
f 2837 2826 2838
f 2838 2826 2827
f 2426 2837 2838
f 2838 2839 2848
f 2848 2839 2849
f 2426 2427 2839
f 2426 2839 2838
f 2426 2838 2827
f 2426 2827 2421
f 2426 2421 2427
f 2422 2427 2421
f 2835 2824 2836
f 2836 2824 2825
f 2835 2836 3261
f 3262 3261 2836
f 2836 2846 3270
f 2836 3270 3262
f 3261 3262 3270
f 3261 3270 3269
f 3269 3270 2846
f 3269 2846 2845
f 2855 2845 2846
f 2855 2846 2856
f 2856 2846 2857
f 2846 2847 2857
f 2847 2846 2836
f 2847 2836 2837
f 2856 2857 3279
f 3278 2856 3279
f 3278 3279 3294
f 3278 3294 3293
f 3279 2857 2858
f 3294 3279 3280
f 3280 3279 2858
f 2858 2859 3281
f 2858 3281 3280
f 3280 3281 3296
f 3280 3296 3295
f 3280 3295 3294
f 3294 3295 2870
f 3294 2870 2869
f 2870 3295 3280
f 2870 3295 3296
f 2870 3296 2871
f 3294 2869 2868
f 3294 2868 3293
f 3278 3293 3292
f 2867 3292 3293
f 2867 3293 2868
f 2868 2869 2430
f 2430 2869 2431
f 2869 2870 2431
f 2431 2870 2432
f 2432 2870 2871
f 2871 2433 2432
f 2432 2433 2444
f 2443 2432 2444
f 2443 2444 1979
f 1979 2444 1980
f 1980 1992 1991
f 1979 1980 1991
f 1991 1992 1548
f 1991 1548 1547
f 1978 1979 1990
f 1990 1979 1991
f 1990 1991 1546
f 1978 1990 1977
f 1990 1989 1977
f 1978 1977 2442
f 1977 2441 2442
f 1977 1989 1988
f 1977 1988 2441
f 2440 2441 1988
f 1988 2456 2440
f 1988 1987 2456
f 2456 2439 2440
f 2456 1987 2455
f 2441 2430 2431
f 2430 2441 2868
f 2441 2431 2442
f 2442 2431 2443
f 2443 2431 2432
f 1978 2442 1979
f 1979 2442 2443
f 2439 2882 2883
f 2439 2883 2440
f 2867 2868 2883
f 2883 2868 2440
f 2441 2440 2868
f 2455 2439 2456
f 2439 2455 2454
f 2455 1987 1986
f 2004 1988 1555
f 1988 1989 1555
f 1555 1989 1556
f 1556 1989 1545
f 1545 1989 1990
f 1545 1546 1556
f 1545 1990 1546
f 1547 1546 1991
f 1546 1557 1556
f 1569 1555 1556
f 1570 1556 1251
f 1251 1556 1252
f 1252 1264 1251
f 1251 1264 1263
f 2847 2837 2848
f 2848 2837 2838
f 2857 2847 2858
f 2858 2847 2848
f 2858 2848 2849
f 2849 2859 2858
f 2851 2850 2840
f 2841 2851 2840
f 1992 1980 1981
f 1992 1981 1993
f 1981 1982 1993
f 1981 2445 2446
f 1982 1994 1993
f 1981 2446 1982
f 1982 2446 2447
f 1982 2447 1983
f 1993 1994 1549
f 1993 1549 1548
f 1993 1548 1992
f 1548 1549 1560
f 1548 1560 1559
f 1245 1559 1246
f 1559 1560 1246
f 1560 1549 1550
f 1560 1550 1561
f 1550 1549 1994
f 1550 1994 1551
f 1551 1994 1995
f 1995 1994 1982
f 1995 1982 1983
f 1983 2447 2448
f 1983 2448 1984
f 2448 2447 2437
f 2448 2437 2875
f 2449 2876 2884
f 2457 2449 2450
f 2449 2457 1997
f 1998 1997 2457
f 2449 1997 1985
f 1985 1997 1996
f 2449 1985 1984
f 1984 1985 1996
f 2449 1984 2448
f 1983 1984 1996
f 1983 1996 1995
f 1551 1995 1552
f 1562 1551 1552
f 1551 1562 1550
f 1550 1562 1561
f 1247 1561 1562
f 1560 1561 1246
f 1246 1561 1247
f 1246 1247 1256
f 1256 1247 1257
f 1257 1247 1248
f 1248 1247 1562
f 1248 1562 1257
f 1247 1256 1255
f 1247 1255 1246
f 1246 1255 1245
f 1245 1255 1254
f 1254 1255 1267
f 996 1254 1267
f 996 1267 997
f 1267 1255 997
f 1267 1255 1256
f 996 997 1006
f 996 1006 1005
f 1005 1006 1018
f 1005 1018 1017
f 1017 1018 870
f 870 1018 871
f 1018 1019 871
f 1018 1006 1019
f 871 1019 872
f 1019 1007 1020
f 1020 1007 1008
f 1007 1019 1006
f 1007 1006 997
f 1007 997 998
f 1021 1020 1008
f 1022 1021 1009
f 1010 1022 1009
f 1022 1010 1278
f 1285 1022 1278
f 1022 1285 1286
f 1286 1285 1279
f 1279 1285 1278
f 1278 1010 1277
f 1277 1010 1009
f 1278 1277 1270
f 1278 1270 1271
f 1278 1271 1279
f 1272 1279 1271
f 1279 1272 1280
f 1280 1272 1581
f 1279 1280 1287
f 1279 1287 1286
f 1288 1287 1280
f 1288 1280 1281
f 1281 1280 1587
f 1587 1280 1581
f 1581 1272 1580
f 1272 1271 1580
f 1572 1271 1259
f 1271 1572 1580
f 1580 1572 1573
f 1580 1573 1581
f 1581 1573 1574
f 1565 2006 2007
f 1564 1565 1573
f 1564 1573 1572
f 1565 1564 2006
f 1564 1572 1563
f 1572 1571 1563
f 1258 1571 1572
f 1258 1572 1259
f 1258 1259 1271
f 1258 1271 1270
f 1270 1277 1009
f 1270 1009 999
f 1269 1270 999
f 1008 999 1009
f 1258 1270 1269
f 1257 1258 1269
f 1258 1257 1562
f 1562 1563 1258
f 1258 1563 1571
f 1563 1562 1552
f 1564 1563 1552
f 1997 1564 1552
f 1552 1996 1997
f 1996 1552 1995
f 1997 2005 1564
f 2005 1997 2006
f 1997 1998 2006
f 2005 2006 1564
f 1999 2006 1998
f 1999 1998 2457
f 1999 2457 2458
f 1999 2007 2006
f 1999 2458 2007
f 2464 2007 2458
f 2464 2458 2459
f 2459 2458 2892
f 2464 2459 2465
f 2465 2459 2460
f 2459 2892 2893
f 2459 2893 2460
f 2465 2460 2893
f 2465 2893 2898
f 2898 2893 2894
f 2898 2894 2899
f 2892 2887 2893
f 2888 2893 2887
f 2888 2887 3310
f 2887 3309 3310
f 2893 2888 3310
f 2899 2894 3316
f 3316 2894 2893
f 3316 2893 3315
f 3315 2893 3310
f 3315 3310 3316
f 3316 3310 3311
f 3316 3311 3317
f 3317 3311 3677
f 3311 3676 3677
f 3681 3316 3317
f 3681 3317 3677
f 4084 3682 3681
f 4088 4084 4456
f 4088 4456 4460
f 4456 4084 4457
f 4084 4085 4457
f 4452 4457 4456
f 4453 4457 4452
f 4460 4456 4786
f 4782 4786 4456
f 4782 4456 4457
f 4782 4457 4783
f 4783 4457 4779
f 4779 4457 4453
f 4783 4779 5095
f 4779 4453 4452
f 4778 4779 4452
f 4452 4456 4084
f 4452 4084 4081
f 4080 4081 4084
f 4080 4084 3681
f 4080 3681 3677
f 3677 3676 4079
f 3677 4079 4080
f 3310 3309 3305
f 3309 3304 3305
f 3310 3305 3671
f 3671 3305 3304
f 3304 3670 3671
f 3672 3671 4074
f 3671 3670 4073
f 4073 3670 4072
f 4073 4072 4067
f 4073 4067 4068
f 4067 4072 3670
f 3664 3670 3669
f 3670 3304 3303
f 3670 3303 3669
f 3303 3304 3309
f 3303 3309 2886
f 2886 3309 2887
f 3303 2886 2878
f 2887 2892 2458
f 2887 2458 2886
f 2886 2458 2451
f 2458 2457 2451
f 2451 2457 2450
f 2451 2450 2885
f 2451 2885 2886
f 2450 2449 2885
f 2885 2449 2884
f 2885 2884 2877
f 2877 2884 2876
f 2876 3301 3302
f 2876 3302 2877
f 3302 3662 3663
f 3303 3302 3663
f 3302 3303 2877
f 2877 3303 2878
f 2877 2878 2886
f 2885 2877 2886
f 1599 1600 1604
f 1604 1600 1605
f 1610 1609 1604
f 1609 1610 1306
f 1609 1306 1311
f 1608 1609 1613
f 1609 1614 1613
f 1614 1609 1311
f 1614 1618 1613
f 1617 1613 1618
f 1617 1618 1621
f 1620 1617 1621
f 1618 1614 1310
f 1310 1614 1311
f 1302 1306 1610
f 1302 1610 1604
f 1605 1302 1604
f 1600 1302 1605
f 1302 1600 1296
f 1584 1585 1590
f 1590 1585 1591
f 1026 1027 1037
f 1036 1026 1037
f 1036 1037 879
f 874 879 1037
f 874 1037 1027
f 1027 875 874
f 875 1027 1028
f 875 876 868
f 875 868 720
f 875 720 728
f 729 728 720
f 720 868 721
f 721 868 869
f 869 868 1015
f 548 721 722
f 722 549 548
f 548 547 721
f 721 547 720
f 720 547 729
f 729 547 554
f 729 554 728
f 728 553 562
f 732 728 562
f 728 732 727
f 727 732 879
f 728 727 874
f 874 727 879
f 875 728 874
f 879 732 735
f 879 735 882
f 732 562 735
f 562 567 735
f 563 562 553
f 562 563 366
f 366 563 367
f 359 367 554
f 554 367 553
f 553 367 563
f 553 728 554
f 554 547 548
f 548 555 554
f 555 548 360
f 548 549 556
f 556 549 361
f 556 361 548
f 548 361 360
f 369 368 361
f 361 368 360
f 555 360 554
f 359 554 360
f 359 360 368
f 367 359 368
f 367 368 376
f 367 376 366
f 375 366 376
f 375 376 386
f 385 375 386
f 366 375 567
f 375 374 567
f 366 567 562
f 567 571 570
f 570 566 567
f 571 567 384
f 567 374 384
f 374 375 384
f 384 375 385
f 392 384 385
f 393 392 385
f 392 393 399
f 392 399 398
f 574 575 392
f 392 575 571
f 392 398 575
f 575 398 577
f 575 577 574
f 577 398 578
f 398 406 582
f 398 582 578
f 578 582 581
f 407 406 398
f 407 398 399
f 385 386 394
f 385 394 393
f 393 394 400
f 393 400 399
f 407 399 408
f 400 408 399
f 400 394 254
f 386 376 377
f 386 377 387
f 249 250 255
f 255 250 256
f 255 256 260
f 260 256 261
f 261 265 260
f 265 261 266
f 265 266 410
f 260 265 401
f 401 265 409
f 409 265 410
f 400 401 409
f 401 400 260
f 400 254 260
f 260 254 255
f 387 249 386
f 249 255 386
f 386 255 254
f 394 386 254
f 1025 1011 1012
f 1025 1012 1026
f 1012 1013 1026
f 1027 1026 1013
f 1027 1013 1028
f 1028 1013 1014
f 1014 1015 1028
f 875 1028 876
f 876 1028 1015
f 868 876 1015
f 1559 1547 1548
f 1547 1559 1558
f 1044 1036 882
f 882 1036 879
f 1044 882 881
f 881 882 734
f 734 882 735
f 734 735 566
f 735 567 566
f 570 738 734
f 570 734 566
f 881 734 738
f 885 881 738
f 738 740 885
f 740 738 574
f 738 570 574
f 740 887 885
f 1051 885 1050
f 1050 885 887
f 1050 887 1057
f 1057 887 889
f 1063 1057 889
f 1057 1056 1049
f 1057 1049 1050
f 1049 1042 1050
f 1050 1042 1043
f 1050 1043 1044
f 1050 1044 1051
f 1044 881 885
f 1044 885 1051
f 871 723 722
f 723 871 724
f 724 871 872
f 549 722 723
f 549 723 550
f 550 551 558
f 551 552 559
f 551 559 558
f 363 558 559
f 558 363 550
f 550 363 557
f 557 363 362
f 550 557 362
f 549 550 362
f 549 362 361
f 363 371 362
f 361 362 370
f 361 370 369
f 369 370 378
f 378 370 379
f 247 378 379
f 250 247 251
f 256 250 257
f 257 250 251
f 261 256 257
f 262 261 257
f 262 267 261
f 261 267 266
f 410 266 267
f 410 267 411
f 419 410 411
f 411 420 419
f 428 419 429
f 429 419 420
f 420 421 429
f 429 421 430
f 430 421 431
f 420 411 412
f 420 412 421
f 268 411 267
f 411 268 412
f 268 267 262
f 263 268 262
f 268 263 412
f 262 257 263
f 257 258 263
f 402 263 403
f 403 263 264
f 263 402 412
f 402 403 413
f 402 413 412
f 412 413 421
f 421 413 422
f 263 258 264
f 264 258 259
f 264 259 395
f 264 395 403
f 403 404 413
f 413 404 414
f 415 414 405
f 405 414 404
f 405 404 396
f 405 396 397
f 572 391 568
f 391 383 568
f 573 572 568
f 573 568 569
f 568 383 565
f 383 382 373
f 383 373 565
f 383 391 382
f 390 382 391
f 390 391 397
f 390 397 396
f 382 390 381
f 390 389 381
f 390 396 395
f 389 390 395
f 381 372 382
f 372 373 382
f 373 564 565
f 564 373 560
f 560 373 365
f 365 373 372
f 565 564 560
f 565 560 561
f 569 568 736
f 737 569 736
f 569 737 739
f 737 736 884
f 883 884 736
f 736 733 883
f 883 733 880
f 880 884 883
f 737 884 886
f 737 886 739
f 739 573 569
f 573 739 576
f 739 741 576
f 572 573 391
f 391 573 576
f 397 391 576
f 397 576 405
f 576 580 405
f 579 405 580
f 415 405 579
f 415 579 583
f 579 580 583
f 584 583 580
f 583 584 590
f 415 583 424
f 424 583 589
f 424 589 423
f 424 423 414
f 424 414 415
f 413 414 423
f 422 413 423
f 588 423 589
f 432 423 588
f 432 588 595
f 423 432 595
f 588 589 596
f 588 596 595
f 589 583 590
f 590 584 745
f 590 745 749
f 590 749 748
f 590 748 589
f 745 584 580
f 745 580 743
f 580 576 743
f 743 576 741
f 888 741 886
f 886 741 739
f 888 1058 890
f 890 1058 1064
f 892 890 1064
f 892 1064 1071
f 892 896 745
f 745 896 749
f 743 892 745
f 892 743 890
f 741 888 890
f 741 890 743
f 550 723 724
f 550 724 551
f 873 872 1019
f 1019 1020 873
f 877 873 1020
f 872 873 724
f 724 873 725
f 724 725 551
f 551 725 552
f 363 559 364
f 560 559 552
f 363 364 371
f 364 372 371
f 371 372 381
f 380 371 381
f 362 371 370
f 371 380 370
f 370 380 379
f 380 381 389
f 388 380 389
f 389 253 388
f 252 388 253
f 380 388 379
f 379 388 251
f 251 388 252
f 379 251 248
f 379 248 247
f 247 248 251
f 251 252 257
f 258 257 252
f 258 252 259
f 259 252 253
f 253 389 395
f 253 395 259
f 403 395 396
f 396 404 403
f 377 376 368
f 387 377 249
f 247 250 378
f 378 250 249
f 378 249 377
f 369 378 368
f 378 377 368
f 6415 6418 6101
f 6415 6101 6408
f 6101 6418 6104
f 6101 6094 6408
f 5739 6094 6101
f 5739 6101 5746
f 5739 5735 5387
f 5391 5739 5387
f 5387 5391 5386
f 5391 5390 5386
f 5390 5391 5739
f 5390 5739 5745
f 5745 5739 5746
f 5745 5397 5390
f 5390 5397 5055
f 5055 5046 5390
f 4744 5055 4743
f 4744 4736 5055
f 4744 4743 4736
f 4737 4736 4398
f 4737 4398 4399
f 4737 4399 4738
f 4738 4399 4400
f 4738 4400 4408
f 4408 4400 4401
f 4739 4738 4408
f 4739 4408 4740
f 5046 4736 4737
f 5046 4737 5047
f 5047 4737 5048
f 5048 4737 4738
f 5046 5055 4736
f 5390 5046 5386
f 5386 5046 5047
f 5387 5386 5047
f 5391 5387 5047
f 5391 5392 5740
f 5741 5740 5392
f 5741 5392 5393
f 5741 6096 6095
f 5741 6095 5740
f 5391 5740 5739
f 5740 6095 5739
f 6094 5739 6095
f 6094 6095 6408
f 6095 6409 6408
f 6408 6409 6415
f 6415 6409 6416
f 6415 6416 6655
f 6655 6416 6650
f 6650 6416 6409
f 6650 6409 6410
f 6410 6409 6095
f 6410 6095 6096
f 6651 6410 6652
f 6652 6410 6411
f 6097 6411 6410
f 6410 6096 6097
f 6098 6097 5742
f 5742 6097 6096
f 5742 6096 5741
f 5742 5743 6098
f 5395 5743 5394
f 5394 5743 5742
f 5395 5394 5058
f 5394 5742 5741
f 5394 5741 5393
f 5393 5057 5394
f 5057 5393 5056
f 5056 5393 5392
f 5392 5391 5047
f 5056 5392 5047
f 5056 5047 5048
f 5048 5057 5056
f 5048 4738 5049
f 5048 5049 5057
f 5057 5058 5394
f 5058 5057 5049
f 5050 5058 5049
f 5059 5058 5051
f 5051 5058 4740
f 5051 4740 4741
f 4740 5058 5050
f 4740 5050 5049
f 4740 5049 4739
f 4739 5049 5048
f 4739 5048 4738
f 6418 6422 6104
f 6104 6422 6108
f 6108 6422 6423
f 6423 6109 6108
f 6108 6109 5754
f 6108 5754 5753
f 5407 5753 5754
f 5754 5408 5407
f 6103 6104 6108
f 6103 6108 6107
f 5752 6108 5753
f 6107 6108 5752
f 6103 6107 5748
f 6107 5752 5748
f 6103 5748 5749
f 6103 5749 6104
f 6104 5749 5748
f 6104 5749 5746
f 6104 5746 6101
f 5749 5748 5746
f 5746 5748 5745
f 5745 5748 5401
f 5745 5401 5397
f 4743 4747 4414
f 4414 4035 4031
f 4035 4034 4031
f 4031 4034 4030
f 4034 4035 4414
f 4034 4414 4413
f 4413 4414 4418
f 4417 4413 4418
f 4418 4414 4747
f 4746 4418 4747
f 4418 4746 4417
f 4746 4747 4749
f 4417 4746 4749
f 4749 4747 4750
f 4749 4422 4417
f 4749 4750 4754
f 4422 4044 4417
f 4044 4422 4043
f 4422 4421 4043
f 4421 4422 4426
f 4043 4421 4050
f 4421 4426 4425
f 4421 4425 4050
f 4050 4425 4426
f 4043 4050 4049
f 4042 4043 4049
f 4042 4049 3638
f 4043 4042 3638
f 3639 4043 3638
f 4044 4043 4038
f 4044 4038 4039
f 4044 4039 4417
f 3633 4038 4043
f 3633 4043 3639
f 3639 3638 3632
f 3639 3632 3633
f 4038 3633 4039
f 4039 3633 4034
f 4034 3633 3627
f 3627 3622 3628
f 3628 3622 3623
f 3627 3628 4034
f 4034 3628 3623
f 4030 4034 3623
f 4031 4030 4027
f 4030 4026 4027
f 3618 4026 3623
f 3623 4026 4030
f 3617 3618 3623
f 3623 3622 3617
f 3622 3627 3621
f 3621 3627 3626
f 3622 3621 3228
f 3228 3621 3626
f 3228 3626 3234
f 3622 3228 3229
f 3622 3228 3617
f 3617 3228 3223
f 3223 3228 3222
f 3617 3223 3217
f 3216 3222 3221
f 3221 3222 3228
f 3227 3221 3228
f 2811 3221 2813
f 2406 2811 2408
f 2408 2811 2813
f 1958 1956 2406
f 1958 2406 2408
f 1958 2408 2411
f 2411 1962 1958
f 1528 1958 1532
f 1962 1532 1958
f 1532 1962 1531
f 1531 1962 1961
f 1961 1962 1966
f 1961 1962 2411
f 2411 2414 1961
f 1961 2414 1966
f 1966 2414 2413
f 2823 2413 2818
f 2819 2818 2413
f 2819 2413 2414
f 2819 2414 2815
f 2815 2414 2411
f 2815 2411 2408
f 2815 2408 2813
f 2813 3227 2815
f 2815 3227 3233
f 3227 2813 3221
f 3234 3233 3227
f 3227 3228 3234
f 3234 3240 3233
f 3234 3632 3240
f 3234 3626 3632
f 3626 3627 3633
f 3632 3626 3633
f 3233 3240 3239
f 3240 3632 3239
f 3240 3632 3638
f 3240 3638 3239
f 3239 3638 3247
f 3247 3638 3637
f 3645 3638 4049
f 3645 4049 4050
f 3645 4050 3646
f 3645 3644 3638
f 3638 3644 3637
f 3255 3637 3644
f 3637 3255 3247
f 3255 3644 3247
f 3246 3247 3255
f 3255 3254 3246
f 3246 3238 3247
f 3238 3246 2823
f 3238 2823 2818
f 3238 2818 2819
f 3239 3238 2819
f 3238 3239 3247
f 3239 2819 2815
f 3233 3239 2815
f 4755 4756 4427
f 4756 4428 4427
f 4755 4427 4754
f 4754 4427 4426
f 4754 4422 4749
f 4754 4426 4422
f 4426 4051 4050
f 4051 4426 4427
f 4051 4427 4052
f 4051 3646 4050
f 3646 4051 3647
f 3645 3646 3256
f 3645 3256 3255
f 3645 3255 3644
f 3254 3255 2832
f 2832 3255 2833
f 2832 2833 2844
f 2843 2832 2844
f 3263 2843 3264
f 3264 2843 2844
f 2844 2833 3264
f 3264 2833 3255
f 3265 3264 3255
f 3256 3265 3255
f 3265 3273 3264
f 3264 3273 3272
f 3265 3651 3273
f 3273 3651 3652
f 3274 3273 3652
f 3656 3274 3652
f 3663 3656 3657
f 3663 3657 3664
f 3656 3652 3657
f 3657 3652 3653
f 3657 3653 4056
f 3657 4056 4061
f 4056 3653 3652
f 4061 4056 4062
f 3664 3657 4067
f 4067 3657 4061
f 4067 4061 4062
f 4067 4062 4068
f 4068 4062 4440
f 4440 4062 4435
f 4440 4435 4441
f 4068 4440 4067
f 4440 4439 4067
f 3663 3664 4067
f 3663 4067 4066
f 3663 3669 3303
f 3669 3663 3664
f 3670 3664 4067
f 3664 3663 4066
f 4067 3664 4066
f 4068 4067 4439
f 4440 4068 4439
f 4768 4440 4769
f 4769 4440 4441
f 4764 4769 4436
f 4436 4769 4441
f 4436 4441 4435
f 4057 4062 4056
f 4431 4062 4057
f 4062 4431 4435
f 4436 4435 4432
f 4432 4435 4431
f 5077 5414 5419
f 5080 5077 5419
f 5762 5419 5760
f 5419 5414 5415
f 5419 5415 5760
f 4432 4760 4431
f 4431 4760 4759
f 4431 4056 4057
f 3647 3653 3652
f 3647 3652 3646
f 3646 3652 3257
f 3652 3266 3257
f 3257 3266 3256
f 3646 3257 3256
f 3265 3256 3266
f 3266 3652 3265
f 3265 3652 3651
f 4432 4760 4436
f 4436 4760 4764
f 4764 4760 4765
f 4765 4760 5075
f 4765 5075 5077
f 4039 4034 4413
f 4417 4039 4413
f 4052 4427 4428
f 4056 3653 3647
f 4056 3647 4052
f 4057 4056 4052
f 3647 4051 4052
f 5380 5379 5038
f 6118 6119 5763
f 6118 5763 5762
f 6119 6122 5763
f 6122 5766 5763
f 5767 6122 6123
f 5766 6122 5767
f 5424 5766 5767
f 5424 5767 5425
f 5425 5767 5770
f 5425 5770 5428
f 5770 5767 6126
f 5767 6123 6126
f 6126 6123 6439
f 6439 6123 6436
f 5770 6126 5771
f 5431 5770 5774
f 5770 5431 5428
f 5095 5091 5428
f 5095 5428 5431
f 5091 5095 4779
f 4782 5094 4786
f 4782 4783 5095
f 4782 5095 5094
f 4786 5094 5098
f 5095 4783 5094
f 5094 5095 5098
f 5774 6130 5777
f 5434 5774 5777
f 5434 5777 5781
f 6133 5777 6130
f 6133 6136 5781
f 6133 5781 5777
f 6136 6138 5783
f 5781 6136 5783
f 5783 5786 5445
f 5783 5445 5442
f 5783 5442 5780
f 5781 5783 5780
f 5780 5437 5781
f 5438 5781 5437
f 5781 5438 5434
f 5437 5780 5441
f 5441 5780 5442
f 5437 5441 5105
f 5437 5105 5101
f 5438 5437 5101
f 5438 5101 5102
f 5101 4790 5098
f 4790 4787 5098
f 4790 4786 4787
f 5101 5098 5102
f 5098 4787 4786
f 4460 4786 4463
f 4463 4786 4790
f 4467 4463 4790
f 4467 4790 4792
f 4795 4792 4796
f 4796 4792 5106
f 4796 5106 5108
f 4792 5105 5106
f 5106 5442 5445
f 5441 5442 5106
f 5441 5106 5105
f 5101 5105 4790
f 5105 4792 4790
f 5419 5762 5418
f 5419 5418 5080
f 5418 5079 5080
f 5077 5080 5079
f 5079 4769 4765
f 4765 4769 4764
f 5079 4765 5077
f 4769 5079 4768
f 4769 5079 5080
f 4769 5080 4770
f 4770 5080 5084
f 4770 5084 4774
f 4769 4770 4774
f 4769 4774 4441
f 4774 4445 4441
f 4774 4446 4445
f 4441 4445 4440
f 4445 4074 4440
f 4068 4440 4073
f 4073 4440 4074
f 4073 4074 3671
f 3676 3672 4074
f 3676 4074 4079
f 4079 4074 4075
f 4079 4075 4080
f 3671 3672 3676
f 3671 3676 3310
f 3310 3676 3311
f 4075 4074 4446
f 4446 4074 4445
f 4451 4080 4075
f 4075 4446 4451
f 4774 5084 4775
f 5084 5424 5085
f 5084 5080 5419
f 5084 5419 5424
f 5419 5423 5424
f 5763 5766 5424
f 5762 5763 5420
f 5762 5420 5419
f 5420 5763 5424
f 5420 5424 5419
f 5084 5085 4775
f 4775 5085 5090
f 4775 5090 4778
f 5090 5085 5091
f 4778 5090 5091
f 4778 5091 4779
f 4774 4775 4447
f 4774 4447 4446
f 4775 4778 4452
f 4775 4452 4447
f 4447 4452 4446
f 4451 4446 4452
f 4451 4452 4080
f 4080 4452 4081
f 5085 5424 5425
f 5425 5086 5085
f 5085 5086 5091
f 5091 5086 5425
f 5091 5425 5428
f 5431 5774 5434
f 5095 5431 5434
f 5095 5434 5098
f 5434 5438 5098
f 5098 5438 5102
f 5790 6144 6147
f 6147 5793 5790
f 6144 5790 6143
f 5790 5789 6143
f 5789 6141 6143
f 5451 5450 5793
f 5450 5115 5448
f 5115 5113 5448
f 5113 5115 4799
f 5115 4802 4799
f 4088 4460 4091
f 4460 4463 4091
f 4091 4463 4095
f 4091 3691 4088
f 3691 3687 4088
f 4802 5115 4804
f 4478 4802 4804
f 4477 4802 4478
f 4477 4478 4481
f 4478 4482 4481
f 4485 4112 4482
f 4109 4481 4482
f 4109 4482 4112
f 4109 4112 4111
f 4111 4115 3714
f 4115 3718 3714
f 4119 4115 4120
f 4115 4119 3722
f 4119 4120 4123
f 4115 3722 3718
f 4119 4123 3722
f 3722 4123 3726
f 3718 3722 3717
f 3722 3721 3717
f 3717 3721 3354
f 3354 3721 3357
f 3357 3721 3725
f 3725 3721 3722
f 3722 3726 3725
f 3725 3360 3357
f 3360 3725 3729
f 3363 3360 3729
f 3357 3360 3359
f 3359 3360 3362
f 3360 3363 3362
f 3363 3367 3362
f 3362 3367 3366
f 3363 3729 3367
f 3733 3367 3729
f 3733 3729 3730
f 3367 3733 3737
f 3738 3733 3734
f 3733 3738 3737
f 3734 3730 4130
f 3730 4127 4130
f 4127 4128 4130
f 4130 4128 4131
f 3725 3726 3729
f 3726 3730 3729
f 3733 3730 3734
f 4804 4482 4478
f 3702 4106 3705
f 3705 4106 4107
f 4107 4106 4102
f 4109 4107 4477
f 3705 4107 3706
f 3706 4107 4109
f 3710 3706 4109
f 3705 3706 3710
f 3705 3710 3709
f 4481 4109 4477
f 4109 4111 3714
f 3710 4109 3714
f 3710 3714 3709
f 3709 3714 3713
f 3347 3709 3351
f 3351 3709 3713
f 3343 3709 3347
f 3709 3343 3705
f 3343 3347 3342
f 3342 3347 3346
f 3343 3342 3705
f 3346 3347 3351
f 3350 3346 3351
f 3713 3714 3718
f 3717 3713 3718
f 3713 3717 3351
f 3717 3354 3351
f 3351 3354 3350
f 3350 3354 3353
f 3353 3354 3357
f 3356 3353 3357
f 3353 3356 2933
f 2933 3356 2937
f 3353 2933 3350
f 3350 2933 2929
f 3346 3350 2929
f 2929 2926 3346
f 2926 2929 2928
f 2926 2928 2925
f 3342 3346 2926
f 3342 2926 2921
f 2921 2926 2925
f 2921 3341 3342
f 3341 3337 3338
f 3341 3338 3342
f 3337 3341 2921
f 3337 2921 2917
f 2917 2921 2916
f 2916 2921 2920
f 2916 2920 2487
f 2924 2920 2921
f 2924 2921 2925
f 2920 2924 2491
f 2920 2491 2487
f 2924 2925 2491
f 2491 2925 2492
f 2492 2925 2928
f 2933 2928 2929
f 2932 2928 2933
f 2933 2937 2932
f 2937 2936 2932
f 2932 2936 2502
f 2502 2936 2507
f 2502 2507 2501
f 2501 2507 2506
f 2501 2496 2502
f 2502 2496 2497
f 2502 2497 2932
f 2932 2497 2928
f 2928 2497 2492
f 2492 2497 2491
f 2497 2496 2491
f 2496 2501 2500
f 2495 2496 2500
f 2500 2505 2047
f 2500 2047 2044
f 2047 2505 2510
f 2047 2510 2050
f 2510 2505 2506
f 2511 2510 2506
f 2050 2510 2053
f 2515 2510 2516
f 2516 2510 2511
f 2510 2515 2053
f 2056 2053 2515
f 2519 2515 2520
f 2520 2515 2516
f 2520 2516 2948
f 2948 2516 2944
f 2516 2945 2944
f 2506 2505 2500
f 2506 2500 2501
f 2936 2937 2941
f 3359 2941 2937
f 3359 2937 3356
f 3359 3356 3357
f 2941 3359 2946
f 2946 3359 3362
f 2946 3362 2950
f 2950 3362 3366
f 3367 3737 3371
f 3370 3366 3367
f 3370 3367 3371
f 3737 3738 3740
f 3740 3738 3741
f 3741 3738 4133
f 3737 3740 3371
f 3371 3740 3376
f 4137 3741 4133
f 3741 4137 4142
f 3741 4142 3746
f 3741 3746 3745
f 3741 3745 3740
f 3745 3746 4142
f 4141 3745 4142
f 4137 4138 4502
f 4502 4505 4142
f 4502 4142 4137
f 4142 4505 4504
f 4145 4142 4504
f 4141 4142 4144
f 4144 4142 4145
f 4141 4144 3745
f 3751 3745 4144
f 3751 4144 3750
f 3751 3750 3745
f 3750 4144 4148
f 4148 4144 4149
f 3755 3750 4148
f 4149 4513 4152
f 4513 4518 4152
f 4148 4149 4152
f 4148 4152 3755
f 4517 4152 4518
f 4152 3760 3755
f 3759 3760 3391
f 3754 3759 3391
f 3760 3392 3391
f 3392 3760 3763
f 3763 3760 4155
f 3763 4155 3764
f 3764 4155 4156
f 4155 3760 4152
f 4152 4517 4155
f 4521 4155 4517
f 4155 4521 4522
f 4517 4518 4521
f 4521 4518 4522
f 4522 4518 4844
f 4844 4518 4840
f 4844 5159 4847
f 5494 5159 5160
f 5156 5160 5159
f 5494 5160 5495
f 5495 5160 5156
f 5495 5156 5490
f 5490 5156 5491
f 5491 5156 5152
f 5152 5156 5151
f 5490 5824 5495
f 5495 5824 5829
f 5495 5829 5828
f 5495 5828 5494
f 5494 5828 5499
f 5828 5829 5832
f 5828 5832 5499
f 5498 5494 5499
f 5832 5829 6185
f 6182 6185 5829
f 6182 5829 6179
f 6182 6183 6494
f 6183 6182 6179
f 6179 6492 6183
f 6492 6495 6183
f 6183 6495 6494
f 6182 6494 6498
f 6182 6498 6185
f 6185 6498 6501
f 6185 6501 6188
f 6188 6501 6189
f 6189 6501 6502
f 6185 6188 5832
f 5835 6188 6189
f 5832 6188 5835
f 5836 5835 6189
f 5499 5832 5502
f 5502 5832 5835
f 5502 5835 5836
f 5502 5836 5503
f 5499 5502 5168
f 5164 5499 5168
f 5498 5499 5164
f 5494 5498 5163
f 5163 5498 5164
f 5159 5494 5163
f 5159 5163 4847
f 5163 5164 4848
f 5163 4848 4847
f 4526 4847 4848
f 4526 4848 4527
f 4527 4848 4532
f 4527 4532 4526
f 4847 4526 4844
f 4844 4526 4522
f 4851 4532 4848
f 4848 4852 4851
f 4852 5168 4851
f 4851 5168 5167
f 4531 4532 4851
f 4532 4851 4537
f 4537 4851 4855
f 4537 4169 4532
f 4531 4532 4163
f 4163 4532 4169
f 4532 4163 4159
f 4159 4160 4532
f 4526 4532 4160
f 4526 4160 4522
f 4522 4160 4156
f 4156 4155 4522
f 1956 1958 1524
f 1524 1958 1528
f 1227 1524 1528
f 1227 1528 1230
f 1230 1528 1229
f 1227 1230 975
f 1229 1230 1226
f 1226 1230 1227
f 1230 1229 1227
f 1227 1229 1226
f 1227 975 1226
f 1226 975 974
f 1226 974 1227
f 1227 974 975
f 3617 3613 3618
f 2823 3246 2822
f 2822 3246 3245
f 1971 1972 2419
f 2875 2876 2448
f 2448 2876 2449
f 2008 2007 2464
f 2465 2470 2014
f 2465 2014 2008
f 2465 2008 2464
f 2015 2014 2470
f 2008 2014 2007
f 2007 2014 2013
f 2013 1574 2007
f 2007 1574 1565
f 1565 1574 1573
f 1574 2013 2014
f 1574 2014 1575
f 2014 2015 2019
f 2470 2465 2466
f 2471 2470 2466
f 2471 2475 2470
f 2015 2470 2019
f 2019 2470 2475
f 2019 2475 2020
f 2479 2480 2913
f 2912 2479 2913
f 2475 2480 2020
f 2020 2480 2025
f 2020 2025 2024
f 2020 2024 2019
f 2019 1582 2018
f 2019 2018 2014
f 2014 2018 1582
f 2014 1582 1575
f 1575 1582 1581
f 1575 1581 1574
f 1267 1256 1268
f 1267 1268 997
f 1256 1257 1268
f 1268 1257 1269
f 998 1268 1269
f 998 1269 999
f 999 1008 1007
f 999 1007 998
f 1268 998 997
f 1286 1287 1292
f 1286 1292 1032
f 1286 1032 1023
f 1292 1287 1293
f 1286 1023 1022
f 1022 1023 1031
f 1021 1022 1031
f 1032 1031 1023
f 1031 1030 1021
f 1021 1030 1020
f 1020 1030 1029
f 1020 1029 877
f 877 1029 1030
f 877 1030 878
f 1030 1031 878
f 878 1031 880
f 1031 1038 880
f 1031 1032 1039
f 1031 1039 1038
f 878 880 733
f 877 878 731
f 731 878 733
f 877 731 730
f 880 1038 1045
f 884 880 1045
f 1045 1038 1046
f 1038 1039 1046
f 884 1045 1046
f 1046 1039 1040
f 1046 1040 1047
f 1052 1046 1053
f 1046 1047 1053
f 1058 1052 1053
f 1058 1053 1059
f 1058 888 886
f 1058 886 1052
f 886 884 1046
f 1052 886 1046
f 1288 1592 1593
f 1288 1593 1597
f 1294 1288 1597
f 1287 1288 1294
f 1287 1294 1293
f 1294 1300 1293
f 1293 1300 1299
f 1293 1299 1040
f 1033 1293 1040
f 1293 1033 1032
f 1293 1032 1292
f 1039 1032 1033
f 1039 1033 1040
f 1040 1299 1300
f 1040 1300 1047
f 1300 1294 1301
f 1301 1294 1295
f 1301 1295 1602
f 1602 1295 1598
f 1300 1301 1305
f 1300 1305 1304
f 1301 1602 1305
f 1305 1602 1607
f 1300 1304 1047
f 1308 1047 1304
f 1047 1308 1053
f 1054 1053 1308
f 1053 1054 1060
f 1060 1054 1308
f 1059 1053 1060
f 1059 1060 1313
f 1313 1060 1308
f 1064 1058 1065
f 1065 1058 1059
f 1072 1065 1066
f 1072 1066 1323
f 1066 1065 1318
f 1318 1065 1059
f 1323 1066 1318
f 1318 1059 1313
f 1313 1308 1314
f 1308 1309 1314
f 1314 1309 1612
f 1314 1612 1616
f 1314 1616 1615
f 1611 1616 1612
f 1616 1611 1615
f 1309 1308 1305
f 1305 1308 1304
f 1612 1309 1607
f 1607 1309 1305
f 1612 1607 1611
f 1611 1607 1606
f 1615 1611 2047
f 2044 2047 1611
f 2044 1611 2041
f 2041 1611 1606
f 1607 1602 1606
f 1602 1601 1606
f 1606 1601 2041
f 2037 2041 1601
f 2490 2041 2037
f 2037 2038 2490
f 2490 2038 2491
f 2038 2037 2033
f 2038 2033 2034
f 2038 2034 2491
f 2491 2034 2487
f 2038 2037 1602
f 1602 2037 1601
f 2034 2038 1598
f 1598 2038 1602
f 1598 1295 1294
f 2029 2034 1598
f 2029 1598 1593
f 1593 1598 1597
f 1597 1598 1294
f 2034 2029 2484
f 2034 2484 2487
f 2484 2916 2487
f 2490 2491 2495
f 2495 2491 2496
f 2495 2041 2490
f 2044 2041 2495
f 2044 2495 2500
f 2047 1619 1615
f 2047 2050 1619
f 2050 2053 1622
f 2050 1622 1619
f 1615 1619 1314
f 1314 1619 1319
f 1627 1622 2053
f 2053 2056 1627
f 1627 1631 1628
f 1628 1631 1632
f 1632 1334 1335
f 1334 1632 1637
f 1636 1632 1631
f 1637 1632 1636
f 1637 1636 1340
f 1637 1340 1334
f 1334 1340 1339
f 1334 1339 1333
f 1086 1333 1339
f 1086 1339 1097
f 1328 1334 1333
f 1333 1086 1079
f 1632 1335 1329
f 1329 1335 1334
f 1632 1329 1628
f 1329 1334 1328
f 1329 1328 1323
f 1329 1323 1324
f 1324 1628 1329
f 1628 1324 1623
f 1628 1623 1622
f 1628 1622 1627
f 1622 1623 1324
f 1622 1324 1319
f 1622 1319 1619
f 1324 1323 1318
f 1324 1318 1319
f 1319 1318 1314
f 1314 1318 1313
f 1327 1328 1333
f 1328 1079 1327
f 1327 1333 1079
f 1079 1086 1078
f 1078 1086 1085
f 1078 896 1071
f 1071 896 892
f 748 751 589
f 748 749 895
f 895 749 896
f 596 589 751
f 757 756 604
f 596 751 757
f 596 757 604
f 596 604 595
f 604 756 603
f 603 756 755
f 763 755 901
f 763 901 909
f 901 755 756
f 901 756 902
f 903 902 756
f 757 751 756
f 756 751 898
f 756 898 903
f 903 898 902
f 902 898 1094
f 1094 898 1084
f 1095 1094 1084
f 1084 898 1077
f 1084 1077 1085
f 1085 1077 1078
f 1085 1086 1097
f 1085 1097 1096
f 1084 1085 1096
f 1084 1096 1095
f 1096 1110 1109
f 1095 1096 1109
f 1121 1109 1110
f 1121 1120 1109
f 1120 1121 1352
f 1120 1119 1108
f 1107 1108 1119
f 1120 1108 1109
f 1109 1108 1094
f 1109 1094 1095
f 902 1094 901
f 1094 1093 901
f 1093 1094 1108
f 1093 1108 1107
f 1093 1107 901
f 901 1107 909
f 763 909 762
f 762 909 908
f 908 907 762
f 908 762 761
f 761 762 907
f 763 762 603
f 608 762 607
f 607 762 761
f 607 761 606
f 606 761 760
f 601 607 600
f 600 607 606
f 607 601 602
f 607 602 608
f 608 602 762
f 762 602 603
f 602 601 435
f 436 602 435
f 436 435 430
f 430 435 429
f 436 430 602
f 602 430 431
f 603 602 431
f 431 594 603
f 422 431 421
f 431 422 423
f 431 423 432
f 431 432 595
f 431 595 594
f 595 604 603
f 594 595 603
f 763 603 755
f 1021 1008 1009
f 873 877 726
f 726 877 730
f 873 726 725
f 726 730 725
f 552 725 560
f 560 725 730
f 731 560 730
f 560 731 561
f 561 731 565
f 565 731 733
f 364 559 560
f 364 560 365
f 364 365 372
f 364 372 559
f 565 733 568
f 568 733 736
f 2466 2899 2471
f 2899 2466 2465
f 2899 2465 2898
f 3704 3342 3338
f 3342 3704 3705
f 3704 3702 3705
f 6472 6470 6157
f 6159 6472 6157
f 6159 6157 5805
f 5805 6157 5803
f 5805 5470 5807
f 6161 6159 5805
f 6472 6159 6161
f 6474 6472 6161
f 6474 6161 6163
f 6476 6474 6163
f 6716 6474 6718
f 6718 6474 6476
f 6721 6718 6476
f 6721 6476 6478
f 6476 6163 6165
f 6476 6165 6478
f 6480 6478 6167
f 6167 6478 6165
f 5811 6165 5809
f 5809 6165 6163
f 5811 5814 6165
f 5814 5811 5815
f 5814 5815 6167
f 6165 5814 6167
f 6167 6171 6170
f 6167 6170 6482
f 6482 6170 6171
f 6167 6482 6480
f 6483 6482 6171
f 6483 6171 6486
f 5477 5811 5809
f 5809 5473 5477
f 5473 5809 5470
f 5809 5807 5470
f 5473 5470 5135
f 5473 5135 5138
f 5138 5135 5139
f 5139 5135 5136
f 5473 5138 5139
f 4822 4819 4497
f 4819 4494 4497
f 4819 4816 4494
f 4495 4494 4129
f 4497 4494 4498
f 4498 4494 4495
f 4132 4498 4495
f 4132 4495 4129
f 3735 4132 4129
f 4135 4132 3735
f 4135 3735 3739
f 3735 3736 3739
f 3731 3736 3735
f 3731 3735 4129
f 3731 4129 4126
f 3731 4126 3727
f 3727 4126 3723
f 4126 4122 3723
f 4121 4122 4126
f 4126 4125 4121
f 4490 4121 4125
f 4492 4490 4125
f 4126 4492 4125
f 4492 4126 4129
f 4492 4129 4494
f 6163 6161 5807
f 6163 5807 5809
f 5805 5807 6161
f 5478 5811 5477
f 5478 5141 5143
f 5480 5478 5143
f 5478 5480 5811
f 5811 5480 5815
f 5146 5480 5143
f 5480 5146 5482
f 4829 4830 5143
f 4830 4832 5143
f 5143 4832 5147
f 5143 5147 5146
f 5482 5146 5147
f 5486 5482 5147
f 5485 5482 5486
f 5486 5147 5150
f 5488 5486 5150
f 5153 5488 5150
f 5823 5488 5826
f 5826 5488 5492
f 5492 5488 5493
f 5826 5492 5827
f 5827 5492 5493
f 5827 5493 5830
f 5493 5488 5489
f 5493 5489 5157
f 5157 5489 5154
f 5157 5158 5162
f 5162 5158 4843
f 4843 5158 5157
f 4843 5157 4842
f 5157 5162 5161
f 5157 5161 5493
f 5161 5162 5497
f 5493 5161 5496
f 5496 5161 5497
f 5493 5496 5830
f 5830 5496 5497
f 5831 5830 5497
f 5830 5831 6184
f 6184 5831 6187
f 5831 5497 5833
f 5831 5833 6187
f 6500 6187 6503
f 6503 6187 6190
f 6504 6503 6190
f 6504 6190 6191
f 6504 6191 6196
f 6504 6196 6508
f 6509 6508 6196
f 6197 6509 6196
f 6509 6197 6200
f 6509 6200 6513
f 6513 6200 6201
f 6513 6201 6514
f 6200 6197 5843
f 6197 6196 5843
f 6200 5843 5845
f 6196 5842 5843
f 5843 5842 5509
f 5843 5509 5511
f 5843 5511 5845
f 5845 5511 5846
f 5508 5509 5842
f 5509 5175 5512
f 5509 5512 5511
f 5175 5509 5508
f 4856 5175 5171
f 5175 4856 4857
f 5175 4857 5176
f 5176 4857 5179
f 5179 4857 4862
f 5179 4862 4863
f 5179 4863 5180
f 4862 4857 4863
f 5180 4863 5181
f 4864 5181 4863
f 4864 4869 5186
f 5181 4864 5186
f 5180 5181 5186
f 5185 5180 5186
f 5185 5186 5518
f 5180 5185 5517
f 5517 5185 5518
f 5180 5517 5513
f 5180 5513 5179
f 5512 5179 5513
f 5846 5512 5513
f 5846 5513 5847
f 5513 5850 5847
f 5513 5517 5850
f 5850 5517 5518
f 5850 5518 5851
f 5518 5186 5187
f 5518 5187 5519
f 5518 5852 5851
f 5518 5519 5852
f 5519 5856 5852
f 5525 5519 5526
f 5526 5519 5520
f 5519 5187 5520
f 5520 5187 5188
f 5520 5188 5192
f 5187 5186 4870
f 4870 5186 4869
f 5187 4870 4871
f 5187 4871 5188
f 4870 4869 4864
f 4865 4870 4864
f 4870 4865 4545
f 4865 4864 4544
f 4865 4544 4545
f 4870 4545 4550
f 4544 4864 4863
f 4870 4550 4871
f 4871 4550 4551
f 4551 4872 4871
f 4872 5188 4871
f 5188 4872 4878
f 5188 4878 5192
f 5192 4878 5193
f 5193 5188 5192
f 5192 5526 5520
f 5527 5526 5192
f 5527 5858 5526
f 5526 5858 5857
f 5526 5857 5525
f 5525 5857 5856
f 5519 5525 5856
f 5851 5852 5856
f 6206 5851 5856
f 5856 6211 6206
f 6206 6210 6211
f 5851 6206 5850
f 5850 6206 6205
f 5847 5850 5846
f 5846 5850 6205
f 5846 6205 6204
f 5846 6204 6201
f 6201 6204 6205
f 6517 6201 6204
f 5477 5473 5474
f 5477 5474 5478
f 5474 5473 5139
f 5478 5474 5141
f 5141 5474 5139
f 5139 4822 5141
f 5141 4822 4825
f 4829 4825 4830
f 4829 5143 5141
f 4829 5141 4825
f 4830 4825 4826
f 4501 4826 4825
f 4830 4826 4503
f 4503 4826 4501
f 4830 4503 4832
f 4832 4503 4506
f 4500 4501 4825
f 4825 4822 4500
f 4500 4822 4497
f 4501 4500 4497
f 4497 4498 4501
f 4498 4132 4135
f 4501 4498 4135
f 4503 4501 4135
f 4503 4135 4139
f 4503 4139 4140
f 4506 4503 4507
f 4507 4503 4140
f 4511 4832 4506
f 4506 4507 4512
f 4506 4512 4511
f 4832 4511 4835
f 4512 4835 4511
f 4835 4512 4836
f 4835 4836 4839
f 4839 4836 4512
f 4839 4512 4515
f 4512 4507 4143
f 4146 4512 4143
f 4512 4146 4515
f 4515 4146 4150
f 4515 4150 4516
f 4146 4147 4150
f 3756 4150 4147
f 3756 4147 3752
f 4146 4143 4147
f 4147 4143 3748
f 3748 4143 3747
f 4147 3748 3752
f 3752 3753 3757
f 3752 3757 3756
f 3756 3757 4151
f 3756 4151 4150
f 4151 4154 4150
f 4153 4150 4154
f 4150 4153 4519
f 4150 4519 4516
f 4843 4519 4523
f 4843 4523 4845
f 4523 4519 4524
f 4519 4843 4516
f 4516 4843 4839
f 4839 4843 4842
f 4516 4839 4515
f 4842 5157 4839
f 5157 5154 4839
f 3719 3355 3358
f 3719 3358 3723
f 3724 3723 3358
f 3727 3723 3724
f 3727 3724 3728
f 3728 3724 3361
f 3361 3724 3358
f 3361 3364 3728
f 3728 3364 3732
f 3728 3732 3727
f 3727 3732 3731
f 3731 3732 3736
f 3732 3364 3368
f 3732 3368 3736
f 3736 3368 3739
f 3368 3372 3739
f 3368 3369 3372
f 3372 3369 3373
f 3368 3364 3365
f 3368 3365 3369
f 3365 2947 3369
f 3365 3364 2947
f 2947 2951 3369
f 3373 3369 2956
f 3373 3377 3372
f 3372 3377 3742
f 3372 3742 3739
f 3377 3743 3742
f 4140 4139 4136
f 4136 4139 4135
f 4140 4136 3742
f 4140 4143 4507
f 4143 4140 3742
f 3747 4143 3742
f 3747 3742 3748
f 3748 3742 3743
f 3748 3743 3381
f 3381 3743 3377
f 3748 3381 3752
f 3752 3381 3386
f 3386 3381 3382
f 3382 2967 3386
f 3386 2967 2970
f 2970 2967 2971
f 2967 2968 2971
f 3386 2970 2971
f 3752 3386 3753
f 3753 3386 3389
f 3757 3753 3389
f 3757 3389 3390
f 3757 3390 3758
f 3757 3758 3762
f 3762 3758 3390
f 3757 3762 3761
f 3757 3761 4154
f 3757 4154 4151
f 4154 3761 3762
f 4153 4154 4519
f 4519 4154 4520
f 4519 4520 4524
f 4520 4154 4524
f 4523 4524 4846
f 4523 4846 4845
f 4845 4846 5162
f 5162 4846 5166
f 5166 4846 4849
f 5162 5166 5165
f 5162 4843 4845
f 3742 4136 3739
f 4136 4135 3739
f 5150 5147 4832
f 5150 4832 4835
f 5150 4835 5153
f 5153 4835 4839
f 5153 4839 5154
f 5153 5154 5488
f 5488 5154 5489
f 5500 5833 5497
f 6190 6187 6191
f 6187 5833 5837
f 6187 5837 6191
f 5837 5833 5834
f 6196 6191 6192
f 6196 6192 5842
f 6192 6191 5837
f 5842 6192 5838
f 5838 6192 5837
f 5842 5838 5505
f 5505 5838 5837
f 5508 5842 5505
f 5508 5174 5175
f 5508 5170 5174
f 5170 5508 5505
f 5504 5505 5837
f 5837 5834 5501
f 5504 5837 5501
f 5501 5834 5833
f 5501 5833 5500
f 5501 5500 5166
f 5500 5165 5166
f 5165 5500 5497
f 5165 5497 5162
f 5501 5166 5169
f 5501 5169 5504
f 5166 4849 5169
f 5169 4849 4853
f 4853 4849 4850
f 5169 4853 5170
f 5169 5170 5504
f 5504 5170 5505
f 5174 5170 5175
f 5175 5170 5171
f 5170 4853 5171
f 5171 4853 4854
f 5171 4854 4856
f 4534 4854 4853
f 4853 4850 4533
f 4850 4529 4533
f 4853 4533 4534
f 4534 4533 4529
f 4534 4529 4162
f 4162 4529 4530
f 4162 4529 4161
f 4162 4165 4534
f 4854 4534 4538
f 4856 4854 4538
f 4856 4538 4857
f 4534 4535 4538
f 4538 4535 4539
f 4535 4534 4166
f 4166 4534 4165
f 4539 4535 4166
f 4538 4539 4857
f 4170 4539 4166
f 4857 4539 4858
f 4857 4858 4863
f 4863 4858 4543
f 4544 4863 4543
f 4544 4543 4540
f 4544 4540 4172
f 4544 4172 4177
f 4540 4543 4858
f 4540 4858 4539
f 4540 4539 4170
f 4171 4540 4170
f 4540 4171 4172
f 4172 4171 3780
f 3781 4172 3780
f 4172 3781 3782
f 4177 4172 4178
f 4172 3782 4178
f 4178 3782 3787
f 3788 4178 3787
f 4178 3788 4179
f 3787 3782 3783
f 3787 3783 3788
f 3788 3783 3415
f 3788 3415 3416
f 3416 3424 3789
f 3416 3789 3788
f 3789 4180 3788
f 3788 4180 4179
f 4180 4186 4179
f 4179 4186 4551
f 4186 4180 4181
f 4181 4180 3790
f 4180 3789 3790
f 4187 4181 3790
f 4187 3790 3801
f 3802 4187 3801
f 4187 3802 4188
f 3802 3801 3791
f 4187 4188 4553
f 4553 4188 4554
f 4553 4554 4561
f 4553 4561 4560
f 4554 4188 4189
f 4561 4554 4562
f 4562 4554 4555
f 4555 4554 4189
f 4561 4562 4881
f 4880 4561 4881
f 4880 4881 5196
f 5196 5195 4880
f 5530 5196 5537
f 5196 5530 5195
f 5195 5530 5529
f 5530 5537 5529
f 5529 5537 5536
f 5536 5537 5866
f 5195 5194 4880
f 4561 4880 4560
f 4560 4880 4879
f 4560 4879 4873
f 4553 4560 4873
f 4879 4880 5194
f 5195 5529 5194
f 5194 5529 5528
f 5194 5528 5193
f 5528 5527 5193
f 5194 5193 4878
f 5194 4878 4879
f 4879 4872 4873
f 4879 4878 4872
f 5192 5193 5527
f 5527 5528 5858
f 5528 5859 5858
f 5859 5528 5864
f 5864 5528 5529
f 5864 5529 5865
f 5865 5529 5536
f 5858 5859 6213
f 6213 5859 6218
f 6218 5859 5864
f 5857 5858 6212
f 6213 6212 5858
f 6217 6213 6218
f 6219 6218 5865
f 5865 6218 5864
f 5866 6220 6219
f 6219 5865 5866
f 5865 5536 5866
f 4154 4157 4524
f 4157 4154 4158
f 4158 4154 3762
f 4158 3762 3765
f 4161 4158 4162
f 4158 4161 4529
f 4525 4158 4529
f 4525 4529 4524
f 4158 4525 4524
f 4158 4524 4157
f 4524 4528 4846
f 4524 4529 4528
f 4849 4846 4528
f 4528 4529 4849
f 4849 4529 4850
f 3765 3766 4158
f 4162 4158 3766
f 3766 3768 4162
f 3768 3766 3769
f 3769 3766 3397
f 3769 3397 3401
f 3401 3397 3398
f 3768 3769 4162
f 3769 3773 4166
f 3769 4166 4162
f 4165 4162 4166
f 4171 4170 4166
f 4171 4166 4167
f 3780 4171 3774
f 3774 4171 4167
f 4167 4166 3774
f 3774 4166 3773
f 3773 3769 3774
f 3769 3401 3402
f 3402 3401 2985
f 3401 3398 2985
f 3407 3402 3408
f 3408 3402 3403
f 3407 3408 3774
f 3402 3407 3774
f 3402 3774 3769
f 3775 3774 3408
f 3774 3781 3780
f 3781 3774 3775
f 3781 3775 3408
f 3781 3408 3413
f 3409 3408 2997
f 3408 2996 2997
f 2996 3408 2991
f 2992 2997 2991
f 2991 2997 2996
f 2997 2992 2560
f 2992 2991 2560
f 2560 2991 2559
f 2997 2560 2568
f 2560 2561 2568
f 2997 2568 2998
f 2101 2561 2560
f 2554 2555 2560
f 2554 2560 2559
f 2092 2555 2554
f 2554 2559 2991
f 2986 2554 2991
f 2554 2986 2985
f 2986 2991 2985
f 2991 3408 3403
f 2991 3403 3402
f 2991 3402 2990
f 2990 3402 2985
f 2991 2990 2985
f 2554 2985 2553
f 2553 2985 2548
f 2554 2548 2549
f 2554 2091 2092
f 2091 2554 2084
f 2084 2554 2549
f 2091 2084 2092
f 2549 2548 2084
f 2548 2554 2553
f 2084 2548 2083
f 2548 2544 2078
f 2548 2078 2083
f 2083 2078 2079
f 2083 2079 2084
f 2543 2078 2544
f 2544 2548 2543
f 2548 2547 2543
f 2547 2548 2980
f 2980 2548 2981
f 2981 2548 2985
f 2981 2985 2984
f 2981 2984 2980
f 2547 2980 2543
f 2980 2977 2543
f 2977 2980 2976
f 2976 2980 2979
f 2543 2977 2976
f 2542 2543 2976
f 2542 2538 2539
f 2542 2539 2543
f 2538 2542 2972
f 2539 2538 2073
f 2543 2539 2073
f 2073 2074 2078
f 2077 2073 2078
f 2073 2077 2543
f 2543 2077 2078
f 3762 3390 3393
f 3765 3762 3766
f 3762 3393 3394
f 3762 3394 3766
f 3766 3394 3397
f 2985 3398 2984
f 2984 3398 2980
f 3398 3397 3394
f 3398 3394 2980
f 2980 3394 2979
f 2976 2979 3394
f 2542 2976 2972
f 2976 2975 2971
f 2976 2971 2972
f 3390 2976 3394
f 2975 2976 3390
f 2971 2975 3390
f 2971 3390 3387
f 2538 2972 2971
f 2971 2537 2538
f 2534 2538 2533
f 2533 2538 2537
f 2533 2537 2968
f 2968 2537 2971
f 2968 2967 2963
f 2963 2967 2962
f 2963 2962 2529
f 2963 2529 2968
f 2968 2529 2533
f 2534 2533 2529
f 2534 2529 2530
f 2069 2534 2065
f 2065 2534 2530
f 2065 2530 2529
f 2065 2529 2064
f 2529 2526 2060
f 2529 2060 2064
f 2064 2060 2065
f 2065 2060 2061
f 5846 6201 6200
f 5846 6200 5845
f 5512 5846 5511
f 5179 5512 5176
f 5176 5512 5175
f 4544 4177 4545
f 4177 4178 4545
f 6212 6211 5856
f 6212 5856 5857
f 6220 5866 6221
f 5867 5866 5537
f 5867 5537 5538
f 5537 5196 5206
f 5537 5206 5538
f 5206 5196 5197
f 5196 4881 4882
f 5196 4882 5197
f 4882 4881 4562
f 4563 4882 4562
f 4555 4563 4562
f 4555 4189 4190
f 4555 4190 4563
f 4190 4189 3803
f 4190 3803 3804
f 4190 3804 3805
f 4191 4190 3805
f 3804 3803 3792
f 3804 3792 3427
f 3804 3427 3428
f 3804 3428 3793
f 3428 3427 3019
f 3019 3427 3018
f 3019 3018 3010
f 3011 3019 3010
f 3428 3019 3020
f 3429 3428 3020
f 3429 3805 3794
f 3429 3430 3806
f 3805 3429 3806
f 3805 3806 4192
f 3806 3807 4192
f 3020 3430 3429
f 3430 3020 3021
f 3020 3019 3011
f 3021 3020 3012
f 3013 3021 3012
f 2585 3013 3012
f 3012 2584 2585
f 3012 3020 3011
f 3012 3011 2583
f 3012 2583 2584
f 3011 3010 2583
f 2583 2582 2572
f 2583 2572 2573
f 2116 2573 2115
f 2584 2583 2574
f 2574 2583 2573
f 2573 2116 2574
f 2117 2574 2116
f 2116 2115 2106
f 2105 1687 2106
f 2106 2107 2116
f 1687 1686 1679
f 1687 1679 1688
f 1688 1679 1680
f 2106 1687 2107
f 2107 2117 2116
f 2117 2118 2575
f 2117 2575 2574
f 2118 2117 2107
f 2108 2118 2107
f 2118 2108 2119
f 2119 2108 2109
f 2118 2119 2575
f 2575 2119 2576
f 2109 2108 1689
f 1690 2109 1689
f 2109 1690 1682
f 1690 1689 1681
f 1690 1681 1682
f 1682 1681 1668
f 1683 2109 1682
f 2109 1683 2110
f 2110 1683 2096
f 2110 2096 2097
f 2110 2097 2111
f 2097 2098 2111
f 2111 2098 2112
f 2098 2097 1684
f 2098 1684 1672
f 2087 2098 1672
f 1671 1672 1684
f 1672 1673 2087
f 2087 1673 2088
f 2087 2088 2098
f 1673 1672 1660
f 1660 1672 1659
f 2088 2099 2098
f 2557 2556 2099
f 2099 2556 2098
f 2098 2556 2565
f 2565 2556 2566
f 2098 2565 2112
f 2111 2112 2564
f 2112 2565 2564
f 2111 2564 2110
f 2110 2564 2563
f 2563 2564 2578
f 2564 2565 2578
f 2566 2556 2557
f 2567 2566 2557
f 2566 2567 2994
f 2567 2557 2994
f 2994 2557 2987
f 2100 2557 2099
f 2089 2557 2100
f 2100 2099 2088
f 2089 2100 2088
f 2550 2557 2089
f 2557 2550 2551
f 2558 2557 2551
f 2557 2558 2988
f 2557 2988 2987
f 2988 2558 2551
f 2988 2551 2982
f 2090 2550 2089
f 2551 2550 2090
f 2089 2081 2082
f 2089 2082 2090
f 2089 2088 2080
f 2081 2089 2080
f 2080 2088 1660
f 1660 2088 1673
f 2081 2080 1660
f 1660 1651 1661
f 1651 1365 1366
f 1651 1652 1661
f 1652 2075 1661
f 1652 1645 1653
f 1646 1653 1645
f 1645 1652 1651
f 1645 1651 1354
f 1354 1651 1366
f 1645 1354 1355
f 1355 1354 1347
f 1645 1355 1640
f 1640 1355 1347
f 1640 1347 1645
f 1346 1347 1354
f 1354 1366 1353
f 1353 1366 1365
f 1353 1365 1364
f 1353 1364 1352
f 1352 1364 1120
f 1353 1352 1121
f 1353 1121 1110
f 1345 1353 1110
f 1353 1345 1346
f 1354 1353 1346
f 1346 1345 1096
f 1345 1110 1096
f 1339 1096 1097
f 1096 1339 1346
f 1346 1339 1347
f 1339 1340 1347
f 1347 1340 1640
f 1646 1645 1640
f 2068 2072 1646
f 2068 1646 1641
f 1641 1646 1640
f 1641 1640 1637
f 1637 1640 1340
f 1637 1636 2062
f 1637 2062 2063
f 2062 1636 1631
f 2062 1631 2059
f 2063 2068 1637
f 1637 2068 1641
f 2068 2063 2067
f 2067 2063 2062
f 2531 2067 2062
f 2527 2531 2062
f 2527 2062 2523
f 2523 2062 2059
f 1627 2056 2059
f 1631 1627 2059
f 5866 5867 6221
f 5867 5538 5868
f 6221 5867 6222
f 5868 6222 5867
f 6222 5868 5869
f 6223 6222 5869
f 6224 6223 5869
f 5870 6224 5869
f 5869 5868 5540
f 5540 5868 5539
f 5539 5868 5538
f 5538 5206 5539
f 5539 5206 5207
f 5206 5197 5207
f 5207 5197 5198
f 5539 5207 5540
f 5207 5208 5540
f 5207 5198 5208
f 5540 5208 5209
f 5870 5869 5540
f 5870 5540 5541
f 6224 5870 6225
f 6225 5870 5871
f 6226 6225 5872
f 5872 6225 5871
f 5871 5870 5542
f 5541 5540 5209
f 5200 5209 5208
f 5200 5208 5199
f 5200 5199 4884
f 5199 5208 5198
f 4884 5199 5198
f 5198 5197 4883
f 4883 5197 4882
f 4882 4563 4564
f 4882 4564 4883
f 4564 4563 4198
f 4198 4563 4190
f 4564 4198 4199
f 4198 4190 4199
f 4199 4190 4191
f 4199 4191 4564
f 4564 4565 4883
f 4883 4565 4884
f 5198 4883 4884
f 4884 4885 5200
f 4885 4884 4566
f 4566 4884 4565
f 4193 4566 4201
f 4567 4885 4566
f 4885 4567 4886
f 4201 4567 4566
f 4567 4201 4194
f 4194 4201 4193
f 4193 3807 4194
f 4194 3807 3808
f 3807 3806 3430
f 3807 3430 3431
f 3807 3431 3795
f 3808 3807 3796
f 3807 3431 3796
f 3796 3431 3432
f 3808 3796 3432
f 4194 4202 4567
f 4568 4567 4194
f 4194 4195 4568
f 3809 4195 4194
f 4194 3808 3809
f 3809 3808 3797
f 3797 3808 3796
f 4196 4195 3809
f 4195 4556 4568
f 4556 4195 4557
f 4556 4557 4568
f 4569 4568 4557
f 4557 4195 4196
f 4558 4557 4196
f 4557 4874 4888
f 4557 4888 4569
f 4874 4557 4875
f 4875 4557 4558
f 4888 4874 4875
f 4875 4558 4876
f 4876 5189 5205
f 4875 4876 4889
f 4889 4876 5204
f 5204 4876 5205
f 4875 4889 4888
f 4889 5204 4888
f 4888 5204 5203
f 5532 5203 5533
f 4888 5203 4887
f 4887 5203 5202
f 4569 4888 4568
f 4568 4888 4887
f 4886 4568 4887
f 4568 4886 4567
f 4886 4887 5201
f 5201 4887 5202
f 5200 4885 4886
f 5200 4886 5201
f 5210 5200 5201
f 5200 5210 5209
f 5541 5209 5542
f 5542 5209 5210
f 5210 5543 5542
f 5210 5201 5202
f 5210 5211 5543
f 5210 5202 5211
f 5211 5202 5543
f 5202 5203 5531
f 5531 5543 5202
f 5531 5203 5532
f 5543 5531 5532
f 5532 5544 5543
f 5543 5544 5873
f 5544 5532 5860
f 5544 5860 5873
f 5533 5860 5532
f 5861 5860 5533
f 5860 5861 5873
f 5873 5861 5874
f 5861 5533 5862
f 5862 5533 5534
f 5533 5203 5204
f 5533 5204 5205
f 5534 5533 5205
f 5189 5534 5205
f 5534 5189 5521
f 5190 5189 4876
f 5190 4876 4877
f 4877 4876 4559
f 4559 4876 4558
f 4197 4558 4196
f 4197 4196 4183
f 4183 4196 4182
f 4182 4196 3798
f 3798 4196 3809
f 3809 3797 3798
f 3797 3796 3432
f 3433 3797 3432
f 3021 3431 3430
f 3022 3431 3021
f 3431 3022 3432
f 3432 3022 3023
f 3023 3022 3015
f 3015 3022 3014
f 3432 3023 3015
f 3432 3015 3419
f 3432 3419 3433
f 3433 3420 3421
f 3433 3421 3434
f 3433 3434 3798
f 3433 3798 3797
f 3798 3799 4182
f 4183 4182 3799
f 4183 3799 4184
f 4184 3799 3800
f 4197 4183 4184
f 4559 4197 4184
f 4197 4559 4558
f 4559 4184 4547
f 4184 3800 3785
f 4173 4184 3785
f 3800 3799 3785
f 3785 3799 3784
f 3785 3784 3422
f 3785 3422 3423
f 3422 3784 3799
f 3422 3799 3421
f 3421 3799 3798
f 3421 3798 3434
f 3420 3433 3419
f 3420 3419 3015
f 3421 3420 3017
f 3016 3420 3015
f 3420 3016 3017
f 3017 3003 3421
f 3421 3003 3410
f 3421 3410 3422
f 3410 3423 3422
f 3423 3410 3411
f 3785 3423 3411
f 3785 3411 3776
f 4173 3785 4174
f 4173 4174 4184
f 3785 3786 4174
f 4184 4174 4185
f 4184 4185 4547
f 4547 4185 4548
f 4174 4548 4185
f 4548 4174 4541
f 4548 4541 4549
f 4541 4174 4175
f 4548 4549 4867
f 4548 4867 4866
f 4549 4541 4859
f 4549 4859 4867
f 4867 4859 4860
f 4859 4541 4860
f 4541 4542 4860
f 4542 4541 4175
f 4542 4175 4176
f 4174 3786 4175
f 3778 4175 3786
f 4168 4175 3778
f 3778 3786 3777
f 4175 4168 4169
f 4175 4169 4176
f 4176 4169 4542
f 4542 4169 4536
f 4537 4536 4169
f 4169 3771 4163
f 4169 4168 3778
f 4169 3778 3771
f 3777 3786 3776
f 3776 3786 3785
f 3777 3776 3411
f 3412 3777 3411
f 3411 3410 3004
f 3005 3411 3004
f 3005 3004 2994
f 2994 3004 2993
f 2993 2566 2994
f 2566 2993 3004
f 2565 2566 2579
f 2579 2566 3004
f 2579 3004 3003
f 2565 2579 2578
f 2578 2579 3003
f 2578 3003 3002
f 3003 3017 3016
f 3003 3016 3002
f 2578 2577 2563
f 2563 2577 2110
f 2109 2110 2119
f 2110 2120 2119
f 2120 2110 2577
f 2119 2120 2577
f 2119 2577 2576
f 2576 2577 2586
f 2585 2576 2586
f 2575 2576 2585
f 2575 2585 2574
f 2574 2585 2584
f 4551 4550 4546
f 4546 4550 4545
f 4545 4178 4179
f 4546 4545 4179
f 4546 4179 4551
f 4552 4551 4186
f 4551 4552 4872
f 4187 4186 4181
f 4553 4552 4186
f 4553 4186 4187
f 4553 4873 4872
f 4553 4872 4552
f 3782 3781 3413
f 3783 3782 3414
f 3783 3414 3415
f 3414 3782 3413
f 3413 3408 3409
f 3414 3413 3409
f 2997 2998 3409
f 3414 3409 3415
f 3415 3409 2998
f 3415 2998 3006
f 3415 3007 3416
f 3006 3007 3415
f 3006 2998 3007
f 2998 2999 3007
f 3416 3007 3008
f 3416 3417 3424
f 3417 3416 3008
f 3424 3417 3425
f 3424 3425 3790
f 3425 3426 3790
f 3791 3790 3426
f 3427 3792 3791
f 3427 3791 3426
f 3792 3802 3791
f 3792 3803 3802
f 3802 3803 4189
f 3802 4189 4188
f 3801 3790 3791
f 3790 3789 3424
f 3429 3805 3793
f 3793 3805 3804
f 3429 3793 3428
f 4191 3805 4192
f 4192 4200 4191
f 4191 4200 4565
f 4191 4565 4564
f 4565 4200 4192
f 4566 4565 4201
f 4201 4565 4192
f 4201 4192 4193
f 4193 4192 3807
f 3361 3358 2942
f 2942 3358 2938
f 2942 2938 2943
f 2943 2938 2939
f 2943 2939 2508
f 2943 2508 2513
f 2942 2943 3361
f 3364 2943 2947
f 2943 3364 3361
f 1311 1306 1307
f 1311 1307 1312
f 1055 1312 1307
f 1055 1307 1048
f 1056 1057 1062
f 1057 1063 1062
f 887 740 889
f 742 889 740
f 577 742 740
f 577 740 574
f 889 891 1070
f 889 1070 1063
f 1063 1070 1069
f 891 893 1070
f 891 744 893
f 891 889 744
f 744 889 742
f 581 744 742
f 581 742 577
f 577 578 581
f 582 406 586
f 582 586 581
f 581 586 585
f 750 586 591
f 747 586 750
f 585 586 746
f 586 747 746
f 581 585 744
f 744 585 746
f 744 746 893
f 893 746 747
f 894 893 747
f 894 747 750
f 894 750 897
f 750 591 592
f 750 592 753
f 592 591 586
f 592 586 587
f 592 597 753
f 753 752 750
f 899 752 753
f 897 750 752
f 897 752 899
f 897 899 1090
f 753 597 598
f 754 753 598
f 753 754 900
f 753 900 899
f 900 754 904
f 904 754 758
f 899 900 1092
f 1092 900 1102
f 899 1091 1090
f 1090 1091 1100
f 1101 1100 1091
f 1100 1089 1090
f 1089 1100 1099
f 1090 1083 897
f 1090 1089 1082
f 1090 1082 1083
f 1089 1088 1082
f 1082 1088 1081
f 1082 1081 1075
f 1076 1082 1075
f 893 1082 1076
f 1083 1082 893
f 893 1076 1070
f 1070 1076 1069
f 1069 1076 1075
f 1069 1075 1074
f 1069 1074 1068
f 1069 1068 1063
f 1068 1062 1063
f 1307 1302 1303
f 1306 1302 1307
f 1307 1303 1048
f 1048 1049 1055
f 1056 1055 1049
f 1049 1048 1041
f 1041 1048 1303
f 1049 1041 1042
f 2052 2055 2054
f 2052 2054 2051
f 2054 2055 2518
f 2054 2518 2051
f 2051 2518 2514
f 2052 1620 2055
f 1620 1621 1624
f 1620 1624 2055
f 1624 1621 1625
f 2055 1624 1625
f 2055 1625 1629
f 1638 1634 1639
f 1639 1634 1635
f 1639 1635 1336
f 1337 1332 1080
f 1337 1080 1087
f 1337 1087 1088
f 1087 1080 1081
f 1087 1081 1088
f 1337 1088 1338
f 1337 1338 1343
f 1338 1088 1343
f 1088 1098 1343
f 1088 1089 1099
f 1088 1099 1098
f 1098 1099 1343
f 1100 1101 1112
f 1112 1101 1113
f 1122 1113 1114
f 1122 1114 1123
f 1359 1122 1123
f 1113 1122 1112
f 1122 1359 1358
f 1122 1358 1112
f 1359 1123 1360
f 1359 1360 1370
f 1359 1370 1369
f 1123 1114 1115
f 1123 1115 1124
f 1123 1124 1371
f 1123 1371 1360
f 1360 1371 1370
f 1371 1372 1382
f 1382 1372 1383
f 1382 1383 1679
f 1382 1679 1678
f 1382 1678 1667
f 1382 1667 1666
f 1381 1382 1666
f 1666 1667 1678
f 1666 1678 1677
f 1382 1381 1370
f 1382 1370 1371
f 1370 1381 1380
f 1370 1380 1369
f 1369 1380 1368
f 1380 1381 1665
f 1665 1381 1666
f 1380 1379 1368
f 1379 1380 1664
f 1664 1380 1665
f 1665 1666 1677
f 1676 1665 1677
f 1678 1679 1686
f 1687 2105 1686
f 2105 2104 1686
f 1678 1686 1685
f 1678 1685 1677
f 1685 1686 2104
f 1676 1677 1685
f 1665 1676 1664
f 1676 1675 1664
f 1379 1664 1368
f 1664 1657 1368
f 1657 1664 1663
f 1663 1664 1674
f 1664 1675 1674
f 1675 1676 2094
f 2094 1676 2095
f 2095 2103 2094
f 2095 1676 2103
f 2102 2094 2103
f 2562 2102 2103
f 2102 2101 2094
f 2094 2101 2093
f 2561 2101 2102
f 2561 2102 2562
f 2998 2568 2569
f 2998 2569 2999
f 2568 2561 2562
f 2568 2562 2569
f 3007 2999 3000
f 3000 2999 2569
f 3008 3007 3000
f 3000 2569 2570
f 3000 2570 3008
f 3008 2570 2580
f 3425 3417 3426
f 3009 3417 3008
f 3417 3009 3426
f 3426 3009 3418
f 3426 3009 3010
f 3426 3010 3427
f 3018 3427 3010
f 3009 2581 3010
f 3010 2581 2582
f 2582 2581 2571
f 3010 2582 2583
f 2573 2572 2115
f 2572 2582 2571
f 2106 2115 2105
f 2105 2115 2114
f 2105 2114 2104
f 1685 2104 2103
f 1685 2103 1676
f 2113 2103 2104
f 2113 2104 2114
f 2113 2114 2571
f 2115 2572 2571
f 2114 2115 2571
f 2570 2571 2581
f 2570 2581 2580
f 2580 2581 3008
f 2581 3009 3008
f 2571 2570 2113
f 2103 2113 2570
f 2103 2570 2562
f 2562 2570 2569
f 384 392 571
f 570 571 574
f 574 571 575
f 400 409 408
f 408 409 418
f 418 409 419
f 409 410 419
f 419 428 418
f 428 427 418
f 427 428 433
f 428 434 433
f 599 433 434
f 434 600 599
f 599 600 605
f 605 600 606
f 759 605 606
f 759 606 760
f 760 906 759
f 906 905 759
f 759 905 758
f 758 905 904
f 900 904 1102
f 1102 904 905
f 1102 905 1103
f 905 906 1103
f 1103 906 1104
f 1103 1104 1116
f 1103 1116 1115
f 1103 1115 1102
f 1102 1115 1114
f 1115 1125 1124
f 1124 1125 1130
f 1124 1130 1371
f 1130 1125 1372
f 1130 1372 1371
f 1074 1075 1081
f 1080 1074 1081
f 893 894 1083
f 897 1083 894
f 586 406 416
f 416 406 407
f 586 416 587
f 587 416 592
f 592 416 425
f 592 593 598
f 592 598 597
f 593 592 425
f 426 598 593
f 599 598 426
f 426 593 425
f 426 425 416
f 426 416 417
f 426 427 599
f 599 427 433
f 599 605 598
f 605 759 758
f 605 758 598
f 598 758 754
f 434 428 429
f 434 429 435
f 434 435 600
f 435 601 600
f 760 761 907
f 906 760 907
f 1116 1104 1117
f 1117 1104 1105
f 1116 1125 1115
f 1125 1116 1126
f 1116 1117 1126
f 1117 1105 1118
f 907 1105 1104
f 907 1104 906
f 907 908 1106
f 907 1106 1105
f 1105 1106 1118
f 1118 1106 1107
f 1118 1107 1119
f 1107 1106 908
f 1107 908 909
f 1128 1119 1129
f 1126 1117 1118
f 1118 1127 1126
f 1127 1118 1119
f 1127 1119 1128
f 1128 1362 1375
f 1127 1128 1375
f 1127 1375 1361
f 1361 1375 1374
f 1361 1374 1127
f 1126 1127 1374
f 1132 1126 1373
f 1373 1126 1374
f 1384 1373 1385
f 1385 1373 1374
f 1374 1375 1385
f 1385 1375 1386
f 1362 1363 1375
f 1363 1362 1128
f 1376 1375 1363
f 1377 1376 1363
f 1364 1377 1363
f 1364 1365 1377
f 1377 1365 1378
f 1364 1363 1120
f 1120 1363 1129
f 1119 1120 1129
f 1363 1362 1129
f 1128 1129 1362
f 417 407 408
f 407 417 416
f 427 426 417
f 418 427 417
f 417 408 418
f 3387 3386 2971
f 3387 3390 3386
f 3386 3390 3389
f 3393 3390 3394
f 1342 1349 1348
f 1342 1343 1349
f 1344 1343 1099
f 1343 1344 1350
f 1343 1350 1349
f 1344 1099 1350
f 1099 1111 1350
f 1356 1349 1350
f 1356 1357 1655
f 1357 1356 1350
f 1357 1358 1368
f 1357 1368 1367
f 1358 1357 1350
f 1351 1358 1350
f 1359 1369 1358
f 1358 1369 1368
f 1368 1657 1656
f 1367 1368 1656
f 1656 1657 1663
f 1663 1674 2093
f 2086 1663 2093
f 1663 2086 2085
f 1663 2085 1662
f 1663 1662 1656
f 1656 1662 1655
f 1656 1655 1357
f 1656 1357 1367
f 2092 2085 2086
f 2092 2086 2093
f 2085 2092 2084
f 2555 2092 2560
f 2560 2092 2093
f 2560 2093 2101
f 2093 1674 1675
f 2094 2093 1675
f 1351 1350 1112
f 1112 1350 1111
f 1358 1351 1112
f 1112 1111 1099
f 1112 1099 1100
f 1372 1125 1131
f 1372 1373 1383
f 1384 1383 1373
f 1373 1372 1131
f 1373 1131 1132
f 1132 1131 1125
f 1132 1125 1126
f 1680 1679 1383
f 1680 1383 1384
f 1680 1384 1681
f 1681 1384 1385
f 1681 1689 1680
f 1680 1689 1688
f 1687 1688 2107
f 2107 1688 1689
f 1689 2108 2107
f 1091 899 1092
f 1091 1092 1102
f 1101 1091 1102
f 1102 1114 1113
f 1102 1113 1101
f 6707 6932 6709
f 6709 6467 6707
f 6711 6709 6934
f 6465 6707 6467
f 6467 6469 6154
f 6156 6154 6469
f 6156 5802 6154
f 6154 5802 5800
f 6154 6152 6467
f 6465 6467 6152
f 6154 5800 5798
f 6152 6154 5798
f 6152 5798 5797
f 5457 5797 5459
f 5797 5798 5800
f 5797 5800 5459
f 5804 5806 5469
f 5804 5469 5466
f 5469 5134 5466
f 5466 5134 5131
f 5466 5131 5465
f 5465 5131 5462
f 5462 5131 5128
f 5131 5134 4815
f 5134 4818 4815
f 4818 4817 4493
f 4493 4817 4496
f 4496 4817 4818
f 4496 4818 4821
f 5131 4815 5128
f 5128 4815 4813
f 5125 5128 4813
f 4813 4815 4489
f 4489 4815 4491
f 4812 4813 4489
f 4813 4812 4809
f 4809 4812 4489
f 4810 4813 4809
f 4809 4489 4487
f 4809 4487 4806
f 4809 4806 4810
f 4810 4806 4807
f 4813 4810 5125
f 5122 4810 4807
f 5125 4810 5122
f 5125 5122 5457
f 5125 5457 5459
f 5128 5125 5459
f 5128 5459 5462
f 5459 5800 5460
f 5460 5800 5463
f 5460 5463 5459
f 5463 5800 5802
f 5459 5463 5462
f 5463 5802 5466
f 5802 5804 5466
f 5463 5466 5465
f 5462 5463 5465
f 5471 5475 5140
f 5471 5140 5137
f 5142 5479 5481
f 5479 5812 5481
f 5481 5812 5816
f 5481 5816 5818
f 6168 6172 5818
f 6168 5818 5816
f 5818 5484 5481
f 5145 5481 5484
f 5484 5149 5145
f 5149 5484 5148
f 5145 5149 5148
f 5148 5144 5145
f 5144 5148 4831
f 5481 5145 5142
f 5145 5144 4831
f 5145 4831 5142
f 4831 4827 5142
f 4834 4831 5148
f 4510 4834 4509
f 4831 4834 4510
f 4831 4510 4505
f 4505 4510 4504
f 4504 4510 4509
f 4504 4509 4145
f 4145 4509 4144
f 4508 4144 4509
f 4149 4144 4513
f 4513 4144 4508
f 4513 4508 4514
f 4508 4509 4514
f 4833 4509 4834
f 4834 4838 4833
f 4833 4838 4837
f 4833 4837 4509
f 4509 4837 4514
f 4837 4838 5152
f 4837 5152 5151
f 5152 4838 4834
f 5152 4834 5148
f 5151 5156 4837
f 5152 5487 5491
f 5825 5491 5487
f 5487 5821 5825
f 5825 5824 5490
f 5825 5490 5491
f 5829 5824 6179
f 5824 5825 6179
f 6179 6175 6492
f 6175 6488 6487
f 6175 6487 6492
f 6492 6487 6488
f 5140 5142 4828
f 5140 4828 4824
f 4824 4828 4827
f 5142 4827 4828
f 4827 4831 4505
f 4827 4505 4502
f 4131 4493 4496
f 4493 4131 4128
f 4131 4134 4130
f 4130 4134 4133
f 3734 4130 4133
f 3734 4133 3738
f 6729 6958 6733
f 6729 6733 6488
f 6492 6488 6733
f 6492 6733 6736
f 6492 6736 6495
f 6494 6495 6736
f 6736 6735 6494
f 6494 6735 6739
f 6498 6494 6739
f 6498 6739 6742
f 6742 6743 6502
f 6498 6742 6501
f 6501 6742 6502
f 4837 4513 4514
f 4518 4513 4840
f 4840 4513 4837
f 4840 4837 4841
f 5159 4844 4840
f 5155 5159 4840
f 5159 5155 5156
f 5155 4840 5156
f 4840 4841 5156
f 5156 4841 4837
f 3750 3755 3754
f 3750 3754 3749
f 3749 3754 3384
f 3750 3749 3384
f 3750 3384 3385
f 3750 3385 3380
f 3744 3750 3380
f 3750 3744 3745
f 3745 3744 3380
f 3745 3380 3376
f 3745 3376 3740
f 3375 3376 3380
f 3376 3375 3371
f 3380 3385 3384
f 3379 3380 3384
f 3388 3384 3754
f 3759 3754 3760
f 3754 3755 3760
f 3388 3754 3391
f 3391 2978 3388
f 2974 3388 2978
f 3391 3395 2983
f 3391 2983 2978
f 3395 3396 3400
f 3395 3400 3399
f 3395 3396 3763
f 3763 3396 3392
f 3392 3396 3395
f 3392 3395 3391
f 4156 3763 3764
f 4155 3763 4156
f 3767 3763 4159
f 4159 3763 4155
f 3396 3763 3400
f 3400 3763 3767
f 3395 3399 2983
f 2983 3399 2989
f 2989 2988 2982
f 2983 2989 2982
f 2983 2982 2551
f 2552 2983 2551
f 2552 2551 2545
f 2546 2552 2545
f 2552 2546 2978
f 2978 2974 2973
f 2974 2978 2541
f 2541 2978 2546
f 2541 2540 2974
f 2974 2540 2973
f 3384 3388 3383
f 3383 3388 2974
f 3383 2974 2969
f 2969 2974 2973
f 2969 2973 2540
f 2536 2969 2540
f 2536 2535 2532
f 2532 2535 2531
f 2535 2536 2531
f 2531 2536 2072
f 2067 2531 2072
f 2067 2072 2068
f 2072 2536 2076
f 2076 2536 2540
f 2072 2076 1646
f 1646 2076 1653
f 1653 2076 1652
f 1652 2076 2075
f 2081 2075 2076
f 2541 2546 2545
f 2541 2545 2082
f 2540 2541 2076
f 2076 2541 2082
f 2545 2551 2082
f 2551 2090 2082
f 2082 2081 2076
f 2075 2081 1661
f 1661 2081 1660
f 4852 4848 5164
f 5164 5168 4852
f 5172 4851 5167
f 4851 5172 4855
f 4537 4855 4536
f 4536 4855 4860
f 4536 4860 4542
f 4860 4855 4861
f 4860 4861 5178
f 5177 4860 5178
f 5178 4861 4855
f 5172 5178 4855
f 5184 5178 5516
f 5516 5178 5510
f 5178 5184 5183
f 5184 5516 5183
f 5516 5515 5183
f 5516 5510 5849
f 5849 5510 5844
f 6203 5849 6198
f 5849 5844 6198
f 6194 6193 5839
f 6194 5839 5840
f 5839 6193 6198
f 5839 6198 5844
f 5506 5839 5510
f 5510 5839 5844
f 5510 5178 5172
f 5506 5510 5172
f 5840 5839 5506
f 5840 5506 5507
f 5840 5507 5502
f 5840 5502 5835
f 5835 5502 5503
f 5502 5507 5168
f 5507 5506 5172
f 5168 5507 5173
f 5173 5507 5172
f 5168 5173 5172
f 5168 5172 5167
f 4155 4156 4160
f 4155 4160 4159
f 3767 4159 3771
f 3771 4159 4163
f 3767 3771 3400
f 3400 3771 3399
f 3399 3771 3770
f 3770 3406 3399
f 3399 3406 3405
f 3399 3405 2989
f 2989 3405 2995
f 2989 2995 2988
f 3405 3406 3412
f 3406 3777 3412
f 3777 3406 3778
f 3778 3406 3770
f 3779 3778 3770
f 3778 3779 3771
f 3771 3779 3770
f 4164 4163 3771
f 4163 4164 3772
f 3772 4164 3771
f 4163 3772 3771
f 6227 6226 5873
f 6226 5872 5873
f 5542 5872 5871
f 5543 5872 5542
f 5872 5543 5873
f 5541 5542 5870
f 6214 6228 6227
f 5873 5874 6227
f 6227 5874 6214
f 5874 5861 6214
f 6215 6214 5861
f 6215 5861 5862
f 6215 5862 6216
f 5862 5863 6216
f 5862 5534 5535
f 5863 5862 5535
f 5853 5863 5535
f 5535 5522 5853
f 5522 5535 5534
f 5522 5534 5521
f 5522 5521 5190
f 5190 5521 5189
f 5190 5191 5523
f 5190 5523 5522
f 5853 5522 5854
f 5854 5522 5523
f 5853 5854 6208
f 6208 6207 6216
f 6208 6216 5853
f 5853 6216 5863
f 6209 6208 5855
f 5855 6208 5854
f 6202 6209 5855
f 6209 6202 6203
f 6202 5855 5848
f 6203 6202 5848
f 6203 5848 5849
f 5855 5854 5524
f 5849 5848 5515
f 5849 5515 5516
f 5515 5848 5524
f 5524 5848 5855
f 5524 5523 5515
f 5515 5524 5514
f 5514 5524 5523
f 5183 5177 5178
f 5177 5183 4860
f 4860 5183 4868
f 4860 4868 4867
f 4867 4868 5182
f 4867 5182 5183
f 5183 5182 4868
f 5182 5183 5515
f 5182 5515 5523
f 5523 5515 5514
f 5182 5523 5191
f 5182 5191 4867
f 4867 5191 4877
f 4877 5191 5190
f 4867 4877 4866
f 4877 4548 4866
f 4548 4877 4559
f 4547 4548 4559
f 6194 5840 5841
f 6194 5841 6195
f 6195 5841 5836
f 5841 5840 5836
f 5836 5840 5835
f 5836 5835 5503
f 5836 6189 6195
f 6511 6751 6512
f 6512 6199 6198
f 6512 6198 6511
f 6511 6198 6505
f 6505 6198 6193
f 6760 6770 6530
f 6529 6770 6769
f 6770 6529 6530
f 6529 6520 6530
f 6520 6529 6208
f 6208 6529 6207
f 6207 6529 6216
f 5854 5523 5524
f 3411 3405 3412
f 3405 3411 3404
f 3411 2994 3404
f 2994 3405 3404
f 3405 2994 2995
f 2994 3411 3005
f 2994 2987 2995
f 2995 2987 2988
f 1078 1071 1079
f 1079 1071 1072
f 1065 1072 1064
f 1064 1072 1071
f 1079 1072 1327
f 1327 1072 1322
f 1327 1322 1328
f 1328 1322 1323
f 1323 1322 1072
f 896 1078 1077
f 896 1077 895
f 895 896 898
f 895 898 748
f 748 898 751
f 895 1077 898
f 2506 2507 2511
f 2511 2507 2512
f 2512 2507 2940
f 2940 2507 2936
f 2512 2940 2511
f 2511 2940 2945
f 2511 2945 2516
f 2945 2946 2949
f 2949 2946 2950
f 2944 2945 2949
f 2944 2949 2948
f 2949 2950 2955
f 2949 2955 2954
f 3370 2955 2950
f 3370 2950 3366
f 2945 2940 2946
f 2946 2940 2941
f 2941 2940 2936
f 2520 2948 2953
f 2948 2949 2953
f 2949 2954 2953
f 2954 2955 2960
f 2960 2954 3375
f 3375 2954 2955
f 3375 2955 3370
f 2960 3375 3374
f 3370 3371 3375
f 3375 3380 3374
f 3374 3380 3379
f 3374 3379 2960
f 2960 3379 2966
f 2954 2960 2953
f 2953 2960 2959
f 2960 2966 2965
f 2959 2960 2965
f 2520 2953 2524
f 2520 2524 2519
f 2519 2524 2523
f 2519 2523 2059
f 2519 2059 2056
f 2953 2523 2524
f 2953 2959 2523
f 2523 2959 2527
f 2527 2959 2958
f 2527 2958 2531
f 2531 2958 2964
f 2964 2958 2959
f 2964 2965 2531
f 2964 2959 2965
f 2965 2532 2531
f 2536 2532 2965
f 2536 2965 2969
f 2969 2965 3383
f 2965 3379 3383
f 2965 2966 3379
f 3379 3384 3383
f 2056 2515 2519
f 1387 1386 1375
f 1387 1375 1376
f 1377 1658 1376
f 1376 1670 1387
f 1670 1376 1671
f 1671 1376 1658
f 1386 1387 1670
f 1386 1670 1669
f 1669 1682 1668
f 1682 1669 1670
f 1682 1670 1683
f 1683 1670 1671
f 2097 2096 1683
f 1683 1684 2097
f 1684 1683 1671
f 1672 1671 1659
f 1659 1671 1658
f 1658 1377 1659
f 1377 1378 1659
f 1659 1378 1365
f 1659 1365 1650
f 1650 1365 1651
f 1659 1650 1651
f 1659 1651 1660
f 1385 1668 1681
f 1668 1385 1669
f 1385 1386 1669
f 3014 3021 3013
f 3021 3014 3022
f 3014 3013 2585
f 3014 2585 2586
f 2586 3015 3014
f 3016 3015 3002
f 2587 3015 2586
f 2587 2586 2577
f 2587 2577 3015
f 3015 2577 3001
f 3015 3001 3002
f 3001 2577 3002
f 3002 2577 2578
f 2983 2552 2978
f 3004 3410 3003
